嚜踹???蝮?????桀??,??,?輸?嗅捆???啣?,蝬漲,蝺臬漲,?輸?嗅捆???迂,???嗅捆??,???嗅捆鈭箸,?拍?賢拿憿,蝞∠?鈭箏???蝞∠?鈭粹閰?摰文,摰文?,?拙??輸撘梯?蝵?
1,?啁姘蝮?,,121.073,24.386,鈭陸瘣餃?銝剖?,憭折??????撅望??姘??,110,"瘞渡,?,?瘚?,撘萄?,03-5851001,??????
2,??蝮??撊潮?,?????望?24??118.248571,24.428328,??蝮??撊潮????齒?祈?,????30,"瘞渡,?,?瘚?瘚瑕",????082-364503,??????
3,?啁姘蝮????,????9?啣之??1-5??121.0561,24.6725,???????典?憭冗?瘣餃?銝剖?,?????芣?,20,"瘞渡,?,?瘚?,?眼??03-5805355,??????
4,??蝮???菟?,撠???⊿???蝣?119.47,24.98,????菜?瘣餃?銝剖?,撠??20,,??頛?82666056,??????
5,??蝮???菟?,憭批??1??119.453178,24.988739,??蝮???菟??祆?憭批輒,??之?菜?,30,,??敶?0826-66056,??????
6,獢?撣儔??,???6??2-1??121.406238,24.814018,?蝷曉?瘣餃?銝剖?,???36,"瘞渡,?,?瘚?瘚瑕",??蝘,03-3821500#124,??????
7,獢?撣儔??,瞉支???14?唬葉甇?楝168銋???121.351987,24.820601,瞉支??齒?祈?,瞉支???40,"瘞渡,?,?瘚?瘚瑕",??蝘,03-3821500#124,??????
8,獢?撣儔??,憟???3?啁?擐祈楝3畾?55??121.334302,24.797047,憟??暑?葉敹?憟???50,"瘞渡,?,?瘚?瘚瑕",??蝘,03-3821500#124,??????
9,獢?撣儔??,擃儔??6??8??121.354462,24.706112,擃儔??,擃儔??61,"瘞渡,?,?瘚?瘚瑕",??蝘,03-3821500#124,??????
10,???蝮????,憭批??57-1??119.977206,25.956666,?梯??犖瘣餃?銝剖?,憭批??0,,?嫣誑璅?0836-8914621,??????
11,???蝮????,蝳迤??1??119.985351,25.961848,蝳迤憸冽蝞∠???蝳迤??0,,?寥陶??0836-89338,??????
12,???蝮????,镼踹??????典?頠?摨瑚葉敹?119.932125,25.97828,????典?頠?摨瑚葉敹?镼踹??0,,?望偶???桀?,0836-89217,??????
13,???蝮????,?唳???52??119.944922,25.972438,?唳??犖瘣餃?銝剖?,?唳???0,,?嫣誑璅?0836-89146,??????
14,???蝮????,????1??119.933712,25.969995,???犖瘣餃?銝剖?,????150,,?嫣誑璅?0836-89416,??????
15,???蝮????,????18??119.933934,25.970819,?祆??葉撠旨??????200,,?喟?戭?0836-88254,??????
16,???蝮????,憭批??4??119.97711,25.957484,?梯???蝬??恕,憭批??200,,??摰?0836-89043203,??????
17,獢?撣撅?,?喟????梯?頝臭?畾?68??121.051297,26,?喟?蝷曉?瘣餃?銝剖?,?喟???50,"瘞渡,?",瘙?,4778168,??????
18,獢?撣??喳?,銝之??8?啣之皝楝銝畾?10??121.147333,24.978234,銝之蝷曉?瘣餃?銝剖?,銝之??皞????芣?,0,,擳???919103049,??????
19,獢?撣??喳?,甇血???4?唳郎憡?頝?0??121.073317,25.028242,甇血?蝷曉?瘣餃?銝剖?,甇血?????????,0,,撱???972196113,??????
20,獢?撣??喳?,憛??4?啣??唾楝116??121.154708,25.049298,憛蝷曉?瘣餃?銝剖?,憛?誨蝳?????,0,,??銋?932948680,??????
21,獢?撣??喳?,撱????蝳控頝臭?畾?03撌???121.153383,25.019018,撱??蝷曉?瘣餃?銝剖?,撱????⊥???瞍舀?,0,,?喟?曈?4983945,??????
22,獢?撣??喳?,????啁?頝?462??121.142939,25.045941,?摩??撠飛,?摩?邦??????,100,,蝢?鞎?4830160#51,??????
23,獢?撣??喳?,銝之??8?啣之皝楝銝畾?40??121.146755,24.979129,銝之??撠飛,銝之??皞????芣?,100,,撘萇???4901174#510,??????
24,獢?撣??喳?,撏??撏??97銋???121.162676,24.999596,撏??撠飛,撏?之????憭扳?,100,,?單???4981286#51,??????
25,獢?撣??喳?,撖???憭扯?頝臭?畾?66??121.1285,25.062195,撖???撠飛,撖??誨????瞍舀?,100,,????4839049#51,??????
26,獢?撣??喳?,璅寞???閫?喲?璅寞???楝鈭挾????121.128468,25.062176,璅寞???撠飛,璅寞???瞍舀?????,100,,撘菟???4830414#51,??????
27,獢?撣??喳?,閫?喲?,閫?啗楝56??121.083597,25.028281,閫?喳??祆?蝬?皞葉敹?閫?單??????郎憡?,0,,閮梯?撜?925629102,??????
28,?箸蝮??勗?,,??雿蔭????,119.752122,27,蝛箄?蝚?37?啗??圈洛璈???箸蝮??唳摰?329,,?底?拙???089-223911-872103,??????
29,擃?撣??桀?,蝡嫣葉??撱?正頝?7??120.32,22.615,擃?撣??桀????撠飛,?典?蝬?隤踹漲,300,"瘞渡,?,?瘚?瘚瑕",蝮賢?蝯?7222846,??????
30,?箸蝮?之甇阡?,憭扳郎??瘞?銵?撌?9??120.905497,22.365009,憭扳郎??,?嗅捆憭折野??-6?堆?15-16??350,"瘞渡,?,?瘚?瘚瑕",?喃蔗??089-791826,??????
31,??蝮?隞賢?,撠???撠?頝?05??120.894048,24.64686,撠控???,撠控??銝??誨??,200,"瘞渡,?,?瘚?瘚瑕",?暑??037-624474#29,??????
32,擃?撣?皜臬?,曈單???曈單?頝?07??120.343,22.527,擃?撣?皜臬?曈單???撠飛,曈單??陶皞?300,"瘞渡,?,?瘚?瘚瑕",?喳?鈭?8712367嚗?10,??????
33,獢?撣撅?,敺????梁?頝臭?畾?15??121.011554,26.870923,敺?蝷曉?瘣餃?銝剖?,敺???50,"瘞渡,?",瘙?,4778168,??????
34,獢?撣撅?,????4?啣?鈭?25??121.065984,26.87753,??蝷曉?瘣餃?銝剖?,????50,"瘞渡,?",瘙?,4778168,??????
35,獢?撣撅?,蝷曉???7??銋???121.085281,26.886062,蝷曉?蝷曉?瘣餃?銝剖?,蝷曉???50,瘞渡,瘙?,4778168,??????
36,獢?撣撅?,?剜散???∪?頝?8??121.130215,26.888575,?剜散蝷曉?瘣餃?銝剖?,?剜散??50,"瘞渡,?",瘙?,4778168,??????
37,獢?撣撅?,瘛勗??4??0銋???121.007673,26.890879,瘛勗蝷曉?瘣餃?銝剖?,瘛勗??50,"瘞渡,?",瘙?,4778168,??????
38,獢?撣撅?,?望???3????121.078766,26.894742,?望?蝷曉?瘣餃?銝剖?,?望???50,"瘞渡,?",瘙?,4778168,??????
39,獢?撣撅?,銋????瑞孕頝?098??121.117328,26.896771,銋?蝷曉?瘣餃?銝剖?,銋???50,"瘞渡,?",瘙?,4778168,??????
40,獢?撣撅?,?璁?,8????121.06181,26.898658,?璁冗?瘣餃?銝剖?,?璁?,50,"瘞渡,?",瘙?,4778168,??????
41,獢?撣撅?,銝??4?唬葉撅梯正頝?畾?80??121.054326,26.908939,銝蝷曉?瘣餃?銝剖?,銝??50,"瘞渡,?",瘙?,4778168,??????
42,獢?撣撅?,瘞詨???13?唬??楝55??121.02689,26.915734,瘞詨?蝷曉?瘣餃?銝剖?,瘞詨???50,"瘞渡,?",瘙?,4778168,??????
43,獢?撣撅?,?喟???銝?頝臭?畾?76??121.079829,26.921813,?喟?蝷曉?瘣餃?銝剖?,?喟???50,"瘞渡,?",瘙?,4778168,??????
44,獢?撣撅?,瘞貉???瘞豢銝頝?73??121.031521,26.92647,瘞貉?蝷曉?瘣餃?銝剖?,瘞貉???50,"瘞渡,?",瘙?,4778168,??????
45,撅蝮??粹?,憭扳郎??2?啣?撅勗毽7??120.754782,22.757534,憭扳郎蝷曉?瘣餃?銝剖?,憭扳郎??30,"瘞渡,?瘚?,甇?憭?932451102,??????
46,?梯蝮????,?像???像112??121.748879,24.308073,?像??,?葉?刻,250,"瘞渡,?瘚?,?⊿???03-868113,??????
47,撅蝮?摰園?,雿喟儔??瘜啣像撌?1??120.630874,22.653475,雿喟儔蝷曉?瘣餃?銝剖?,雿喟儔??0,"瘞渡,?瘚?,??隞?08-7990209,??????
48,敶啣?蝮???,銝剜??撅梯頝臭?畾?85撌?0??120.599689,23.971414,銝剜蝷曉?瘣餃?銝剖?,撏????航????????箸偌??皝偌??憭批陸???株???瘚桀??镼踵?????銝剜???勗?????2??30,"瘞渡,?瘚?瘚瑕",暺?鋆?8347171,??????
49,敶啣?蝮???,銝????脰頝?03??120.574848,23.961057,撏祕擃極擃擗?銝剜迤???像??敹???隞???銝???銝???銝縑??銝???????80,"瘞渡,?,?瘚?瘚瑕",撘菜?蝳?8347171,??????
50,敶啣?蝮?蔑??,?梯??敶圈收頝?5??120.516345,24.062538,?梯??,?梯??摰??箸??????145,"瘞渡,?,?瘚?瘚瑕",璆見??72221411710,??????
51,敶啣?蝮???,銝儔???⊿嘀頝?45撌?12??120.563531,23.95268,銝儔蝷曉?瘣餃?銝剖?,銝儔???啁????像??????皞蔬??憭批???????200,"瘞渡,?瘚?瘚瑕",?瘛?,8347171,??????
52,敶啣?蝮???,銝???憭批?頝臭?畾?45??120.579502,23.963213,憭批??葉,銝剜迤???像??敹???隞???銝???銝???銝縑??銝???????200,"瘞渡,?,?瘚?瘚瑕",撘菜?蝳?8347171,??????
53,敶啣?蝮???,?砍僑???⊥偌頝臭?畾?13??120.581692,23.955187,?⊥?颲脣極擃擗?撏????航????????箸偌??皝偌??憭批陸???株???瘚桀??镼踵?????銝剜???勗?????2??200,"瘞渡,?,?瘚?瘚瑕",?喳???8347171,??????
54,敶啣?蝮???,????⊥頝臭?畾?2??120.587309,23.961879,?⊥?撣?勗?撠?撏????航????????箸偌??皝偌??憭批陸???株???瘚桀??镼踵?????銝剜???勗?????2??200,"瘞渡,?,?瘚?瘚瑕",?找蔔??8347171,??????
55,敶啣?蝮???,?????蔬頝???120.557085,23.979184,?⊥?撣??銝剜暑?葉敹?銝儔???啁????像??????皞蔬??憭批???????200,"瘞渡,?,?瘚?瘚瑕",?找蔔??8347171,??????
56,敶啣?蝮???,銝剜迤??銝??梯?221??120.57921,23.960059,?⊥?撣??撠?銝剜迤???像??敹???隞???銝???銝???銝縑??銝???????300,"瘞渡,?,?瘚?瘚瑕",?單???8347171,??????
57,?箔葉撣??,撟喳???敹??楝??甈?頝臭漱?,120.667553,24.119757,?亙熒?砍?,??.瘞貉?.蝛?,7500,?,?鞎?04-22289111-33920,??????
58,撅蝮???勗?,???靽∠儔頝?62??120.49197,22.68523,撅撣縑蝢拙?撠????965,"瘞渡,?",?勗??08-7383628#14,??????
59,?箔葉撣云撟喳?,暺姘????頝?001??120.7305,24.1112,????,暺姘??80,"瘞渡,?瘚?,閮曹輔????546365頠???????
60,敶啣?蝮?蔑??,蝳??敶啣?頝臭?畾???120.613159,24.068651,憭批翰摰??尹,蝳?曈喲??姘撌琿??翰摰?,45,"瘞渡,?,?瘚?瘚瑕",璆見??04-72221411710,??????
61,敶啣?蝮?蔑??,擐控??敶啣?頝臭?畾?12撌?7??120.589342,24.08054,敶啣噸?葉?文飛璅?望?蝛踹?,擐控??45,"瘞渡,?,?瘚?瘚瑕",璆見??4.72E+11,??????
62,敶啣?蝮?蔑??,隞ˊ??隞ˊ?唳?21??120.551727,24.070873,隞ˊ蝷曉?瘣餃?銝剖?,隞ˊ??45,"瘞渡,?,?瘚?瘚瑕",璆見??04-72221411710,??????
63,敶啣?蝮?蔑??,????銝剖控頝臭?畾?08??120.568089,24.092292,????,??????樴控?葉撅梢?銝剜迤?葉摨?銝??憭琿?,54,"瘞渡,?,?瘚?瘚瑕",璆見??04-72221411710,??????
64,敶啣?蝮?蔑??,?喟????啣?頝臭?畾???120.614942,24.058558,?喟???,?喟???63,"瘞渡,?,?瘚?瘚瑕",璆見??04-72221411710,??????
65,敶啣?蝮?蔑??,????頝臭?畾?92??120.547944,24.10378,?蝷曉?瘣餃?銝剖?,??窄?????,64,"瘞渡,?瘚?瘚瑕",璆見??04-72221411710,??????
66,敶啣?蝮?蔑??,?唬葉???唬葉頝?25??120.604547,24.085743,銝???,?唬葉??77,"瘞渡,?,?瘚?瘚瑕",璆見??04-72221411710,??????
67,敶啣?蝮?蔑??,撏像??撟喳?銝?66??120.529851,24.068206,??蝞⊥?脤璅尹,撏像??77,"瘞渡,?,?瘚?瘚瑕",?賣??04-7639509,??????
68,敶啣?蝮?蔑??,????敶啣?頝臭?畾?26??120.597531,24.081368,??蝷曉?瘣餃?銝剖?,????78,"瘞渡,?,?瘚?瘚瑕",璆見??4.72E+11,??????
69,敶啣?蝮?蔑??,獢????砍?頝臭?畾?02銋???120.559047,24.072547,獢?蝷曉?瘣餃?銝剖?,獢??撅梢??梯???賡?敺抵???90,"瘞渡,?,?瘚?瘚瑕",璆見??04-72221411710,??????
70,敶啣?蝮?蔑??,????銝剖控頝臭?畾?89撌?9??120.533189,24.056604,??蝷曉?瘣餃?銝剖?,????93,"瘞渡,?,?瘚?瘚瑕",璆見??04-72221411718,??????
71,敶啣?蝮?蔑??,敹怠???敶啣?頝臬?畾?66??1,120.612013,24.068422,敹怠?蝷曉?瘣餃?銝剖?,?圈陶?姘撌琿??翰摰?,115,"瘞渡,?,?瘚?瘚瑕",璆見??04-72221411710,??????
72,敶啣?蝮?蔑??,蝳控??蝳控銵?68??120.571394,24.082668,蝳控蝷曉?瘣餃?銝剖?,蝳控??皞芷?,177,"瘞渡,?,?瘚?瘚瑕",璆見??04-72221411710,??????
73,敶啣?蝮?蔑??,撱嗅????正銵?11??120.538252,24.059306,撱嗅?蝷曉?瘣餃?銝剖?,撱嗅??辣撟喲?撱箏窄??184,"瘞渡,?,?瘚?瘚瑕",璆見??04-72221411710,??????
74,敶啣?蝮?蔑??,?踹仄??瘜啣?頝臭?畾?45撌???120.55168,24.092496,瘜啣???,?踹仄????????縑蝢拚?????????摰??????舫???敺拚???隤輸?,203,"瘞渡,?,?瘚?瘚瑕",璆見??04-72221411710,??????
75,敶啣?蝮?蔑??,撱嗅????正銵?07??120.538251,24.059274,敶啗??葉,撱嗅??辣撟喲?撱箏窄??242,"瘞渡,?,?瘚?瘚瑕",璆見??04-72221411710,??????
76,敶啣?蝮?蔑??,????銵?68??120.52814,24.062723,靽∠儔?葉撠????蝢?撟喳???399,"瘞渡,?,?瘚?瘚瑕",璆見??04-7221411710,??????
77,敶啣?蝮??蝢,??????頝?59撌???120.492521,24.099707,??蝷曉?瘣餃?銝剖?,??,150,"瘞渡,?瘚?瘚瑕",撘菜??7552354,??????
78,?箸蝮??撜圈?,甇????"5??05?o.105,Zhengxing,Jinfeng Township,Taitung County 964,TaiwanR.O.C.",120.237198,21.201237,隞??? Jieda Elementary School,甇????100,,?唳?擐?089-781583,??????
79,?啁姘蝮?????,靽∪????頝?60??121.0376,21.9002,皝?縑?Ｗ?撠旨??靽∪?噸???郭蝢?,385,"?,?瘚?瘚瑕",????03-5993911,??????
80,撅蝮?遛撌?,皜臬??皜臬頝?2??120.8271,21.9912,皜臬蝷曉?瘣餃?銝剖?,皜臬??50,"瘞渡,?瘚?,璆???08-8801356,??????
81,撅蝮???仿,??????頝?9??120.7475,22.0031,??葉?嗅捆?,????1400,"瘞渡,?,?瘚?瘚瑕",?剖?瘥?08-8892039,??????
82,撅蝮???仿,????憭拇?頝???120.7474,22.0038,??桀?,????220,"瘞渡,?,?瘚?瘚瑕",瘣芸???08-8896883,??????
83,撅蝮?遛撌?,瘞賊???摨頝?3撌?-1??120.8092,22.0052,瘞賊?蝷曉?瘣餃?銝剖?,瘞賊???30,"瘞渡,?瘚?瘚瑕",瞏?蝳?08-8802248,??????
84,撅蝮?遛撌?,瘞賊????啣?頝?5??120.817377,22.005679,瘞豢葛??撠飛,瘞賊???100,"瘞渡,?瘚?瘚瑕",?擏?08-8801125#14,??????
85,撅蝮???仿,??????頝?9撌?6??120.7466,22.0064,????嗅捆?,????200,"瘞渡,?,?瘚?瘚瑕",?∟羲??08-8892035,??????
86,撅蝮???仿,?正??镼輸?頝?46??120.7442,22.0087,?????嗅捆?,?正??430,"瘞渡,?,?瘚?瘚瑕",?冽???08-8893034,??????
87,撅蝮?遛撌?,皛踹???銝剖控頝?9??120.838101,22.020382,皛踹???撠飛,皛踹???100,"瘞渡,?,?瘚?瘚瑕",敺蟡?08-8801162#14,??????
88,撅蝮?遛撌?,皛踹???銝剖控頝?3??120.8386,22.0209,撅蝮?遛撌??祆?,皛踹???敺瑟?,30,"瘞渡,?瘚?瘚瑕",蝢?憡?08-8801105#703,??????
89,?箸蝮?撊潮?,蝝???箸蝮?撊潮?蝝??-1??121.5546,22.0211,?撊澆?撠?蝝??100,"瘞渡,?瘚?瘚瑕",?典???嚗?89嚗?31633,??????
90,撅蝮?遛撌?,皛踹???銝剖控頝?07??120.8371,22.0233,皛踹?蝷曉?瘣餃?銝剖?,皛踹???30,"瘞渡,?瘚?瘚瑕",瞏???08-8801375,??????
91,撅蝮?遛撌?,皛踹???銝剖控頝?52??120.8377,22.0243,撅蝮?遛撌??擗?皛踹??偶??,100,"瘞渡,?瘚?瘚瑕",??憡?08-8801105#302,??????
92,撅蝮?遛撌?,皛踹?????頝?2??120.839695,22.024499,皛踹???銝剖飛,皛踹????噸??100,"瘞渡,?,?瘚?瘚瑕",蝪∩???08-8801106#14,??????
93,?箸蝮?撊潮?,蝝???箸蝮?撊潮?蝝??鈭?47??121.539,22.026,?剜瘣餃?銝剖?,蝝??鈭粹??500,"瘞渡,?,?瘚?,撣???臬銵,嚗?89嚗?32073,??????
94,?箸蝮?撊潮?,蝝??1??銋?,121.5266,22.0302,?剖飲??撠飛,?剖飲????雿,100,"瘞渡,?,?瘚?瘚瑕",閮望?鞎?嚗?89嚗?31576,??????
95,撅蝮?遛撌?,,蝳噸頝?4撌???120.8335,22.0377,?踵?瘣餃?銝剖?,?踵???50,"瘞渡,?瘚?瘚瑕",???08-8801348,??????
96,?箸蝮?撊潮?,璊唳硃??1??121.5176,22.0453,璊唳硃??撠飛,璊唳硃????雿,100,"瘞渡,?,?瘚?,?∠???嚗?89嚗?32017,??????
97,?箸蝮?撊潮?,璊唳硃???箸蝮?撊潮?璊唳硃??4??121.5126,22.0494,?剖飲摰擃?銝剖飛,璊唳硃??500,"瘞渡,?,?瘚?,?曇??嚗?89嚗?32016#203,??????
98,撅蝮????,靽???靽?頝?0??120.7275,22.0561,撅蝮??頠???靽??,靽??絞??,63,"瘞渡,?,瘚瑕",????08-8821009,??????
99,撅蝮????,??????頝?8??120.7118,22.0567,撅蝮??頠???撠祚?,敺??撖格???憓??銵?,63,"瘞渡,?",??怨郭,08-8821010,??????
100,撅蝮????,蝳????啗?頝?2??120.7165,22.0729,撅蝮??頠??葉,蝳???摰??絞??,350,"瘞渡,?,瘚瑕",?喳???08-8821045,??????
101,撅蝮?銝寥?,??????頝?0??120.8139,22.0731,擃ㄚ???⊥??,????304,"瘞渡,?,?瘚?瘚瑕,?詨?鈭?",?暹??瑁憒?08-8811160,??????
102,撅蝮?遛撌?,?瑟????像頝?1??120.8258,22.0742,?瑟??憯賭膨璅,?瑟?蝷曉?,50,"瘞渡,?瘚?瘚瑕",?喟???08-8811815,??????
103,撅蝮????,蝳???銝剖控頝?6??120.7146,22.0749,撅蝮??頠???,蝳???摰??銝剜??絲???,250,"瘞渡,?,瘚瑕",敺???08-8821006,??????
104,撅蝮?遛撌?,?瑟???憭批頝?5??120.8286,22.0755,?瑟???,?偌撊箇冗?,120,"瘞渡,?瘚?瘚瑕",璆???08-8811045#14,??????
105,撅蝮????,蝳???蝳?頝?銋???120.7119,22.0766,頠?蝳?摰桅?摰Ｗ之璅?蝳???摰??銝剜??絲???,100,"瘞渡,?,瘚瑕",?單陸撏?08-8821345,??????
106,?箸蝮?撊潮?,?雀???箸蝮?撊潮??雀??7??121.5286,22.0792,?雀??,?雀??100,"瘞渡,?,?瘚?,?喳恥摰?89732019,??????
107,撅蝮????,皞急?????頝?3??120.7487,22.096,撅蝮??頠???皞急??,皞急???63,"瘞渡,?,瘚瑕",?梢???08-8821005,??????
108,撅蝮?遛撌?,銋???銋?頝臬之?毽6??120.87378,22.111079,銋?瘞訾?撅之??唳暑?葉敹?銋???100,"瘞渡,?,?瘚?,蝢?憡?08-8801105#703,??????
109,撅蝮?銝寥?,擃ㄚ??擃ㄚ頝?9??120.847,22.1248,擃ㄚ??,擃ㄚ??350,"瘞渡,?,?瘚?瘚瑕",???瑕噸蝳?08-8810497,??????
110,撅蝮?銝寥?,?喲????喲?頝?8??120.774,22.1254,?喲??暑?葉敹??喲???100,"瘞渡,?,?瘚?瘚瑕",???瑚?瘙?08-8831045,??????
111,撅蝮?遛撌?,皜臭???皜臭?頝?7??120.8815,22.1334,皜臭?瘣餃?銝剖?,皜臭???50,"瘞渡,?瘚?,?曄霈?08-8810429,??????
112,撅蝮??摮?,蝡孵???蝡孵?銝撌?????120.7012,22.1454,蝡孵?瘣餃?銝剖?,蝡孵???40,"瘞渡,?,?瘚?,?⊿??08-8770106,??????
113,撅蝮?銝寥?,?∩號???∩號頝?3??120.8377,22.1766,?∩號??,?∩號??350,"瘞渡,?,?瘚?瘚瑕",???瑕噸??08-8830057,??????
114,撅蝮??撅梢?,?????儔24??120.6922,22.1902,璆葛??撠飛,????90,"瘞渡,?,?瘚?瘚瑕",暺?摰?08-8771158,??????
115,撅蝮?銝寥?,?剜絲???剜絲頝?3-1??120.8786,22.1917,?剜絲?暑?葉敹??剜絲??250,"瘞渡,?,?瘚?,瞏??瑕?皜?08-8830117,??????
116,撅蝮??撅梢?,璆葛????摨?-2??120.6895,22.193,璆葛?犖?熒銝剖?,璆葛??80,"瘞渡,?,?瘚?瘚瑕",?剔?蝝?08-8772073,??????
117,撅蝮??摮?,璆???璆?鈭毽22銋???120.7038,22.2022,璆???,璆???50,"瘞渡,?,?瘚?,璇?瘥?08-8771371,??????
118,撅蝮??摮?,銝寡楝??銝寡楝銝撌?9??120.7515,22.2034,銝寡楝??,銝寡楝??50,"瘞渡,?,?瘚?,?⊿?璅?08-8771144,??????
119,撅蝮??摮?,璆?????280??120.7014,22.2051,????蝬?擃擗??券?,100,"瘞渡,?,?瘚?,?勗?樴?08-8771129#25,??????
120,撅蝮?銝寥?,?望????望?頝???120.851,22.2052,?望??暑?葉敹??望???250,"瘞渡,?,?瘚?瘚瑕",鞈湔??瑕???08-8830116,??????
121,撅蝮??摮?,?扳???3??6??120.8507,22.2183,?扳?瘣餃?銝剖?,?扳???40,"瘞渡,?,?瘚?,瘙??08-8700005,??????
122,撅蝮??摮?,????3??5??120.6805,22.2323,??瘣餃?銝剖?,????0,"瘞渡,?,?瘚?,????08-8761194,??????
123,撅蝮??摮?,????6??4??120.8014,22.2341,??瘣餃?銝剖?,????40,"瘞渡,?瘚?,?勗控瑹?08-8701163,??????
124,撅蝮??撅梢?,?控???控頝?2??120.6524235,22.26396799,?控??,?控??50,"瘞渡,?,?瘚?瘚瑕",?喟楝??07-8761107,??????
125,撅蝮??撅梢?,?控???葉頝???120.6606,22.2643,?祚擃葉甇???,?控??150,"瘞渡,?瘚?瘚瑕",敺???08-8761140,??????
126,?箸蝮??隞?,????箸蝮??隞??????0??120.890256,22.276682,??箇??,???50,,擃?皞?089-702116,??????
127,?箸蝮??隞?,璉格偶???箸蝮??隞?璉格偶????1??120.864826,22.280641,璉格偶瘣餃?銝剖?,璉格偶??100,,甇??089-702136,??????
128,?箸蝮??隞?,????箸蝮??隞????0銋???120.888972,22.286514,?瘣餃?銝剖?,???100,,? 璆?圈?,089-702285,??????
129,?箸蝮??隞?,璉格偶???箸蝮??隞?摰?????0??120.866016,22.292996,摰??箇??,摰???50,,?迤銵?089-702277,??????
130,?箸蝮??隞?,摰???6?啣??楝114??120.867753,22.293497,摰????,摰???50,,? 瘙芣???089-702071,??????
131,?箸蝮??隞?,摰????箸蝮??隞?摰?????13??120.868276,22.294292,摰???,摰???200,,?⊿憿迤銝,089-702275,??????
132,?箸蝮??隞?,摰???9?啣儔?楝14??120.883062,22.297005,????蝳桀?,摰????唳??ㄝ瘞豢?,100,,暺瞏?089-702249,??????
133,?箸蝮????,?梯????梯????銵?0??121.016385,22.301654,憭批???撠飛,?梯???50,,??憒?089-382402,??????
134,撅蝮??摮?,?抒????抒?????120.6427,22.3052,?抒???,?抒???銝?,0,"瘞渡,?,?瘚?,?典???08-8720034,??????
135,?箸蝮?之甇阡?,??????頝?73??120.8867,22.3104,???冗?瘣餃?銝剖?,??蝷曉?,200,"瘞渡,?瘚?瘚瑕",?曄?憒?089-702165,??????
136,撅蝮????,????敹?頝?-10??120.3634,22.3284,??蝷曉?瘣餃?銝剖?,????50,"瘞渡,?,?瘚?瘚瑕",暺?鋆?8611579,??????
137,撅蝮??撅梢?,?正???冗28??120.6211,22.3302,?正??撠飛,?正??60,"瘞渡,?,?瘚?瘚瑕",蝧?甇?08-8720060,??????
138,撅蝮????,憭抒????像頝?撌?4-1??120.3708,22.3338,憭抒?蝷曉?瘣餃?銝剖?,憭抒???100,"瘞渡,?,?瘚?瘚瑕",瘣芾暻?,8613920,??????
139,撅蝮????,憭抒???銝剜迤頝?58??120.3685,22.336,???葉,?祉??之蝳?,200,"瘞渡,?,?瘚?瘚瑕",?∪?蝢?8612509,??????
140,撅蝮????,憭抒???銝剜迤頝?93??120.3683,22.3371,????,憭抒???蝳?,200,"瘞渡,?,?瘚?瘚瑕",撘萇陛?航?,8612597,??????
141,?箸蝮?之甇阡?,撠郎???輸?銵???120.8818,22.342,撠郎?冗?瘣餃?銝剖?,憭折野蝷曉?7~9??100,"瘞渡,?,?瘚?瘚瑕",??蝬?089-791917,??????
142,?箸蝮?之甇阡?,撠郎???輸?銵?-1??120.8806,22.3425,憭扳郎?????,???輸?賬摨??100,"瘞渡,?,?瘚?瘚瑕",撘菔???089-791721,??????
143,撅蝮????,????敺抵?頝?7??120.3692,22.3462,?典噸??,????蝳?,200,"瘞渡,?,?瘚?瘚瑕",暺遣璁?8612534,??????
144,撅蝮????,銝剔???銵頝?2??120.3837,22.3501,????,?祉??葉蝳???蝳?,150,"瘞渡,?,?瘚?瘚瑕",?喲???08-8612501,??????
145,撅蝮??撖桅?,靽???瘚琿?頝???120.5997,22.3562,?犖?熒瘣餃?銝剖?,?控??璅??葉撖格?????,150,瘞渡,瞏?靽?08-8782012,??????
146,?箸蝮?之甇阡?,憭扳郎??憭扳郎銵?10??120.9038,22.3564,憭扳郎?犖?尹,憭折野蝷曉?11~14??150,"瘞渡,?,?瘚?瘚瑕",???頛?089-791450,??????
147,?箸蝮?之甇阡?,憭扳郎??憭扳郎銵?1撌???120.9064,22.3581,憭扳郎???蝬?瘣餃?銝剖??券??摰寞?,憭扳郎??300,"瘞渡,?,?瘚?瘚瑕",擃蔔??089-792275,??????
148,撅蝮??仿?,?方???方頝???撌?6??120.6281,22.3596,?方蝷曉?瘣餃?銝剖?,?方??100,"瘞渡,?瘚?瘚瑕",???琿皜,08-8783276,??????
149,?箸蝮?之甇阡?,憭扳郎??憭扳郎銵?6??120.8975,22.3596,憭扳郎?冗?瘣餃?銝剖?,憭折野蝷曉?10??100,"瘞渡,?瘚?瘚瑕",?喟?敹?089-791826,??????
150,撅蝮??仿?,?方??3撌?3??120.626,22.361,?方??撠飛,?方?ㄚ??,200,"瘞渡,?,?瘚?瘚瑕",?⊿ ?迤蝳?08-8781040,??????
151,撅蝮??撖桅?,?控???噸頝?86??120.6,22.3631,?噸??,?控??璅??葉撖格?????,320,瘞渡,?喲?蝔?08-8782096,??????
152,撅蝮??撖桅?,?祚??敺瑁?頝?97??120.5908,22.3678,?祚??,?祚???圈???189,"瘞渡,?",?剜??08-8782034,??????
153,撅蝮??仿?,憯急???64-2??120.6639,22.3685,憯急????,憯急???50,"瘞渡,?,?瘚?瘚瑕",????蝔葉撱?8790009,??????
154,撅蝮??仿?,憯急???65??120.6635,22.3689,?方??撠飛-憯急??,憯急???60,"瘞渡,?,?瘚?瘚瑕",銝颱遙 ?渡??08-8790029,??????
155,撅蝮??仿?,?交???交頝?3??120.6243,22.3703,?交蝷曉?瘣餃?銝剖?,?交??50,"瘞渡,?,?瘚?瘚瑕",????雿???08-8785913,??????
156,撅蝮??仿?,?交???交頝?14??120.627,22.3703,?交??撠飛,?交??舀??ㄚ??,200,"瘞渡,?,?瘚?瘚瑕",?⊿?湔???08-8782433,??????
157,撅蝮??撖桅?,?圈???蝢拇?頝???120.5908,22.3711,?祚擃葉,?祚?樴?,1136,"瘞渡,?",?喟???08-8782095,??????
158,?箸蝮??隞?,?啣???57??120.856773,22.381551,?箸蝮??摰????啣??,?啣???200,,?單??089-792495,??????
159,撅蝮??撖桅?,鈭箏???撱箄?頝?9??120.6019,22.387,撱箄???,憭拇???拇??犖??????撖格?,162,"瘞渡,?,瘚瑕",?⊥?蝳?08-87813562,??????
160,撅蝮???勗?,瘞詨???撱箄??楝35??120.2857,22.3931,撅撣儔???瘞詨???1067,,暺孕??7560101#502,??????
161,撅蝮???勗?,撏郎??撱箏?頝?5??120.2912,22.3948,??撅擃?撌交平?瑟平摮豢,瘞詨???,2523,"瘞渡,?",撘菜?隤?08-7523781#200,??????
162,撅蝮??撖桅?,?望絲???望絲頝?86??120.5773,22.4013,?望絲??,?望絲?之摨?,524,"瘞渡,?,瘚瑕",閮?撱?08-8712209,??????
163,撅蝮???勗?,鞊旨???芰?之??誨?晞??拇頝臬???120.2952,22.4044,撅撣?蝳批??鞊旨??1734,"瘞渡,?",?∟??7560101#503,??????
164,撅蝮??撖桅?,憭芣???憭芣?頝?-10??120.593,22.4082,?望絲??憭芣??,憭芣???瘜?,90,"瘞渡,?,瘚瑕",?單???08-8711785,??????
165,撅蝮?蔔?祇?,鞈游振??雿唾噙銵?7??120.5584,22.409,??雿喳擃噙,?＃蝢?,239,瘞渡,憿???08-8662726-506,??????
166,撅蝮???勗?,撱???????蝡???120.2915,22.413,撅撣誨???撱????755,"瘞渡,?",?∟??7560101#503,??????
167,?箸蝮?之甇阡?,憭抒姘???揖??0??120.9223,22.4162,?揖?暑?葉敹?憭抒姘?祇?賬?撅晞?瘣交?,200,"瘞渡,?瘚?瘚瑕",?剜??089-761098,??????
168,撅蝮?蔔?祇?,??????銝頝?40??120.5669,22.423,雿喳??撟澆???蝢???皞怒＃鞊?200,"瘞渡,?,瘚瑕",?喃蔔??08-8660612,??????
169,撅蝮??仿?,銝蔔???芸撥1頝?2??120.629,22.4277,????撠飛,???飛撏???雿單?,200,"瘞渡,?,?瘚?瘚瑕",?⊿ ?喟?鞈?08-8791020,??????
170,撅蝮??仿?,銝蔔??9?啗撘?頝?8??120.6279,22.428,?交???犖?熒銝剖?,???飛撏???雿單?,120,"瘞渡,?,?瘚?瘚瑕",? ????08-878214558,??????
171,撅蝮?蔔?祇?,????憭批?頝???120.5668,22.4285,雿喳?葉,?＃蝢?,300,"瘞渡,瘚瑕",??蝧?08-8662041,??????
172,撅蝮????,撏?????頝?00??120.4902,22.4298,撅蝮????撏陸瘣餃?銝剖?,?啣??偌?拇???撜唳?,200,"瘞渡,?,瘚瑕",?單偌??932782242,??????
173,撅蝮??蝢拚?,????19??89??120.6379,22.435,靘儔???拚尹,????100,"瘞渡,?,?瘚?,???迤銝?08-8791069,??????
174,撅蝮??蝢拚?,????51??120.6426,22.4364,????,????200,"瘞渡,?,?瘚?,???迤銝?08-8791069,??????
175,撅蝮????,隞???銝剖控頝?17??120.5114,22.4374,撅蝮????隞???撠飛,???????偶璅??????葉??,200,"瘞渡,?,瘚瑕",撱???08-8757745,??????
176,?箸蝮??隞?,????1??2??120.886914,22.453848,??憭拐蜓??????50,,暺擐?089-761129,??????
177,?箸蝮??隞?,????2??0 ??120.887664,22.453853,?箸蝮??????,????200,,?剖噸??089-761225,??????
178,?箸蝮??隞?,????1??06??120.885982,22.454897,?????????,????160,,?剜?蝢?089-761893,??????
179,撅蝮?皜舫,憭扳蔬??憭扳蔬頝?3??120.495771,22.456799,憭扳蔬??,"憭扳蔬??銝???憭折筋??,150,"瘞渡,?",??瘞?08-8324226,??????
180,?箸蝮?之甇阡?,憭抒姘????????2??120.9227,22.4575,???脣??????脤??100,"瘞渡,?,?瘚?瘚瑕",撘萇???089-761007,??????
181,撅蝮?皜舫,?寥???寥頝?5??120.4629,22.4624,隞交???,?寥???像?????300,"瘞渡,?",?喃?撗?08-8322816,??????
182,撅蝮?皜舫,?梢????梢?銵?1-1??120.4488,22.4631,?梢?摰桅?摰Ｗ之璅??祇??蝚砌??嗅捆?,300,瘞渡,?喳?憪?08-8353620,??????
183,?箸蝮?云暻駁???憭??18?啣之皞?51??120.9414,22.4631,憭芷獄??憭?齒?祈?,憭??80,"瘞渡,?瘚?瘚瑕",?遙??089-761077,??????
184,撅蝮?皜舫,?勗????勗?銵?5??120.449937,22.463386,?梢???,?勗???????圈??敺琿??葉????摰?,500,"瘞渡,?",???08-8322064,??????
185,撅蝮??蝢拚?,????114-1??120.6218,22.4636,??霅血?瘣曉?,????100,"瘞渡,?,?瘚?,??冽旨??08-7981551,??????
186,撅蝮????,蝡寞???銝剛?122??120.5331,22.4642,撅蝮????蝡寞???撠飛,蝡寞???100,"瘞渡,?,瘚瑕",?蜓隞?921696540,??????
187,撅蝮?皜舫,?寥???寥頝???120.4555,22.4652,?望葛擃葉,?祇??蝚砌??嗅捆?,450,"瘞渡,?,瘚瑕",?喳遣??08-8322014,??????
188,撅蝮?皜舫,????瑟鈭楝15??120.4596,22.4694,?勗???,????寥??150,"瘞渡,?,瘚瑕",????08-8324927,??????
189,撅蝮?皜舫,???銝剜迤頝臭?畾?0??120.4547,22.4707,?望葛??,?祇??蝚砌??嗅捆?,300,"瘞渡,?,瘚瑕",暺???08-8322019,??????
190,撅蝮??日?,蝞???瘞頝?03??120.611,22.4754,?啣??撟澆???蝞???瞏剜????,250,"瘞渡,?,?瘚?瘚瑕",瞏???08-7981398,??????
191,?箸蝮??隞?,????10??9-1??120.9077,22.47755,?箸蝮????撠飛,????200,,蝢???089-761252,??????
192,?箸蝮??隞?,????10??6??120.9081,22.47805,??瘣餃?銝剖?,????100,,??蟡?089-761320,??????
193,撅蝮?皜舫,????頝?3-1??120.4657,22.4784,?梯???,????噙????,461,"瘞渡,?,瘚瑕",暺???08-8310406,??????
194,?箏?撣葉甇??,暺????砍?頝?9??120.913,22.4797,??憭折?撠??儔?????遣??,157,?,?梢???02-23110395#660,??????
195,?箸蝮??隞?,????8??4??120.913513,22.479837,???箇??,????50,,????089-761487,??????
196,?箸蝮??隞?,????9?啣?49??120.9136,22.48099,?阡??扳暑?葉敹??????刻,100,,皞怠???089-761320,??????
197,撅蝮??日?,?啣???啗頝?65??120.5653,22.4844,?啣??,???鞊??遣????斗?,450,"瘞渡,?,?瘚?瘚瑕",?喲???08-7971027,??????
198,擃?撣???,銝剛??銝剛頝?-100??120.395311,22.485875,擃?撣?銝剛??銝剖飛,?典?,700,"瘞渡,?",?唾??07-6425223#40,??????
199,擃?撣???,銝剛??銝剛頝???120.3967,22.4871,銝剛??,?典?,500,?,?⊿尿頛?07-6412342#50,??????
200,撅蝮???,??????頝?17??120.4581,22.4877,????,????,100,"瘞渡,?",?∠???08-8333707#14,??????
201,撅蝮???,暽賢???暽賣散頝?79??120.4408,22.4883,暽賣散??,暽賣散?勗?,50,"瘞渡,?",撘菔??08-8322975#14,??????
202,撅蝮??撌?,皞芸???隞?頝?3??120.5111,22.4945,皞芸?蝷曉?瘣餃?銝剖?,????摰?,50,"瘞渡,?",?⊥偶??08-8641070,??????
203,撅蝮??撌?,皞芸???隞?頝?02??120.5111,22.4957,皞芸???,銝???舀?,95,"瘞渡,?",?單??08-8642081,??????
204,撅蝮??蝢拚?,?????唳?頝???120.6243,22.4999,??瘣餃?銝剖?,????50,"瘞渡,?,?瘚?,??豢??08-7982350,??????
205,擃?撣???,?????∪?頝???120.378585,22.504297,擃?撣???皜臬???撠飛,?典?,690,"瘞渡,?",撘萎???07-2245398,??????
206,擃?撣???,撱?????鈭楝100??120.388254,22.504698,擃?撣??????撠飛,?典?,1100,"瘞渡,?,?瘚?瘚瑕",?∠???07-6420503#40,??????
207,擃?撣???,????敹?镼輯楝20??120.394303,22.506778,擃?撣???????撠飛,?典?,2000,"瘞渡,?,?瘚?瘚瑕",?????6412290,??????
208,擃?撣???,???????楝191??120.3945,22.5087,????琿??熒瘣餃?銝剖?,?典?,260,"瘞渡,?,?瘚?瘚瑕",撘萇陛??,6412511#303,??????
209,撅蝮???,皜航正??銝剖?頝?01??120.4556,22.5087,皜航正??,皜航正鈭,30,"瘞渡,?",閮望?皜?08-8681644#14,??????
210,撅蝮??蝢拚?,蝢拇???靘頝?1??120.5825,22.5087,靘儔?靘儔?刻憭??賣暑?葉敹?靘儔?儔???號???璅???璅?????????,500,"瘞渡,?,?瘚?,?喃???08-7850251-127,??????
211,撅蝮?蔭撌,??????頝?4??120.534672,22.512958,瞏桀???,???見摮?,1126,"瘞渡,?",暺???08-7882312,??????
212,撅蝮????,?祚???啣祚頝?-15??120.5184,22.5134,?旨?葉,?祚??200,"瘞渡,?,?瘚?瘚瑕",撘菔???88631112,??????
213,撅蝮????,撏???銝剜迤頝?19??120.5118,22.5141,撏???,撏????Ｘ???皞芣?,200,"瘞渡,?,?瘚?瘚瑕",憿嗾??08-8631959,??????
214,擃?撣?皜臬?,樴陶??曈喲陷頝?91??120.357564,22.515082,擃?撣?皜臬?曈喲陷??撠飛,曈喲陷??曈?200,"瘞渡,?,?瘚?瘚瑕",?單敶?8714561嚗?30,??????
215,撅蝮????,撏????噙頝?9-12??120.5069,22.5152,撏??犖?熒銝剖?,撏??葛?望?,150,"瘞渡,?,?瘚?瘚瑕",?蝝?,08-8630164,??????
216,擃?撣???,???????楝481??120.395661,22.516726,擃?撣???擃?銝剖飛,?典?,2600,"瘞渡,?,?瘚?瘚瑕",?單∩?,07-6412059#400,??????
217,撅蝮??蝢拚?,銝寞???銝寞?頝?5-1??120.6348,22.5174,銝寞?瘣餃?銝剖?,銝寞???50,"瘞渡,?,?瘚?,?瘝儔??08-7850255,??????
218,擃?撣?皜臬?,曈唾???樴陶頝?59??120.348385,22.52185,擃?撣?皜臬?曈單???銝剖飛,曈唾??陶璉?50,"瘞渡,?,?瘚?瘚瑕",?啁?暾?8711130嚗?1,??????
219,撅蝮?蔭撌,銋???敺抵?頝?6??120.5609105,22.52309297,瞏格??,銋?鋆～??梢??蔬??,85,瘞渡,瞏控璁?08-7871189,??????
220,撅蝮???,?啣???慦賜?頝?9??120.4519,22.5241,?啣???,?啣??唳,100,"瘞渡,?",閮勗予??08-8681113#14,??????
221,?箸蝮??撜圈?,甇瑕??"1??2?o.12,Liqiu,Jinfeng Township,Taitung County 964,TaiwanR.O.C.",120.926439,22.526384,甇瑕瘣餃?銝剖? Liqiu Activity Center,憯Ｗ??100,瘞渡,?望???089-771439,??????
222,撅蝮??蝢拚?,?斗????脰頝???120.6258,22.5275,?斗???,?斗???200,"瘞渡,?,?瘚?,????蝳?08-7850318,??????
223,擃?撣???,銝剖????蔬頝?0??120.396078,22.528055,擃?撣????蔬??撠飛,?典?,260,"瘞渡,?",????07-6412332#40,??????
224,?箸蝮?云暻駁???????16??0??120.937667,22.530918,??皞急??瑁???????皞急?,20,"瘞渡,?瘚?瘚瑕",?單?樴?089-771305,??????
225,?箸蝮??撜圈?,鞈???"68?o.68,Binmao,Jinfeng Township,Taitung County 964,TaiwanR.O.C.",120.95583,22.532403,鞈??? Binmao Elementary School,鞈???100,,?望皜?089-771007,??????
226,?箸蝮??撜圈?,鞈???"1??-2?o.3-2,Binmao,Jinfeng Township,Taitung County 964,TaiwanR.O.C.",120.961712,22.532592,鞈?瘣餃?銝剖? Binmao Activity Center,鞈???100,"瘞渡,?",擃偶頛?089-771393,??????
227,?箸蝮?云暻駁???????憭芷獄??6?圈?撏?83??120.964363,22.533379,??瘣餃?銝剖?,????80,"瘞渡,?瘚?瘚瑕",閮勗???089-781305,??????
228,撅蝮?蔭撌,????頝?90??120.539763,22.534662,??葉,????仿??偶?仿?,600,"瘞渡,?",?∠?曈?08-7887038#31,??????
229,撅蝮????,?冗???冗頝?6??120.5092,22.5388,?冗??,?冗?散摮????扳?,200,"瘞渡,?,?瘚?瘚瑕",?∪?,08-8631544,??????
230,擃?撣之撖桀?,蝢拐???曈單?銝頝?8??120.403252,22.539227,蝢拐??冗?瘣餃?銝剖?,蝢拐???100,"瘞渡,?,?瘚?瘚瑕",?喟???6424162,??????
231,撅蝮?蔭撌,???敹?頝?01??120.536872,22.540379,???,???粹??偶?仿??蔬??,550,"瘞渡,?",????08-7896550#14,??????
232,擃?撣之撖桀?,?剜???曈單?銝頝?00撌?0??120.408514,22.54239,擃?撣之撖桀??剜???,?剜??儔隞????,350,"瘞渡,?,?瘚?瘚瑕",蝢?憍?6426428頧?40,??????
233,撅蝮???,隞???隞?頝?48??120.4615,22.5438,?啣???,?券?,30,"瘞渡,?,瘚瑕",?孵?銝?08-8681385#13,??????
234,撅蝮???,隞???隞?頝?1??120.4611,22.5443,隞???,?券?,100,"瘞渡,?,瘚瑕",?剖敹?08-8681087#14,??????
235,撅蝮?蔭撌,瘜?????頝?撌???120.569267,22.544592,????,瘜????梢????仿?,50,"瘞渡,?",?∩?撅?08-7882174#14,??????
236,撅蝮???,隞???隞?頝?11??120.461,22.5452,?啣??葉,?券?,300,"瘞渡,?",?刻??08-8681020#14,??????
237,撅蝮?蔭撌,????脰楝2??120.543657,22.547268,???,??蔭撌?,240,"瘞渡,?",?喃???08-7882105#14,??????
238,撅蝮?蔭撌,銝???銝?頝?9-2??120.550815,22.547719,?桃?撟澆???銝???憛?,300,瘞渡,?曄?璇?08-7886964,??????
239,撅蝮?蔭撌,?旨???脰頝?1??120.541139,22.548406,瞏桀???,?旨?璁桅????,285,瘞渡,撱?憒?08-7882770#14,??????
240,撅蝮?撌?,?啁蔭??銝剛?頝?7??120.6123,22.5491,雿喃???銝剛??,?啁蔭??60,"瘞渡,?,?瘚?,????08-7832300,??????
241,撅蝮???,?????頝???120.4747,22.5523,????,??,50,"瘞渡,?,瘚瑕",?剛??08-8684050#14,??????
242,撅蝮?陸甇阡?,撟喳???1????120.6293,22.5527,撟喳?瘣餃?銝剖?,撟喳???200,"瘞渡,?,?瘚?,摮恍??915605765,??????
243,撅蝮?蔭撌,銝????頝?6??120.542947,22.554008,瞏桀??葉,銝????梢?,250,"瘞渡,?,?瘚?,????08-7882401#41,??????
244,擃?撣之撖桀?,??????頝?4-3??120.424982,22.554827,???冗?瘣餃?銝剖?,????100,"瘞渡,?,?瘚?瘚瑕",暺???7870331,??????
245,擃?撣?皜臬?,瞈???憌?頝?53??118.569662,22.555905,擃?撣?皜臬??控??撠飛,撅望????撜?300,"瘞渡,?,瘚瑕",?曆澈樴?8014543嚗?10,??????
246,撅蝮?蔭撌,銝????臬銵???120.538038,22.556803,瞏桀???,銝??????擳?,630,"瘞渡,?",?單旨??08-7804052,??????
247,撅蝮?蔭撌,銝????頝?5??120.547724,22.557031,瞏格???,銝??875,"瘞渡,?",?唾敶?08-7880419,??????
248,擃?撣之撖桀?,?啣????唬?銵?0??120.40918,22.560361,?啣??冗?瘣餃?銝剖?,?啣???20,"瘞渡,?,?瘚?瘚瑕",撘萇陛樴?,7880698,??????
249,擃?撣?皜臬?,皜舀迤??撟喳?頝???120.336089,22.56103,擃?撣?皜臬?撠葛??撠飛,撠葛?葛甇?300,"瘞渡,?,?瘚?瘚瑕",??隞?8215923嚗?11,??????
250,撅蝮?撌?,暽踹祚??瘞詨熒頝?1??120.5629,22.5614,敹?雿笑,暽踹祚??200,瘞渡,閬?瘜葦,08-7811510,??????
251,擃?撣?皜臬?,撅望???曈喲銵???120.370393,22.561551,擃?撣?皜臬?曈喲??撠飛,憭批???600,"瘞渡,?,?瘚?瘚瑕",蝪∩蔗??8010865嚗?1,??????
252,擃?撣之撖桀?,瞏桀祚??瞏桅?頝?51??120.430298,22.562091,瞏桀祚?犖瘣餃?銝剖?,瞏桀祚??35,"瘞渡,?,?瘚?瘚瑕",?唾??7877291,??????
253,撅蝮?銝寥?,?啣???撅蝮?銝寥??啣???楝410??120.4803,22.5622,?啣???,?圈???蝷暹???60,"?,?瘚?瘚瑕",?喃???08-7772230,??????
254,擃?撣之撖桀?,瞏桀祚??瞏桀祚頝?1-9??120.425175,22.563415,擃?撣?瞏桀祚??銝剖飛,?漯??蝯?,60,"瘞渡,?,?瘚?瘚瑕,?詨?鈭?",瘙??7879544頧?2,??????
255,擃?撣?皜臬?,鈭???蝡黎頝???120.3533,22.5638,擃?撣?皜臬?鈭???撠飛,鈭?????1000,"瘞渡,?,?瘚?瘚瑕",?璉?,801683731,??????
256,擃?撣?皜臬?,鈭???摮詨?頝?17??120.357413,22.565249,擃?撣?撠葛擃?銝剖飛,憭扯????柴陶摰?100,"瘞渡,?,瘚瑕",?喃蔗??8062627嚗?01,??????
257,擃?撣之撖桀?,瞏桀祚??瞏桀祚頝?1??120.425144,22.565716,擃?撣之撖桀?瞏桀祚??,瞏桀祚??皞芷?,240,"瘞渡,?,?瘚?瘚瑕",擳???7875075頧?0,??????
258,擃?撣?皜臬?,撅望????曉?頝?0??120.371763,22.566216,??擃?擗?憭批飛?惇擗?擃?銝剔?摮豢,?曉控????200,"瘞渡,?,?瘚?瘚瑕",?遣敹?8060705#31,??????
259,擃?撣?皜臬?,?剛???瞍Ｘ?頝?00??120.35926,22.566473,擃?撣?皜臬?瞍Ｘ???撠飛,瘜啣控??鈭?200,"瘞渡,?,?瘚?瘚瑕",擃陸摰?8036569嚗?31,??????
260,擃?撣?皜臬?,????瞍Ｘ?頝?52??120.356421,22.56665,擃?撣?銝剖控??銝剖飛,?剛??迤????700,"瘞渡,?,?瘚?瘚瑕",?遣摰?8036006,??????
261,擃?撣?皜臬?,皜臬???撟喳??楝185??120.338056,22.566732,擃?撣?撠葛??銝剖飛,皜臬??葛??葛憓?720,"瘞渡,?,瘚瑕",????8215929嚗?00,??????
262,擃?撣?皜臬?,撅望????臭?銵???120.3657,22.5677,擃?撣?皜臬??臬控??撠飛,撅望????901,"瘞渡,?,?瘚?瘚瑕",暺?銝?8062280731,??????
263,擃?撣?皜臬?,皜臬???撟喳??楝300??120.3379,22.5681,擃?撣?皜臬?皜臬???撠飛,皜航??葛?葛??250,"瘞渡,?,?瘚?瘚瑕",憿???8131506333,??????
264,撅蝮?陸甇阡?,雿唾???1????120.6631,22.5703,雿唾?瘣餃?銝剖?,雿唾???100,"瘞渡,?,?瘚?,璆縑??978637308,??????
265,撅蝮?撌?,雿喳???雿唾?頝?9??120.5956,22.5712,雿喃???,雿喳??蔔雿?,100,瘞渡,????08-7832018,??????
266,撅蝮?撌?,?砍???銝剜迤頝?6??120.5678,22.5725,?砍???撅汗撱??砍???100,瘞渡,?╡銋?08-7812460,??????
267,擃?撣??桀?,?????像頝?35??120.320909,22.572651,擃?撣??桀?雿??撠飛,?典?蝬??,655,"瘞渡,?,?瘚?瘚瑕",?⊿?⊿脣?,07-8229801#101,??????
268,撅蝮?撌?,?砍??銴?頝?8??120.5723,22.5727,?砍???,?砍???,100,"瘞渡,?",暺???08-7811627,??????
269,撅蝮?姘?圈?,瘜散??瘣脖葉頝?0??120.5251,22.5756,憭扳???,瘜散?陶???之皝?,200,"瘞渡,?",?喳?皜?08-7887780,??????
270,擃?撣之撖桀?,?漯???漯頝?30??120.418885,22.576183,?漯?冗?瘣餃?銝剖?,?漯??150,"瘞渡,?,?瘚?瘚瑕",?曹?樴?7873668,??????
271,撅蝮?陸甇阡?,甇行蔬??瞏剖?撌?1??120.6361,22.578,甇行蔬瘣餃?銝剖?,甇行蔬??200,"瘞渡,?,?瘚?,????911917443,??????
272,撅蝮?撌?,?啣???撖控頝???120.6297,22.5802,镼踵??,?啣???300,瘞渡,?旨??08-7832248,??????
273,擃?撣??桀?,?迤????頝???120.326581,22.580243,擃?撣??桀??迤??撠飛,?典?蝬??,345,"瘞渡,?,?瘚?瘚瑕",?喳???07-8110965#310,??????
274,擃?撣?皜臬?,摮????儔銵???120.368282,22.582027,擃?撣??儔??銝剖飛,摮???雿?1000,"瘞渡,?,瘚瑕",璆???7911296嚗?1,??????
275,擃?撣之撖桀?,?瑟蔬???瑟蔬頝?26-1??120.385461,22.582377,皜控撖??瑟蔬??80,"瘞渡,?,?瘚?瘚瑕",?梢?蝯?8901608,??????
276,撅蝮?銝寥?,撖嗅???撅蝮?銝寥?撖嗅???啗楝1497??120.4887,22.5826,?砌號??,?????冽??偌隞???璉???150,"瘞渡,?,?瘚?瘚瑕",撘萄滬??08-7772014,??????
277,撅蝮?姘?圈?,蝡寧???祆迤頝?5??120.544,22.5828,蝡寧??,蝡寧??撏???撏??姘???雀蝟湔?,200,"瘞渡,?",雿陶摨?08-7710834,??????
278,擃?撣?皜臬?,獢???獢頝?90??120.350425,22.583128,擃?撣?皜臬?獢???撠飛,獢??葉??1255,"瘞渡,?,?瘚?瘚瑕",瘣芸???7910766嚗?10,??????
279,擃?撣??桀?,?????啗?頝?7??120.321031,22.583367,擃?撣????銝剖飛,???像蝑?摮像??蝢押?蝳柴?甇?縑蝢押??縑敺瑯噸????1200,"瘞渡,?,?瘚?瘚瑕",蝮賢?蝯?8217677,??????
280,擃?撣?皜臬?,摮????儔銵?7??120.3678,22.5834,擃?撣?皜臬??儔??撠飛,撱?,200,"瘞渡,?,?瘚?瘚瑕",憭晶敶?7916119330,??????
281,撅蝮?姘?圈?,蝡寧??銝剜迤頝?23??120.544,22.5847,蝡寧??,??悼鞊??撏?,60,瘞渡,????08-7711550,??????
282,擃?撣之撖桀?,?瑟蔬???瑟蔬頝?63-1??120.380306,22.584752,撖?憭拙?,?瑟蔬??70,"瘞渡,?,?瘚?瘚瑕",蝧???973806883,??????
283,擃?撣??桀?,?????啁?頝?00??120.308702,22.585437,擃?撣??桀????撠飛,?典?蝬??,473,"瘞渡,?,?瘚?瘚瑕",????07-8212448#831,??????
284,擃?撣??桀?,????敺瑟?頝?45??120.3139,22.5863,擃?撣?????銝剖飛,????隞?賬??柴??艾?晞銝准璁柴??瘚瑞?11??945,"瘞渡,?,?瘚?瘚瑕",敺摰?8215176頧?79,??????
285,擃?撣??桀?,撟喟????桐葉頝?32??120.32001,22.586862,擃?撣??擃?銝剖飛,?典?蝬??,2236,"瘞渡,?,?瘚?瘚瑕",蝮賢?銝颱遙雓???07-8226841#301,??????
286,?箸蝮?云暻駁???擐?????剖???8??120.993452,22.587759,擐??,擐??80,"瘞渡,?,?瘚?瘚瑕",?湧??089-781304,??????
287,擃?撣?瘣亙?,????銝剜散鈭楝203??120.2877,22.5879,擃?撣?瘣亙?憭扳???撠飛,????蝡?250,"瘞渡,?,?瘚?瘚瑕",暺???07-5712434頧?1,??????
288,擃?撣?瘣亙?,????銝剜散鈭楝207??120.286,22.5885,擃?撣??揖??銝剖飛,撖西???瘙?蝡寥?,600,"瘞渡,?,?瘚?瘚瑕",?∪???07-5714595頧?1,??????
289,撅蝮?撌?,瘜???瘞詨像頝?3-1??120.58,22.5885,?砍???撟澆???皞???瘜??‵暺?,60,"瘞渡,?",?╡銋?08-7812460,??????
290,撅蝮?銝寥?,?砍???撅蝮?銝寥??像镼輯楝157??120.4849,22.589,?擗?????40,"瘞渡,?,?瘚?瘚瑕",?╡??08-7771627,??????
291,撅蝮?銝寥?,?砍???撅蝮?銝寥??像镼輯楝155??120.485,22.5894,?砌號???蹂葉敹?擐冗??100,"瘞渡,?瘚?瘚瑕",暺???08-7772111,??????
292,擃?撣?瘣亙?,?????揖銝楝2??璅?120.284774,22.589974,擃?撣?瘣亙??祆?5璅之蝳桀?,????瘙?蝡寥?,250,"瘞渡,?,?瘚?瘚瑕",閰寞迤敹?07-5712500309,??????
293,擃?撣之撖桀?,?批????批?頝?48??120.381144,22.590008,雿?摰??批???200,"瘞渡,?,?瘚?瘚瑕",?單迤撖?932799319,??????
294,擃?撣陶撅勗?,????頝?76??120.362405,22.590382,擃?撣陶撅勗????撠飛,???摰?,393,"瘞渡,?,?瘚?瘚瑕",?剜?憡?7920257#740,??????
295,擃?撣陶撅勗?,蝳???鈭銝楝176??120.323885,22.590487,擃?撣?蝳?擃?銝剖飛,蝳???蟡乓?蝳?,1139,"瘞渡,?,?瘚?瘚瑕",?勗遣??8224646#400,??????
296,擃?撣??桀?,?格絲??璅嫣犖頝?61??120.317983,22.590548,擃?撣??桀??格???撠飛,?典?蝬??,1200,"瘞渡,?,?瘚?瘚瑕",鈭?蝯憒撰,07-8116575#32,??????
297,撅蝮?撌?,鈭???镼輻?頝?9??120.594,22.5908,鈭???,鈭???30,?,蝢???08-7832285,??????
298,擃?撣之撖桀?,憭批祚??憭批祚頝?40??120.416445,22.590861,擃?撣之撖桀?憭批祚??撠飛,憭批祚??撖桅?,420,"瘞渡,?,?瘚?瘚瑕,?詨?鈭?",?喳???7881062頧?0,??????
299,撅蝮?陸甇阡?,雿喳像??雿喳像撌?2??120.628948,22.591406,雿喳像瘣餃?銝剖?,雿喳像??100,"瘞渡,?,?瘚?,瞏??舀???928724018,??????
300,擃?撣之撖桀?,憭批祚??憭批祚頝?81??120.416643,22.591471,憭批祚?冗?瘣餃?銝剖?,憭批祚??150,"瘞渡,?,?瘚?瘚瑕",?喳???7881231,??????
301,撅蝮?陸甇阡?,雿喳像??5??20??120.6333,22.5915,瘜唳郎?葉,雿喳像???券?,300,"瘞渡,?,?瘚?,?⊿雓?憒?08-7831025,??????
302,擃?撣之撖桀?,?批???隞噸頝?6撌?1撘?2??120.396834,22.591949,瞉單散?孵?,?批???100,"瘞渡,?,?瘚?瘚瑕",銝慰瘛?7878390,??????
303,擃?撣之撖桀?,?批???隞噸頝?0??1,120.399701,22.591993,?瑁???批???200,"瘞渡,?,?瘚?瘚瑕",?剛帘??7881811,??????
304,撅蝮?銝寥?,????撅蝮?銝寥?撏????楝860??120.4615,22.5929,???,???????????????400,"?瘚?瘚瑕",????08-7061481,??????
305,擃?撣??桀?,,蝧漕?楝392??120.3153,22.5941,擃?撣摨冗???⊿?蝷?摰?閮剔??砍???頨怠?????銋?8甇脰64甇脤?摨艾扔?漲?粹????急??粹?銋???蝷???脰??啣摰蔭雿輯????身嚗?3,"瘞渡,?,?瘚?瘚瑕",?單??曹蜓隞?07-8151500??107,??????
306,擃?撣陶撅勗?,??????銵?01??120.335487,22.594316,擃?撣陶撅勗?????撠飛,??????璁柴??脤?,1484,"瘞渡,?,?瘚?瘚瑕",蝪∩摩??8215354#40,??????
307,擃?撣陶撅勗?,?桀???鈭鈭楝730撌???120.3283,22.5945,樴?摰??桀???100,"瘞渡,?,?瘚?瘚瑕",暺憛?07-8312677,??????
308,擃?撣之撖桀?,?批????批?頝?08-67??120.388157,22.594653,蝐唾?孵?,?批???80,"瘞渡,?,?瘚?瘚瑕",?∟??939307219,??????
309,撅蝮?銝寥?,?雁??撅蝮?銝寥??雁??蝬剜頝?67??120.49,22.595,?雁??,?雁??冽?????姘????50,"瘞渡,?",閮梁???08-7761987,??????
310,撅蝮???,蝢???摮訾犖頝?5??120.5566,22.595,???,蝢???120,"瘞渡,?,?瘚?瘚瑕",摰弧??08-7792544-14,??????
311,撅蝮?撌?,?祇????祈?頝?4??120.6112,22.5951,?祇?憭拐蜓??,?祇??竣撅望???敺瑟?,250,瘞渡,敺?鞈?08-7832005,??????
312,?箸蝮??撜圈?,???"3??32?o.132,Jialan,Jinfeng Township,Taitung County 964,TaiwanR.O.C.",120.961523,22.595308,??? Jialan Elementary School,???100,瘞渡,瘣芰??089-751224,??????
313,擃?撣陶撅勗?,鈭??曈唾頝?3??120.340798,22.595332,擃?撣陶撅勗?曈喟???撠飛,鈭??摰???,3106,"瘞渡,?,?瘚?瘚瑕",????7422751#40,??????
314,擃?撣陶撅勗?,靽???靽儔銵?00??120.348197,22.59641,擃?撣?曈喟???銝剖飛,靽???385,,?單旨頛?07-7929337#31,??????
315,撅蝮?銝寥?,?雁??撅蝮?銝寥??砌號頝?畾???120.4881,22.5966,?砌號?葉,?祆??窄???摰???500,"瘞渡,?,?瘚?瘚瑕",?暹?甈?08-7772020,??????
316,?箸蝮??撜圈?,???"4?啣???19?o.9,Jialan,Jinfeng Township,Taitung County 964,TaiwanR.O.C.",120.959985,22.596696,??暑?葉敹?Jialan Activity Center,???100,"瘞渡,?瘚?,??儔,089-751069,??????
317,擃?撣陶撅勗?,蝳???敹?頝?45??120.325055,22.596813,擃?撣陶撅勗?蝳???撠飛,蝳???蟡乓?蝳???,1267,"瘞渡,?,?瘚?瘚瑕",摰?銋?8120152#40,??????
318,擃?撣陶撅勗?,樴???樴?頝?11??120.328691,22.598112,擃?撣?鈭??銝剖飛,?桀?????蝢??脤?,1178,"瘞渡,?,?瘚?瘚瑕",撏???8319676,??????
319,擃?撣陶撅勗?,銝剖???銝剖??楝25??120.350798,22.599431,擃?撣陶撅勗?銝剖???撠飛,銝剖??葉瘞葉璁桅?,3054,"瘞渡,?",閮梯??07-7533244,??????
320,擃?撣之撖桀?,?冗??曈單?銝楝315銋?2??120.397972,22.600592,憭抒?祆?撣3璅?隞亙??箏?鞊∩誑?冗??芸??嗅捆摰蔭撠情,120,"瘞渡,?,?瘚?瘚瑕",?暹撅?7866866,??????
321,擃?撣??桀?,?孕???剛?頝?0??120.326798,22.600692,擃?撣??桀??孕??撠飛,?典?蝬??,1636,"瘞渡,?,?瘚?瘚瑕",????07-7221212#731,??????
322,擃?撣?瘣亙?,銝姘???揖銝楝275??120.2764,22.6008,擃?撣?瘣亙?銝剜散??撠飛,銝姘?葉瘣脯??葉??600,"瘞渡,?,?瘚?瘚瑕",?儔??07-5712225頧?31,??????
323,擃?撣??桀?,?????剛?頝?3??120.324758,22.602208,擃?撣??孕擃?銝剖飛,?典?蝬??,1000,"瘞渡,?,?瘚?瘚瑕",雓璁?07-8152271#310,??????
324,擃?撣之撖桀?,銝祚??銝祚頝?08銋?5??120.422136,22.602808,擃?撣?憭批祚撟澆???銝祚??150,"瘞渡,?,?瘚?瘚瑕",????7877409,??????
325,擃?撣之撖桀?,瘞貉???脣飛頝?50??120.39266,22.602926,擃?撣?憭批祚??銝剖飛,瘞貉??150,"瘞渡,?,?瘚?瘚瑕,?詨?鈭?",?暹悸摰?7818038,??????
326,擃?撣陶撅勗?,銝剜旨??銝剖?鈭楝487??120.353555,22.603304,擃?撣?銝剖???銝剖飛,銝剜旨?葉瘞?蝢拚?,469,"瘞渡,?,?瘚?瘚瑕",瘙???7538686#173,??????
327,擃?撣之撖桀?,銝???甇??銵?5??120.406342,22.60349,銝??冗?瘣餃?銝剖?,銝???40,"瘞渡,?,?瘚?瘚瑕",???7816192,??????
328,擃?撣陶撅勗?,甇?儔????銵?5??120.340127,22.603997,擃?撣陶撅勗?甇?儔??撠飛,甇?儔???脯??蝢?,1025,"瘞渡,?,?瘚?瘚瑕",撘萇?暻?7714440#40,??????
329,?箸蝮??撜圈?,甇????"2??8?o.28,Zhengxing,Jinfeng Township,Taitung County 964,TaiwanR.O.C.",120.996484,22.604086,甇???暑?葉敹hengxing Activity Center,甇????100,"瘞渡,?,?瘚?,?喲脰?,089-782497,??????
330,撅蝮?陸甇阡?,瘜唳郎??憭扳郎撅曹?銵?0??120.6117,22.6046,瘜唳郎瘣餃?銝剖?,瘜唳郎??300,"瘞渡,?,?瘚?,瘙??921317840,??????
331,擃?撣??桀?,撱粹???銝剖控銝楝43??120.3083,22.6051,擃?撣????銝剖飛,敹???隤遣??正?脯正撅晞????鞊?銝准?甈?1200,"瘞渡,?,?瘚?瘚瑕",?單迤??8215176頧?79,??????
332,撅蝮?姘?圈?,蝢???樴?頝?30??120.5476216,22.60513,蝡寧??撟澆???"镼踹??蝳??瘞貉???蝢???,200,"瘞渡,?",摰???08-7791130,??????
333,擃?撣之撖桀?,瘞貉??曈單?銝楝499??120.395195,22.605277,擃?撣之撖桀?瘞貉??撠飛,瘞貉??????蝷暸?????瞏剝?,600,"瘞渡,?,?瘚?瘚瑕,?詨?鈭?",憿???7812814頧?0,??????
334,擃?撣??桀?,?????頝?00??120.337,22.6061,擃?撣??桀?????撠飛,????????鞊?撟喋?撗～??胯?蟡乓????????晞???隤?镼輻?15??1781,"瘞渡,?,?瘚?瘚瑕",瘣芰╡??8215176頧?79,??????
335,擃?撣陶撅勗?,,?望?頝???120.3623,22.6077,?僖??,憒??脰??啣?嗅捆摰蔭?寞??嚗???隤踹漲?嗅捆撠情,400,"瘞渡,?,?瘚?瘚瑕",蝷暹?撅?蝘???敺瑁??3368333頧?063,??????
336,擃?撣陶撅勗?,,?望?頝???120.3623,22.6077,銝剜迤??,憒??脰??啣?嗅捆摰蔭????剁?閬?瘜矽摨行摰孵?鞊?500,"瘞渡,?,?瘚?瘚瑕",蝷暹?撅?蝘???敺瑁??3368333頧?063,??????
337,擃?撣之撖桀?,撅梢???撅梢?頝?11??120.388806,22.607807,擃?撣之撖桀?撅梢???撠飛,撅梢???甇阡?,200,"瘞渡,?,?瘚?瘚瑕,?詨?鈭?",?單?蝣?7828205頧?0,??????
338,擃?撣??桀?,镼踹控??瘞?鈭楝331??120.311425,22.608203,擃?撣??桀?敺抵???撠飛,?典?蝬??,800,"瘞渡,?,?瘚?瘚瑕",?獢?07-3351784#731,??????
339,擃?撣??桀?,蝡孵???脫?頝?1??120.322489,22.608234,擃?撣??桀?璅黎??撠飛,?典?蝬?隤踹漲,300,"瘞渡,?,?瘚?瘚瑕",蝮賢?蝯?7225846,??????
340,擃?撣之撖桀?,撅梢???撅梢?頝?78??120.388518,22.608247,撅梢??冗?瘣餃?銝剖?,撅梢???250,"瘞渡,?,?瘚?瘚瑕",璆???7838787,??????
341,擃?撣??桀?,瘞???瘝望?銵?00??120.314444,22.608482,擃?撣??桀?瘞???撠飛,?典?蝬??,1568,"瘞渡,?,?瘚?瘚瑕",?孵迤??07-5367177#310,??????
342,擃?撣?瘣亙?,????銝剜散銝楝623??120.2715,22.609,擃?撣?瘣亙??揖??撠飛,???偶摰???葉?胯儔??,120,"瘞渡,?,?瘚?瘚瑕",暺?暾?5715133頧?31,??????
343,擃?撣??桀?,蝡寡正??撱?銝?73??璅?120.3198654,22.60930404,擃?撣姘镼輸?瘣餃?銝剖?,?典?蝬??,100,"瘞渡,?,?瘚?瘚瑕",蝮賢?蝯?8215176,??????
344,撅蝮???,?批???撱??頝???120.5659,22.61,?批???,?批???????120,"瘞渡,?,?瘚?瘚瑕",撘萄振撽?08-7792055頧?4,??????
345,擃?撣??桀?,蝡寡正???鈭楝80??120.317629,22.610595,擃?撣?銝剜迤擃?撌交平?瑟平摮豢,???摮姘镼踴儔?姘銝准姘?扼?蝡嫘姘?晞姘?姘??10??1000,"瘞渡,?,?瘚?瘚瑕",蝮賢?蝯?7232301,??????
346,擃?撣??桀?,蝡寞???像鈭楝170??120.322944,22.61083,擃?撣????銝剖飛,?典?蝬??,600,"瘞渡,?,?瘚?瘚瑕",蝮賢?蝯?7222622,??????
347,撅蝮???,?批?????頝?83??120.5695,22.611,?批???摨瑚葉敹??批???????120,"瘞渡,?,?瘚?瘚瑕",??敹?08-7781184,??????
348,擃?撣??桀?,??????銵?9??120.331091,22.611085,擃?撣?????銝剖飛,?典?蝬??,200,"瘞渡,?,?瘚?瘚瑕",蝮賢?銝颱遙??璁?07-7713181,??????
349,撅蝮???,?批?????頝?62??120.5705,22.6113,?批??葉,"?抒??撱箄???鞊??蝡孵???,120,"瘞渡,?,?瘚?瘚瑕",暺蟡?08-7792013頧?4,??????
350,?箸蝮?云暻駁???憭抒?????頝?0??121.003685,22.613304,憭抒???,憭抒??陸??,100,"瘞渡,?,?瘚?瘚瑕",暺???089-781342,??????
351,擃?撣陶撅勗?,?啁???啣?頝?55??120.339923,22.613771,擃?撣陶撅勗??啁??撠飛,?啁?撘瑯瘜啜甇艾璅郎瞍Ｕ郎?園?,2199,"瘞渡,?,?瘚?瘚瑕",靘臭?璁?7668170#40,??????
352,擃?撣???,????舀銵?9??120.297064,22.613929,擃?撣???????撠飛,????瘣脯???銝准?????920,"瘞渡,?,?瘚?瘚瑕",蝢偶??3341882130,??????
353,擃?撣??桀?,敹???鈭?鈭楝194??120.312716,22.61396,擃?撣??桀??黎??撠飛,?典?蝬??,1000,"瘞渡,?,?瘚?瘚瑕",?⊿?單???07-3320323#10,??????
354,擃?撣之撖桀?,??????頝?4??120.411173,22.613987,甇虫劑摰?????200,"瘞渡,?,?瘚?瘚瑕",?剖振??7817327,??????
355,擃?撣之撖桀?,?郎??瘞?頝?17-1??120.384658,22.614458,?郎?冗?瘣餃?銝剖?,?郎??20,"瘞渡,?,?瘚?瘚瑕",????7836672,??????
356,擃?撣???,?正???雁?楝61??120.3005,22.6145,擃?撣?瘣脣?瘞?摮?????镼踴??晞?隤?銝准镼踴犖??855,"瘞渡,?,?瘚?瘚瑕",?⊥??3351804310,??????
357,?箸蝮?云暻駁???憭抒???11?圈?摰楝39??120.993368,22.614936,??摨?憭抒??陸??????50,"瘞渡,?,?瘚?瘚瑕",?單偌??089-782297,??????
358,?箸蝮?云暻駁???憭抒???11?圈?摰楝33??120.993368,22.614936,憭芷獄???犖?尹,憭抒??陸??????100,"瘞渡,?,?瘚?瘚瑕",?喟???089-781301,??????
359,撅蝮?銝寥?,蝷曄??撅蝮?銝寥?蝷曄頝臭?畾?50??120.4681,22.615,蝷曄??,蝷曉?冗?格??????冗銝剜???撖格???100,"瘞渡,?,?瘚?瘚瑕",暺?鞎?08-7072162,??????
360,擃?撣???,?眼???望?頝?47??120.324395,22.615251,擃?撣??望???銝剖飛,???鞎氬?璁柴??1382,"瘞渡,?,?瘚?瘚瑕",?喳?摰?715094933,??????
361,撅蝮???,?抒???芸撥頝?5??120.5629,22.6155,?勗祐??,?勗祐???勗??銝邦???梁???120,"瘞渡,?,?瘚?瘚瑕",?梁???08-7785563,??????
362,撅蝮?銝寥?,蝷曄??撅蝮?銝寥?憭扳?頝?95??120.4691,22.6157,?犖?熒瘣餃?銝剖?,撏???150,"瘞渡,?,?瘚?瘚瑕",敺???08-7070982,??????
363,撅蝮?銝寥?,蝷曄??撅蝮?銝寥?憭扳?頝?95??120.4691,22.6157,?犖?熒瘣餃?銝剖?,撏???150,"瘞渡,?,?瘚?瘚瑕",敺???08-7070982,??????
364,撅蝮?銝寥?,撱????撅蝮?銝寥?撱???誨敹?8撌?5??120.4905,22.6157,撱????,撱????30,"瘞渡,?瘚?瘚瑕",擃???08-7772444,??????
365,撅蝮?姘?圈?,镼踹??樴?頝?6??120.524088,22.615722,蝡寧?葉,蝚砌??嗅捆?,600,"瘞渡,?",?唾鞎?08-7792024,??????
366,擃?撣之撖桀?,????暺?頝?5銋?0??120.410497,22.616179,暺??扔銝?畾?????200,"瘞渡,?,?瘚?瘚瑕",暺予敺?7819915,??????
367,撅蝮???,撖????頝?02??120.5401,22.6163,撖??,撖???航???120,"瘞渡,?,?瘚?瘚瑕",?單??08-7791034,??????
368,擃?撣之撖桀?,敹儔??敹儔頝???120.384143,22.616353,擃?撣之撖桀?敹儔??撠飛,敹儔?葉????摨?,200,"瘞渡,?,?瘚?瘚瑕,?詨?鈭?",?剖挪摰?7812858頧?0,??????
369,擃?撣陶撅勗?,?啣撥??頛掃頝?00??120.342588,22.616576,擃?撣?曈喟??銝剖飛,?啣撥?撖?,1917,"瘞渡,?,?瘚?瘚瑕",????7675300#31,??????
370,擃?撣陶撅勗?,????暺??唳??撌?8??120.363867,22.616848,擃?撣陶撅勗?隤迤??撠飛,????梢?,641,"瘞渡,?",瘝飛??07-7463417#40,??????
371,擃?撣陶撅勗?,??????梯楝100??120.358728,22.61715,擃?撣陶撅勗?曈唾正??撠飛,????敺瑯?蝢拚?,1711,"瘞渡,?,?瘚?瘚瑕",暺???7417655#40,??????
372,擃?撣陶撅勗?,?????啣?頝?30??120.349428,22.617854,擃?撣陶撅勗?敹???撠飛,????瘜啜???,1898,"瘞渡,?",?臭蔔?,07-7632257#40,??????
373,擃?撣???,?臬????雁銝楝176??120.30541,22.618047,擃?撣?????銝剖飛,隞?誨瞉扎??啜?銝准???945,"瘞渡,?,?瘚?瘚瑕",????3353307,??????
374,擃?撣之撖桀?,敹儔????蝳頝?9-1??120.382478,22.618515,敹儔??颲血??璅?敹儔??20,"瘞渡,?,?瘚?瘚瑕",?游曀?7828959,??????
375,擃?撣之撖桀?,銝剛?????頝?撌???120.387461,22.618811,銝剛??冗?瘣餃?銝剖?,銝剛???25,"瘞渡,?,?瘚?瘚瑕",?蝢?7811786,??????
376,擃?撣???,蝳熒??瞍ａ銵?7??120.32935,22.618957,擃?撣???蝳熒??撠飛,?????摨瑯?鈭箝??啜?撅???1764,"瘞渡,?,?瘚?瘚瑕",?單摰?7227134#732/735,??????
377,擃?撣陶撅勗?,隤迤??蝬剜郎頝???120.3656,22.6192,暺???,憒??脰??啣?嗅捆摰蔭?寞??嚗???隤踹漲?嗅捆撠情,600,"瘞渡,?,?瘚?瘚瑕",蝷暹?撅?蝘???敺瑁??3368333頧?063,??????
378,擃?撣陶撅勗?,?????陸頝?畾?1??120.346448,22.619923,擃?撣?敹???銝剖飛,???撖??絲瘣???瘜圈?,1800,,?膝憒?07-763525235,??????
379,擃?撣?撅勗?,蝬剔???曌控銝頝???120.2745,22.6202,?唳膨??,憒??脰??啣?嗅捆摰蔭?寞??嚗???隤踹漲?嗅捆撠情,230,"瘞渡,?,?瘚?瘚瑕",蝷暹?撅?蝘???敺瑁??33683332060-2062,??????
380,擃?撣???,?湔????雁銝楝2??璅?120.312,22.6205,擃?撣摨冗??摰?振????寞??折“銋仃靘?蝡亙?撟湛?憒??啣摰蔭憪????脰??身,3,"瘞渡,?,?瘚?瘚瑕",蝷暹?撅憍血戊??霅瑟???璆剖??輯齒鈭?07-3303353,??????
381,擃?撣???,?湔????雁銝楝2??璅?120.312,22.6205,擃?撣摨冗???賢?摰嗅?,??寞??折“銋仃靘?蝡亙?撟湛?憒??啣摰蔭憪????脰??身,3,"瘞渡,?,?瘚?瘚瑕",蝷暹?撅憍血戊??霅瑟???璆剖??輯齒鈭?07-3303353,??????
382,擃?撣???,?噸??銝?鈭楝100??120.324166,22.62062,擃?撣???鈭???撠飛,?桀予?????胯?镼踴?銝准?瘜??葉甇???嗚??敺?582,"瘞渡,?,?瘚?瘚瑕",?斗摰?751107431,??????
383,撅蝮???,?????脫?頝?3??120.5815,22.6207,?脰??,????蝢拐滬??120,"瘞渡,?",?喟???08-7793004頧?3,??????
384,擃?撣???,????鈭?銝楝122??120.2927,22.6209,擃?撣?擃?擃?憟喳?銝剖飛,???冗镼踴冗?晞??晞?镼踴旨敺押??,1145,"瘞渡,?,?瘚?瘚瑕",暺???07-2115418,??????
385,擃?撣厭??,?脖???憭扳頝?50??120.288,22.621,擃?撣厭???旨??撠飛,?脖????啜?蝡舫?,200,"瘞渡,?,?瘚?瘚瑕",???5218625,??????
386,擃?撣之撖桀?,??????頝?9??120.393778,22.621389,雓??艇撱?????50,"瘞渡,?,?瘚?瘚瑕",?單迤??7025519,??????
387,擃?撣厭??,瘝單膨??憭扳頝?1??120.2852,22.6216,擃?撣厭??敹???撠飛,?典?,563,"瘞渡,?,?瘚?瘚瑕",璆?撟?551-4887#310,??????
388,?箔葉撣?暽踹?,????甇?儔頝?18??120.3381,22.6219,瘝嘀撟澆???摮???????116,"瘞渡,?,?瘚?瘚瑕",瘣芷???04-26634853,??????
389,擃?撣???,?????僑銝頝?03??120.312653,22.623092,擃?撣????雁??撠飛,?桃???撖???摰?蝢?2236,"瘞渡,?,?瘚?瘚瑕",瘝窄??3348199#310,??????
390,擃?撣之撖桀?,蝧???蝧?頝?9銋???120.408663,22.623246,蝧??冗?瘣餃?銝剖?,蝧???60,"瘞渡,?,?瘚?瘚瑕",??鞎?7813753,??????
391,擃?撣之撖桀?,蝧???蝧?頝?9??120.408663,22.623246,擃?撣之撖桀?蝧???撠飛,蝧?????,400,"瘞渡,?,?瘚?瘚瑕,?詨?鈭?",靘舫脫?,7811685頧?0,??????
392,擃?撣?撅勗?,?????冽絲鈭楝50??120.2713,22.6236,擃?撣?撅勗?曌控??撠飛,?餃控?ˊ撅晞雁????寥?陸?辣撟喋瘞?摰???皞?,745,"瘞渡,?,?瘚?瘚瑕",蝮賢?銝颱遙,5217795,??????
393,擃?撣厭??,?脖????唳?銵?6??120.2879,22.6236,擃?撣?暽賢???銝剖飛,???????ˊ?葉????????300,"瘞渡,?,?瘚?瘚瑕",?⊥??5517524,??????
394,擃?撣厭??,瘙???鈭??楝183??120.2829,22.6237,擃?撣厭??暽賢???撠飛,銝剖控?璅?隞眾瞈晞葛?賬?镼踴鞊璈典??????,100,"瘞渡,?,?瘚?瘚瑕",?眼??5210626110,??????
395,擃?撣陶撅勗?,????憭扳銝頝???120.362625,22.623852,擃?撣陶撅勗?憭扳??撠飛,銝???晞??????,367,"瘞渡,?",鞈湧???7462344#40,??????
396,擃?撣???,蝳孕??蝳噸銝楝96??120.3269,22.6241,擃?撣???蝳??撠飛,憟??憯賬?????蟡乓?瘚瑯?镼踴偶摨?1087,"瘞渡,?,?瘚?瘚瑕",?單???7510048132/2623513132,??????
397,擃?撣??,?﹛??鈭?鈭楝218??120.304,22.6244,擃?撣??啗?擃?銝剖飛,?勗?慰瘞?銵～??舫?,1091,"瘞渡,?瘚?瘚瑕",????07-2727127#3010,??????
398,擃?撣厭??,????憭找?頝???璅?120.2868,22.6248,暽賢???祆?11璅之蝳桀?,?典?嚗??摰喳??閮哨?,50,"瘞渡,?,?瘚?瘚瑕",憿?撅?5513316-100,??????
399,擃?撣陶撅勗?,????銝剖控頝?31??120.356507,22.624823,擃?撣陶撅勗?曈喳控??撠飛,????銝准?????,873,"瘞渡,?,?瘚?瘚瑕",瘣芣迤??7419119#41,??????
400,擃?撣陶撅勗?,蝮???蝬郎頝?0??120.3592,22.6252,曈喳控??祆?憭抒旨???典?銝餉?隞交??????蝡嫘?敺瑯??陶?晞?研?瘞?瘜啜?隞?????????溯瘞湔??Ｗ???嗅捆?箔蜓,200,"瘞渡,?,?瘚?瘚瑕",?唾???07-7422111,??????
401,擃?撣陶撅勗?,?姘??銝剖控?梯楝227??120.372009,22.625285,擃?撣?曈喳控??銝剖飛,?姘?葉甇?陶?晞?敺瑯??箝?靽⊿?,2327,"瘞渡,?,?瘚?瘚瑕",?Ｗ?撘?7462774#100,??????
402,擃?撣??,瘚拍??鈭?鈭楝3??120.3095,22.6257,擃?撣?擃?擃?擃??瑟平摮豢,瘚拍?噸?偶撖扼迤瘞??,1036,"瘞渡,?,?瘚?瘚瑕",?單?鈭?07-2269975#1411,??????
403,擃?撣???,????憭批?鈭楝61??120.293922,22.626351,擃?撣???????撠飛,?????儔??????蝬?蝺仿???1564,"瘞渡,?,?瘚?瘚瑕",?喟?憒?07-2829001,??????
404,擃?撣???,甇?儔??銝剜迤銝頝???120.338791,22.626491,擃?撣?銝剜迤擃?銝剖飛,甇?儔?迤隞??遣頠?甇?3294,"瘞渡,?,?瘚?瘚瑕",??鞈?7491992#8301,??????
405,擃?撣??,瘞詨祐??瘞?銝頝?21??120.305317,22.627003,擃?撣???啗???撠飛,???噸?踴?脯???1182,"瘞渡,?,?瘚?瘚瑕",?眾蝧?07-2412119#131,??????
406,撅蝮?陸甇阡?,?砍???1????120.6384,22.6274,?砍?瘣餃?銝剖?,?砍???100,"瘞渡,?,?瘚?,?望迤??08-7830328,??????
407,擃?撣???,?????芸撥鈭楝169????璅?120.2943,22.6276,????祆?5璅之蝳桀?,?典?撠??賢拿?芸??身,25,瘞渡,?∠撅?07-2723133#101,??????
408,擃?撣??,璁格祥??憭批?銝頝?31??120.2985,22.628,擃?撣??憭批???撠飛,璁格祥?之????撅晞撽?,964,"瘞渡,?,?瘚?瘚瑕",?曄???07-2823039#31,??????
409,擃?撣陶撅勗?,?日????頝???120.37408,22.628249,擃?撣陶撅勗?銝剜迤??撠飛,?日????陶?梢?,0,"瘞渡,?,?瘚?瘚瑕",?∠???7012831#131,??????
410,擃?撣之撖桀?,皞芸祚??皞芸祚頝?4銋???120.420494,22.628398,皞芸祚?冗?瘣餃?銝剖?,皞芸祚??60,"瘞渡,?,?瘚?瘚瑕",?摰?6517736,??????
411,擃?撣陶撅勗?,????銝剜迤頝?72??120.361,22.6284,?箇?陶撅梢?????典?嚗蜓閬誑?啗????????陶?晞?研?瘞?瘜啜?隞????蝑?瘛寞偌瞏???嗅捆?箔蜓嚗?150,"瘞渡,?,?瘚?瘚瑕",????07-7462676,??????
412,擃?撣???,敺????剖?鈭楝278??120.2905,22.6294,擃?撣?????銝剖飛,?啁????????1218,"瘞渡,?,?瘚?瘚瑕",?⊥?璇?07-2725981,??????
413,擃?撣陶撅勗?,敹????儔頝臭?畾?30??120.345723,22.629893,??曈喳控擃?銝剖飛,敹???蝢押葉?镼輸?,200,"瘞渡,?,?瘚?瘚瑕",雿派甈?7463150#430,??????
414,撅蝮?摰園?,???5??8??120.6264,22.63,?蝷曉?瘣餃?銝剖?,???148,"瘞渡,?瘚?,?予??08-7990107,??????
415,擃?撣???,甇?之??頛?頝?00??120.333309,22.630177,擃?撣???銝剜迤??撠飛,甇???迤閮?迤憭扼迤敹迤??1855,"瘞渡,?,?瘚?瘚瑕",?唾???7225936,??????
416,擃?撣陶撅勗?,??????頝?71??120.368353,22.63018,擃?撣陶撅勗?????撠飛,???絲??,1309,"瘞渡,?,?瘚?瘚瑕",瞏?撖?7429803#10,??????
417,擃?撣陶撅勗?,,??頝?77撌?8??120.3648,22.6303,曈喳控銵???銝剖?,曈喳控銵?銝剖??????銵?,32,"瘞渡,?,?瘚?瘚瑕",銵?銝剖?銝颱遙,07-7190895,??????
418,擃?撣之撖桀?,皞芸祚??皞芸祚頝?9??120.420439,22.630524,擃?撣之撖桀?皞芸祚??撠飛,皞芸祚?儔??,100,"瘞渡,?,?瘚?瘚瑕,?詨?鈭?",樴???6516256頧?0,??????
419,擃?撣陶撅勗?,敹????儔頝臭?畾?20撌???120.349906,22.630617,擃?撣陶撅勗?銝剖控??撠飛,敹???蝢拚?,1759,"瘞渡,?",??璁?07-7458021#40,??????
420,擃?撣陶撅勗?,敹????僑頝臭?畾?9??120.349,22.630785,擃?撣??僑??銝剖飛,敹???蝳镼輸?,376,"瘞渡,?,?瘚?瘚瑕",暺???7190419#31,??????
421,撅蝮???,???憯賣?頝?16??120.5943,22.6308,瘜啣???,???銝剜???120,"瘞渡,?,?瘚?瘚瑕",瘨歲??08-7783031頧?4,??????
422,?箸蝮?云暻駁???????銝?云暻駁?鈭?-??,120.9994,22.6313,??瘣餃?銝剖?,????30,"瘞渡,?,?瘚?瘚瑕",??蝧?089-781302,??????
423,擃?撣??,????銝剜迤銝楝32??120.311,22.6316,擃?撣??靽∠儔??撠飛,??????撟喋??葉?晞???噸??,1091,"瘞渡,?,?瘚?瘚瑕",????07-2365163#31,??????
424,擃?撣?撅勗?,????曌控鈭楝37撌?4??120.280013,22.631757,擃?撣?撅勗?憯賢控??撠飛,???控銝?,345,"瘞渡,?瘚?瘚瑕",蝮賢?銝颱遙,5514393,??????
425,擃?撣???,?????芰?鈭楝111??120.2979,22.6324,擃?撣???撱箏???撠飛,?瑁???瘙?撅晞?撌??,516,"瘞渡,?,?瘚?瘚瑕",?望?撌?2860128,??????
426,擃?撣?撅勗?,????曌控鈭楝37撌?08??120.278437,22.633012,擃?撣?憯賢控??銝剖飛,????745,"瘞渡,?,?瘚?瘚瑕",蝮賢?銝颱遙,5519150,??????
427,擃?撣?瘞?,蝡噸??撣葉銝頝?39??120.2878,22.634,擃?撣?瘞?瘝單膨??撠飛,蝡噸??銵???蝘???瘞???鋆????梢?,745,"瘞渡,?,?瘚?瘚瑕",雓?鞊芰蜇?蜓隞?2211408#731,??????
428,擃?撣??,銝剜??銝郭銝頝?93??120.307,22.634,擃?撣??銝郭??撠飛,?葛???瘙???撟喋遣?遣??1091,"瘞渡,?瘚?瘚瑕",撘萇儔??07-2351150#813,??????
429,擃?撣陶撅勗?,?????頝?2??120.352746,22.6344,擃?撣陶撅勗????撠飛,???蝳?銵⊿?,3170,"瘞渡,?,?瘚?瘚瑕",撠斗?瘜?7450949,??????
430,擃?撣之撖桀?,銝剖???銝剖?頝?9??120.397497,22.634717,擃?撣之撖桀?銝剖???撠飛,銝剖???100,"瘞渡,?,?瘚?瘚瑕,?詨?鈭?",?悸??7032838頧?0,??????
431,擃?撣?瘞?,?革??銝?銵?22??120.2906,22.6354,"?革,??,蝡噸,曈喳??臬??暑?葉敹?,?革??????敺琿??陶??,200,"瘞渡,?,?瘚?瘚瑕",銝?,2158892,??????
432,擃?撣?瘞?,?噸??銝?銵?9-1??120.2958,22.6361,銝????瘣餃?銝剖?,?噸?遣?梢??陶???葛镼輸?,500,"瘞渡,?,?瘚?瘚瑕",????07-2852190,??????
433,擃?撣???,瘞蜓???脫頝?35??120.319935,22.636415,擃?撣????望???撠飛,摰孕??甈?銝颯?蝳?1273,"瘞渡,?,?瘚?瘚瑕",??蝢?2235181,??????
434,擃?撣之撖桀?,銝剖?????頝臭?畾?437??120.401844,22.636416,擃?撣?銝剖???銝剖飛,銝剖???撅梢?,800,"瘞渡,?,?瘚?瘚瑕,?詨?鈭?",?批???7033166頧?10,??????
435,擃?撣?瘞?,????撱箏?銝楝216??120.2911,22.6367,擃?撣?瘞?銝???撠飛,????甇脤??陶???陶???噸镼輸??噸??818,"瘞渡,?,?瘚?瘚瑕",閮望蝬?2810378#31,??????
436,擃?撣?撅勗?,撖嗆邦??曌控鈭楝166??120.281,22.6368,曌控?銵銝剖?銝?憭抒旨???典?嚗??閮哨?,20,"瘞渡,?,?瘚?瘚瑕",?剖??瑟???5311191,??????
437,擃?撣之撖桀?,瘙控??瘙控頝?1??120.411378,22.63768,瘙控?冗?瘣餃?銝剖?,瘙控??30,"瘞渡,?,?瘚?瘚瑕",閮曹?撌?7016158,??????
438,擃?撣之撖桀?,敺???瘞?頝?8??120.389503,22.637822,擃?撣之撖桀?敺???撠飛,敺???360,"瘞渡,?,?瘚?瘚瑕,?詨?鈭?",?喟?甇?7035278,??????
439,撅蝮???勗?,樴???祈銵?82??120.4822,22.6379,撅撣擗典?撠??祇尹???喲????舫?,630,"瘞渡,?",???08-7522205#14,??????
440,擃?撣?瘞?,撱箸??撱箏?銝楝50??120.298,22.6382,擃?撣?擃?擃?銝剖飛,撱箸?????葛?圈?????????葛?梢??葛镼輸?,2794,"瘞渡,?,?瘚?瘚瑕",?喲?憡蜇????2862550#108??67,??????
441,擃?撣?瘞?,撖嗅噸???郎頝?5??120.3343,22.6388,擃?撣?瘞??郎??撠飛,撖嗅噸?窄瘞??窄???窄???窄?舫??窄璆剝??窄???窄?園?,1564,"瘞渡,?,?瘚?瘚瑕",?舀???3867458#31,??????
442,擃?撣陶撅勗?,?桀????劓銵???120.3658,22.6393,?劓摰??桀??郎?整??,100,"瘞渡,?,?瘚?瘚瑕",頞???07-7451531,??????
443,擃?撣?撅勗?,瘝喲???瘝喲?銵?55??120.283,22.6401,擃?撣?撅勗?曌痔??撠飛,曌痔?邦敺瑯眾?窄璅嫘?撌?摰????控銝?,364,"瘞渡,?,?瘚?瘚瑕",蝮賢?銝颱遙,5515513,??????
444,擃?撣?瘞?,撖嗅噸??閬箸?頝?63??120.33318,22.640511,擃?撣?瘞???銝剖飛,撖嗆陸?窄敺琿?,1673,"瘞渡,?,?瘚?瘚瑕",撱?蟡?3818718#31,??????
445,擃?撣?瘞?,敺瑕???敺瑕?銵?70??120.2951,22.6406,"敺瑕?,?,???臬??暑?葉敹?,敺瑕????券???蝢?,200,"瘞渡,?,?瘚?瘚瑕",????910720976,??????
446,擃?撣陶撅勗?,?噸???﹛頝?56??120.353925,22.640693,擃?撣陶撅勗??噸??撠飛,?控???晞?敺琿?,250,"瘞渡,?,?瘚?瘚瑕",?喃蔔??7768723#41,??????
447,擃?撣?瘞?,撖嗅???閬箸?頝?85??120.3289,22.6407,撖嗅??暑?葉敹?撖嗅???50,"瘞渡,?,?瘚?瘚瑕",?撠?扛??蝣抒?,07-3891818,??????
448,擃?撣之撖桀?,敺?????頝?88??120.390201,22.640743,敺??犖瘣餃?銝剖?,敺???150,"瘞渡,?,?瘚?瘚瑕",暺儔??7012766,??????
449,撅蝮??瘣?,暻???銝剖控頝?58??120.536,22.641,暻???,暻???????頞暹?嚗?閮????蝙?具?50,瘞渡,?曉ˊ??08-7222553,??????
450,撅蝮???,???摮詨?頝???120.5960839,22.64119569,??撅蝘?憭批飛摮孕擃擗??函腦,500,"瘞渡,?",靘臬?蝢?08-7740150,??????
451,撅蝮???勗?,?祇尹???祈?頝?1??120.4842,22.6412,撅蝮???祆迤?葉,?啗??????之皝?,2413,"瘞渡,?",瞏凋輔??08-7522097#14,??????
452,擃?撣之撖桀?,蝢拙???蝢拙?頝?66??120.420934,22.641423,蝢拙?隞?予摨?蝢拙???30,"瘞渡,?,?瘚?瘚瑕",憪???6514033,??????
453,擃?撣陶撅勗?,?桀???曈喳?頝?70??120.368052,22.642652,擃?撣陶撅勗??桀???撠飛,敹????,1767,"瘞渡,?",???07-7311709#204,??????
454,?箸蝮??撜圈?,?啗???"1???o.1,Xingxing,Jinfeng Township,Taitung County 964,TaiwanR.O.C.",121.002857,22.64298,?啗??? Xingxing Elementary School,?啗???100,瘞渡,暺蔭皞?089-781687,??????
455,擃?撣?瘞?,敺瑟???芰銝頝?2??120.3088,22.643,"敺瑟,敺瑚??暑?葉敹?,敺瑟?噸隞???敺琿???敺琿???隞?????,200,"瘞渡,?,?瘚?瘚瑕",????07-3214842,??????
456,擃?撣?瘞?,撖嗅噸??憯賣?頝???120.3339,22.6431,撖嗥?皞?瘣餃?銝剖?,撖嗅噸??500,"瘞渡,?,?瘚?瘚瑕",璆???3859911,??????
457,擃?撣?瘞?,?砌???蝢抵頝?66??120.340424,22.643129,擃?撣??賣???銝剖飛,?砌?????窄???摰?,2130,"瘞渡,?,?瘚?瘚瑕",?單???蝮賢?銝颱遙,3892919#32,??????
458,擃?撣?瘞?,摰??撟喟?頝?97??120.3202,22.6435,擃?撣?瘞?瘞???撠飛,摰??????摨琿???撖折??迤??,1582,"瘞渡,?,?瘚?瘚瑕",撘菜暻蜇????3860526#834,??????
459,擃?撣陶撅勗?,敹???曈單頝?42??120.3648,22.6436,擃?撣??摰寞?閮毀銝剖?,嚗??閮哨???啣摰蔭銋撣???400,"瘞渡,?,?瘚?瘚瑕",蝷暹?撅?蝘???敺瑁??3368333頧?063,??????
460,擃?撣?瘞?,撌????銝楝442??120.283,22.6442,銝剝?啣??臬??暑?葉敹??????梢???瘞???鋆???蝘??噸镼輸?,500,"瘞渡,?,?瘚?瘚瑕",?摰?3128598,??????
461,擃?撣?瘞?,甇????閬箸?頝?50??120.319684,22.644461,擃?撣?甇????銝剖飛,甇???窄樴??窄銝剝??銝剝?,1455,"瘞渡,?,?瘚?瘚瑕",?喟???蝮賢?銝颱遙,3809591#320,??????
462,擃?撣?瘞?,?噸???銝頝???120.3137,22.6445,擃?撣?瘞?????撠飛,?噸?????噸隞??噸?粹????,709,"瘞渡,?,?瘚?瘚瑕",暺???3161191#231,??????
463,擃?撣?瘞?,摰???銝頝?02??120.3067,22.6453,擃?撣?瘞?????撠飛,摰??????隞???????????敺琿?,982,"瘞渡,?,?瘚?瘚瑕",?蔔??3110708#31,??????
464,擃?撣?瘞?,撖嗥???蝢拙噸頝?2??120.3356,22.6457,擃?撣?瘞??賣???撠飛,撖嗥??窄瘜圈??甇阡?,1527,"瘞渡,?,?瘚?瘚瑕",撘萎?敹?3851916#731,??????
465,擃?撣?瘞?,撖嗉???憭扯?鈭楝20??120.3261,22.6463,擃?撣?瘞?甇????撠飛,撖嗉??窄摰??窄???窄樴??窄銝剝??迤??,1818,"瘞渡,?,?瘚?瘚瑕",暺??脖蜓隞颯??凋?,3845206#734,??????
466,擃?撣?瘞?,摰???銝頝?00??120.306679,22.64653,擃?撣?銝???銝剖飛,摰?????噸隞?,964,"瘞渡,?,?瘚?瘚瑕",璇???蝮賢?銝颱遙,3227751#330,??????
467,擃?撣?瘞?,摰????鈭楝162??120.2987,22.6467,擃?撣?瘞????撠飛,摰??摰???瘜圈????券???蝢???鈭恍???璆剝???隤??移?舫??噸???噸銵??噸?梢?,1509,"瘞渡,?,?瘚?瘚瑕",???3214366131,??????
468,擃?撣?瘞?,摰????暹?銵?50??銝??砍??改?,120.304,22.6467,"摰,摰?,???臬??暑?葉敹?,摰????????,100,"瘞渡,?,?瘚?瘚瑕",????3226166,??????
469,擃?撣?瘞?,摰???瞈梯?215??璅?120.2998,22.6476,擃?撣?瘞??祆?,摰??摰???瘜圈????券???蝢???鈭恍???璆剝???隤??移?舫??噸???噸銵??噸?梢?,100,"瘞渡,?,?瘚?瘚瑕",????07-3228160#160,??????
470,撅蝮??瘣?,暻???銝剖控頝???120.5227,22.648,暻??葉,?啁暻?暻?,150,"瘞渡,?",撘萎???08-7222812頧?5,??????
471,擃?撣野?曉?,曈交??憭批頝?1??120.352786,22.64819,擃?撣??控擃?銝剖飛,曈交?丐鋆～之??1020,"瘞渡,?,?瘚?瘚瑕",蝮賢?銝颱遙?嗆朣?7777272#410,??????
472,擃?撣?瘞?,撖嗥???憭折??豢?銝?120.3263,22.6483,撖嗥??暑?葉敹?撖嗥????????潮?,100,"瘞渡,?,?瘚?瘚瑕",????3854453,??????
473,擃?撣?瘞?,?砍???暺?頝?06??120.3397,22.649,擃?撣?瘞??勗???撠飛,?砍??銝???????,2036,"瘞渡,?,?瘚?瘚瑕",??蝡蜓隞颯撐?,3839350#31,??????
474,擃?撣?瘞?,摰????芰?銝頝?35??120.2967,22.6498,摰??暑?葉敹?摰?,300,"瘞渡,?,?瘚?瘚瑕",暺???07-3229476,??????
475,撅蝮???勗?,?脤?,撱箏?頝?05撌?00撘?9??120.4583,22.6502,撅撣??脣?撠??脤??之瘣脤?,439,"瘞渡,?",瘙暻?08-7523291#14,??????
476,擃?撣?瘞?,撖嗥???撱箏極頝?19??120.326452,22.65063,擃?撣?擃?擃?撌交平?瑟平摮豢,撖嗥??窄???甇阡?,1309,"瘞渡,?,?瘚?瘚瑕",擐砍遣??3815366#2202,??????
477,撅蝮??瘣?,暻???銝剖控頝?58??120.5272,22.6507,暻????賊尹,暻???????頞暹?嚗?閮????蝙?具?30,"瘞渡,?",瘨?鈭?08-7222553-40,??????
478,撅蝮??瘣?,暻馮??銝剛頝?6??120.5272,22.6507,暻???,暻馮?唬葉?圈??啣?,150,"瘞渡,?",?頛?08-7221670,??????
479,擃?撣野?曉?,隞???隞噸頝荔?嚗?,120.3953,22.6511,?犖?熒瘣餃?銝剖?,隞??蝢之蝡嫘???150,"瘞渡,?,?瘚?瘚瑕",?喟?憟?7328948,??????
480,擃?撣?撅勗?,甇?噸???噸頝???120.27469,22.651425,擃?撣?曌控擃?銝剖飛,?陸??撜啜???撜啜?遣??甇?迤敺瑯撘瑕?樴???1222,"瘞渡,?,?瘚?瘚瑕",蝮賢?銝颱遙,5213258,??????
481,擃?撣?撅勗?,撟喳???銋??楝763??120.278711,22.652148,擃?撣?撅勗?銋???撠飛,?旨?像??撘瑕?????836,"瘞渡,?,?瘚?瘚瑕",蝮賢?銝颱遙,5317186,??????
482,撅蝮?摰園?,雿喟儔??瘜啣像撌?6??120.6311,22.6536,雿喟儔?箇?瑁????脤尹,雿喟儔??100,"瘞渡,?瘚?,?噸??08-7990103,??????
483,擃?撣野?曉?,憭扯??憭扯頝?00??120.340501,22.653733,擃?撣野?曉?憭扯??撠飛,憭扯??160,"瘞渡,?,?瘚?瘚瑕",暺??臭蜓隞?3701359#540,??????
484,擃?撣?撅勗?,樴???憭折?銝頝?58??120.2977,22.655,擃?撣?撅勗?樴??撠飛,鋆??鞊?鞊?隤?摮?,1400,"瘞渡,?,?瘚?瘚瑕",蝮賢?銝颱遙,5553086-31,??????
485,擃?撣?瘞?,?砍???憭批?銵?90??120.3261,22.6555,?砍??暑?葉敹??砍???300,"瘞渡,?,?瘚?瘚瑕",?振??3959028,??????
486,擃?撣?瘞?,?????曌控銵?45??120.320505,22.655593,擃?撣?曌???銝剖飛,?????????,1273,"瘞渡,?,?瘚?瘚瑕",璆?撘?3831029#131,??????
487,擃?撣?瘞?,?祇尹????銵?5??120.3315,22.6557,?祇尹????,?祇尹??50,"瘞渡,?,?瘚?瘚瑕",蝪⊥???3816463,??????
488,擃?撣之璅孵?,銋??銋頝?98??120.423343,22.655886,擃?撣之璅孵?銋??撠飛,蝡孵祚???脤?????,2075,"瘞渡,?,?瘚?瘚瑕",???,07-6512541頧?0,??????
489,擃?撣?瘞?,?????曌控銵?75??120.322,22.6561,擃?撣?曌???銝剖飛,????摮??銝剝???拚?????敺拚???舫??????銝剝???瘜圈?,1345,"瘞渡,?瘚?瘚瑕",?∪?蝳?07-3836330#731,??????
490,擃?撣野?曉?,隞???隞ˊ頝?4??120.3933,22.6562,?啁?箇?????蝢???,?典?,96,"瘞渡,?,?瘚?瘚瑕",樴之銵撣?7313037,??????
491,擃?撣?瘞?,?砍???憭扳?銝頝?00??120.3241,22.6563,擃?撣?瘞????撠飛,?砍?????擗券?,2036,"瘞渡,?瘚?瘚瑕",?剛??蜓隞?3813210#5031??311,??????
492,擃?撣?撅勗?,撱箏????扳?頝?3??120.2762,22.6565,擃?撣?撅勗??扳???撠飛,?扳??遣??璁柴?甇??鈭?撘瑯像?迤敺琿?,1091,"瘞渡,?,?瘚?瘚瑕",蝮賢?銝颱遙,5515405-31,??????
493,擃?撣之璅孵?,銋??銋之頝?39??120.4245,22.6569,憭扳邦?蝬?擃擗?蝡孵祚???脯??偌摰偌撖柴??喲?,200,"瘞渡,?,?瘚?瘚瑕",撘萇陛摰交?,07-6512003頧?35,??????
494,擃?撣之璅孵?,銋??銋頝?00??120.422752,22.657006,擃?撣?憭扳邦??銝剖飛,蝡孵祚??銋????,1200,"瘞渡,?,?瘚?瘚瑕",雓?瘞?07-6512026頧?11,??????
495,擃?撣?撅勗?,樴偌??蝢??曹?頝?10??120.28928,22.657594,擃?撣?銝郭??銝剖飛,鋆???鞊鞊?隤?樴???1036,"瘞渡,?,?瘚?瘚瑕",蝮賢?銝颱遙,5559329,??????
496,擃?撣?瘞?,?????憭扳?銝頝?70撌???120.3213,22.6579,????暑?葉敹??????200,"瘞渡,?,?瘚?瘚瑕",?偶鞎?3831695,??????
497,擃?撣之璅孵?,銋???銋?頝?95-20??120.4137,22.6579,隞???,憒??脰??啣?嗅捆摰蔭?寞??嚗???隤踹漲?嗅捆撠情,200,"瘞渡,?,?瘚?瘚瑕",蝷暹?撅?蝘???敺瑁??3368333頧?063,??????
498,擃?撣椰??,?唬????芰鈭楝2??120.309546,22.658147,擃?撣?樴??銝剖飛,?唬???1600,"瘞渡,?,?瘚?瘚瑕",?找蜓隞餅甇?07-5570720#320,??????
499,擃?撣野?曉?,?舐???摮詨?頝???120.394141,22.658433,擃?撣野?曉?隞???撠飛,隞??蝢之蝡嫘???520,"瘞渡,?,?瘚?瘚瑕",蝮賢?銝颱遙?喲???7315633#40,??????
500,撅蝮???勗?,????瘞??梯楝51??120.5122037,22.65860765,撅憭批飛撅??∪?瘣餃?銝剖?,蝮???嗅捆?,89,"瘞渡,?",?梯??08-7663800#10522,??????
501,撅蝮???勗?,皜漯??憭扳郎頝?25??120.4725,22.6595,撅蝮??曊渲?葉,皜漯?之甇阡??偶??,1098,"瘞渡,?",璆???08-7520591#14,??????
502,撅蝮???勗?,瘞詨???敺抵?頝?76??120.4862,22.6599,撅撣儔??撠?瘞詨??????摰?,535,"瘞渡,?",暺???08-7525402#14,??????
503,擃?撣野?曉?,曈交??銝剜迤頝?8??120.3643,22.66,曈交??祆?銝?,?典?,50,"瘞渡,?,?瘚?瘚瑕",蝷暹?隤脫颲虫犖?喳膝??07-7314191,??????
504,撅蝮???勗?,????摰??帖撌?39-1??120.509,22.6609,撅撣???撠????飛敹???镼輸?????,265,瘞渡,?單?敺?08-7216566#14,??????
505,擃?撣?撅勗?,??????銝楝582??120.301532,22.661903,擃?撣????銝剖飛,鋆??鞊?鞊?????927,"瘞渡,?瘚?瘚瑕",蝮賢?銝颱遙,5502001,??????
506,?箸蝮?云暻駁????舀???銝?啣之??鈭?,121.027792,22.66241819,?舀?瘣餃?銝剖?,?舀???70,"瘞渡,瘚瑕",?斗??89781301,??????
507,撅蝮???勗?,蝢拙????啁?銵?1??120.4915,22.6626,撅撣?,??儔??,734,"瘞渡,?",暺???08-7560101,??????
508,擃?撣野?曉?,曈交????頝?2??120.361721,22.663078,擃?撣野?曉?曈交??撠飛嚗??剁?,曈交?丐鋆?50,"瘞渡,?,?瘚?瘚瑕",?喃縑銵???7321780#40,??????
509,擃?撣?瘞?,曌正????頝?1??120.32672,22.663103,擃?撣?銝?擃?銝剖飛,曌正???,886,"瘞渡,?,?瘚?瘚瑕",?∩?璁桐蜓隞?3475181#831,??????
510,?箸蝮??撜園?,?祚???怎?撅?1??121.4718,22.6644,蝛箄?蝬雀?Ｙ征??,銝?,300,"瘞渡,?,?瘚?瘚瑕",?冽???089-672210,??????
511,撅蝮???勗?,????瘞?頝?-18??120.5044684,22.66539013,撅憭批飛瘞??∪?擃擗?蝮???嗅捆?,178,"瘞渡,?",?梯??08-7663800#10522,??????
512,撅蝮???勗?,?砍僑??撱箄?頝?6??120.4866,22.6654,撅撣遣??撠?撱箏???敹???隞??撟湧?,593,"瘞渡,?",撘萇???08-7521464#14,??????
513,撅蝮???勗?,????撱箏?頝?21??120.4797,22.6656,撅撣韌?脣?撠?撏郎????,1459,瘞渡,璆╡??08-7554335#14,??????
514,擃?撣椰??,?唬???擃?撣椰??鋆?頝?102??120.300608,22.666009,擃?撣?銝?擃?摰嗡??平?瑟平摮豢,?唬???1018,"瘞渡,?,?瘚?瘚瑕",甇??鈭?蝯,5525887#182,??????
515,擃?撣野?曉?,曈交???曉??毽5銋???120.371072,22.666471,擃?撣?曈交??銝剖飛,曈交?丐鋆～???844,"瘞渡,?,?瘚?瘚瑕",蝮賢?銝颱遙鋡???7323977#31,??????
516,擃?撣?瘞?,曌葉??曌?頝?25-1?銝?璅?120.3217,22.6667,"曌葉,曌?,曌?,曌?,曌撥,曌??臬???,曌葉????镼踴???撘瑯???,400,"瘞渡,?,?瘚?瘚瑕",????3421318,??????
517,撅蝮???勗?,摰??撱箏?頝臭?0鈭?,120.476,22.6668,撅撣之??撠?瘞豢??摰??偶?????桅????脤?,846,"瘞渡,?",?冽?憡?08-7524115#14,??????
518,撅蝮???,樴?????頝???120.6002,22.6669,撏???,樴???120,"瘞渡,?,?瘚?瘚瑕",?望?敺?08-7701004頧?0,??????
519,撅蝮???,憭扳??憭扳頝?09??120.5909,22.6673,?啁???,憭扳??120,"瘞渡,?,?瘚?瘚瑕",?單撖?08-7708211,??????
520,擃?撣之璅孵?,瘞游祚??銝剛頝臬?撠毽1??120.407847,22.667994,擃?撣之璅孵?瘞游祚??撠飛,瘞游??偌撖桅????喲?,1079,"瘞渡,?,?瘚?瘚瑕",?寥??07-6515536頧?3,??????
521,擃?撣?瘞?,曌陸??憭拍孕鈭楝31??120.3157,22.6684,銝?銵???銝剖?,銝?銵?銝剖??????銵?,80,"瘞渡,?,?瘚?瘚瑕",銵?銝剖?銝颱遙,07-3432263,??????
522,?箸蝮??撜園?,?祚???祚190??121.4687,22.6686,?祚蝷曉?瘣餃?銝剖?,?祚??50,"瘞渡,?,?瘚?,蝡乩?甇?089-672358,??????
523,擃?撣野?曉?,曈交???曉??毽29??10,120.389996,22.668784,鞎∪?瘜犖?????剜??嗅捆,?典?,100,"瘞渡,?,?瘚?瘚瑕",????07-7310395,??????
524,擃?撣?撅勗?,樴偌??蝢??曹?頝?52??120.2848,22.6691,擃?撣?撅勗?銝剖控??撠飛,曌陸??撜啜?撜啜??撘瑯?瘞湧?,1364,"瘞渡,?,?瘚?瘚瑕",蝮賢?銝颱遙,5505850,??????
525,擃?撣椰??,?唬葉???芰銝楝1??120.309875,22.669267,擃?撣椰???啗???撠飛,?唬葉,1582,"瘞渡,?,?瘚?瘚瑕",??靽桐?????07-3411373,??????
526,?箸蝮?云暻駁???銝???2?唳???31??121.0354,22.6695,憭芷獄??銝??齒?祈?,銝???70,"瘞渡,?,?瘚?,?斗??089-781306,??????
527,撅蝮???勗?,璈????芰?頝?13??120.4958,22.6706,撅撣???撠?璈???????仿???仿???璅寥?,418,"瘞渡,?",?單??08-7229210#14,??????
528,擃?撣椰??,?唬葉????頝?78撌?1??120.3117,22.6716,擃??啗?憭拙?摰桀?????身,120,"瘞渡,?,?瘚?瘚瑕",瘣芯蜓憪??07-3410080,??????
529,撅蝮???勗?,撏旨??銝剖控頝?1??120.4852,22.6716,撅撣?璁桀?撠?瘜啣??郎撱??之????璁桅???????甈???靽⊿??之??,490,"瘞渡,?",???08-7322306#14,??????
530,擃?撣?甇血?,隞???隞?頝?5??120.3587,22.6717,隞?瘣餃?銝剖?,隞???150,"瘞渡,?,?瘚?瘚瑕",蝷暹?隤脩瘞摰寞平?颲虫犖,07-3719159,??????
531,擃?撣?瘞?,曌???甇血?撌?2??120.3314,22.6718,?像??,憒??脰??啣?嗅捆摰蔭?寞??嚗???隤踹漲?嗅捆撠情,200,"瘞渡,?,?瘚?瘚瑕",蝷暹?撅?蝘???敺瑁??3368333頧?063,??????
532,擃?撣椰??,?唬?????頝???120.295103,22.672458,擃?撣椰?????撠飛,?唬???500,"瘞渡,?,?瘚?瘚瑕",?喲???5522541#732,??????
533,擃?撣?瘞?,曌撥??曌?敺楝495??120.3224,22.6726,擃?撣?瘞?????撠飛,曌撥??镼輸?????????????,1582,"瘞渡,?,?瘚?瘚瑕",???箇蜇?蜓隞?3424782#6031,??????
534,撅蝮???勗?,鞊??瘞飛頝?頝?120.5088,22.6726,撅蝮??銝剜迤?葉,鞊??璁桅???皞?,2138,"瘞渡,?",?喲暑曀?08-7226387#41,??????
535,?箸蝮??撜園?,銝剖祚???箸蝮??撜園?9?唬葉撖???121.4701,22.6731,蝬雀?葉,銝剖祚??200,"瘞渡,?,?瘚?,??蝧?嚗?89嚗?72506#11,??????
536,?箸蝮??撜園?,銝剖祚??銝剖祚1????121.4699,22.6737,蝬雀??撠飛,銝剖祚??200,"瘞渡,?,?瘚?,????嚗?89嚗?72543#13,??????
537,擃?撣椰??,?斗??蝧頝?87??120.2928,22.6742,擃?撣?憭抒儔??銝剖飛,瘚瑕???鞎踴?梢?,50,"瘞渡,?,?瘚?瘚瑕",?蜓隞餅???5820191#10,??????
538,?箸蝮??撜園?,銝剖祚??銝剖祚1??1??121.4702,22.6747,銝剖祚蝷曉?瘣餃?銝剖?,銝剖祚??30,"瘞渡,?,?瘚?,?∪?,089-672315,??????
539,擃?撣椰??,?芸??撌衣?憭扯楝1??120.2856,22.6752,擃?撣?瘚琿?擃?撌亙??瑟平摮豢,撏祕??押?撜啜???,100,"瘞渡,?,?瘚?瘚瑕",憿扳?銝颱遙,5819155#501,??????
540,撅蝮???勗?,????隞?頝?4??120.4942,22.6753,??撅憟喃葉,蝡舀迤???粹???蝳桅??憸券???瘜???鞊???璅??像??,2332,"瘞渡,?",?喟???08-7362204#41,??????
541,撅蝮?摰園?,?芸振??擐砍?凋??凋?銵?1??120.6869,22.6756,?芸振蝷曉?瘣餃?銝剖?,?芸振??150,"瘞渡,?瘚?,??頛?08-7997217,??????
542,擃?撣之璅孵?,鈭??鈭頝?18??120.4074,22.6757,撏?畾踹????典?隤踹漲?,200,"瘞渡,?,?瘚?瘚瑕",雿?憸?6513235,??????
543,擃?撣?甇血?,憭抒??隞?頝?9??120.341612,22.676023,擃?撣?憭抒??銝剖飛,憭抒?竣撅梢?,500,"瘞渡,?,?瘚?瘚瑕",蝷暹?隤脩瘞摰寞平?颲虫犖,07-3719159,??????
544,?箸蝮??撜園?,?????祇尹98??121.4848,22.6764,?祇尹??撠飛,?祇尹??200,"瘞渡,?,?瘚?,?暹???嚗?89嚗?72548#12,??????
545,擃?撣椰??,????芰銝楝478??120.313158,22.676691,擃?撣椰???唳???撠飛,???921,"瘞渡,?,?瘚?瘚瑕",?剜狠?蜇?蜓隞?3411888#731,??????
546,撅蝮???勗?,????隞?頝?8??120.4948,22.6767,撅撣???撠??舀???璅???甇???云撟喲?????,1204,"瘞渡,?",?望鞎?08-7361114#22,??????
547,撅蝮???勗?,憭折??,撱箄?頝?04??120.5039,22.6769,撅撣?摮?撠?憭折??,650,"瘞渡,?",?望???08-7371545,??????
548,?箸蝮??撜園?,?????游1??2??121.4847,22.6769,蝬雀?冗???拇暑?葉敹?????60,"瘞渡,?,?瘚?,?暑??089-672145,??????
549,撅蝮?瘝駁?,?唳蔬??瞏剝頝?0??120.5261,22.6772,?瑁???,?瑁??脰??蔬?剜??瞏剜???璆?,200,"瘞渡,?,?瘚?瘚瑕",?勗??7368567,??????
550,擃?撣椰??,????銝頝?1??120.3155,22.6774,?鞊健摰桀?????身,50,"瘞渡,?,?瘚?瘚瑕",?賭蜓憪?撅?07-3455059,??????
551,?箸蝮??撜園?,??????5????121.4807,22.6777,?祇尹蝷曉?瘣餃?銝剖?,?祇尹??30,"瘞渡,?,?瘚?,?剖???089-672517,??????
552,撅蝮???勗?,瞏剖????像頝?29??120.4777,22.678,撅蝮??憭批?擃葉,蝬剜?蔬憓??偶??,1380,"瘞渡,?",?蓮敶?08-7338499,??????
553,撅蝮???,樴蔬???剖?頝?38??120.6021,22.6786,撏??葉,樴蔬??120,"瘞渡,?,?瘚?瘚瑕",???,08-7701864頧?4,??????
554,擃?撣椰??,?啣???擃?撣椰???曉?頝?81??120.306724,22.679456,擃?撣?撌衣???銝剖飛,?啣??偏??,836,"瘞渡,?,?瘚?瘚瑕",雓??蜇?蜓隞?3433080#311,??????
555,擃?撣?甇血?,隞???隞?頝?91??120.354051,22.679647,擃?撣?甇血??餌??撠飛,隞???1815,"瘞渡,?,?瘚?瘚瑕",蝷暹?隤脩瘞摰寞平?颲虫犖,07-3719159,??????
556,擃?撣椰??,?啣????臬?頝?00??120.304805,22.67983,擃?撣椰???啣???撠飛,?啣???200,"瘞渡,?,?瘚?瘚瑕",閮曹蜓隞餃???3438577,??????
557,撅蝮???勗?,皞???憭折?楝70??120.4976,22.6799,撅蝮???迤?葉,皞???4113,"瘞渡,?",??撜?08-7376293,??????
558,擃?撣椰??,?方正??撌衣?憭扯楝6撌?1??璅?120.289652,22.680335,?文??剝蝳?,?方正???,30,"瘞渡,?,?瘚?瘚瑕",?喃蜓憪迤??5825439,??????
559,撅蝮???勗?,????剖?銵???120.4857,22.6807,撅撣??拙?撠?撱?????拚??征蝧?,1579,"瘞渡,?",?∪???08-7652038#14,??????
560,撅蝮???勗?,憭折??,??頝?6??120.5091,22.6808,撅撣???撠?憭折??,1415,瘞渡,????08-7383011#14,??????
561,擃?撣椰??,蝳控????頝?9??120.3176,22.6812,擃?撣??啗?擃?銝剖飛,蝳控??3305,"瘞渡,?,?瘚?瘚瑕",瘣芣?摮?????07-3420103,??????
562,擃?撣椰??,?斗???格蔬頝?6??120.2923,22.682,????????身,100,"瘞渡,?,?瘚?瘚瑕",瘣芰蜇撟嫣?靽儔,07-5816216,??????
563,擃?撣椰??,????摨??楝1??120.290474,22.682196,????撱?????30,"瘞渡,?,?瘚?瘚瑕",?蜓憪旨摰?5832356,??????
564,擃?撣椰??,撱??撌衣?憭扯楝87??120.288158,22.682521,撌衣???撱?銝剖??葉???梢?,40,"瘞渡,?,?瘚?瘚瑕",?凋蜓憪敶?5856961,??????
565,擃?撣?甇血?,????隞?頝?1??120.357281,22.683088,擃?撣?甇血?????撠飛,???蔬??330,"瘞渡,?,?瘚?瘚瑕",蝷暹?隤脩瘞摰寞平?颲虫犖,07-3719159,??????
566,擃?撣椰??,?正???格蔬頝?7??120.293004,22.683177,擃?撣椰??????撠飛,?正?葉????????????????梢?,582,"瘞渡,?,?瘚?瘚瑕",?曆蜓隞餅?頞?5810017#31,??????
567,擃?撣椰??,???擃?撣椰????頝?9??120.317215,22.683573,擃?撣椰??蝳控??撠飛,???1273,"瘞渡,?,?瘚?瘚瑕",敺??箇蜇?蜓隞?3487633#311,??????
568,撅蝮???勗?,撏??撱?頝?259??120.477,22.6842,撅撣??剖?撠?撏?蔬憓?,614,"瘞渡,?",?單鞈?08-7333477#14,??????
569,擃?撣椰??,銝剖????格蔬頝?16??120.2951,22.6853,霅瑕?撖?撱???偏?楝?晞???????100,"瘞渡,?,?瘚?瘚瑕",?蜓憪予??07-5832184,??????
570,擃?撣椰??,頝舀???敺?42撌???120.288708,22.685509,撌衣?????????楝?梢?,100,"瘞渡,?,?瘚?瘚瑕",?蜓憪??5818879,??????
571,撅蝮???勗?,???敹?頝?31??120.4888,22.6861,??撅擃葉,靽∪???2470,"瘞渡,?",?典蝘,08-7656444#513,??????
572,撅蝮???勗?,銝剜迤???舀迤頝?0??120.5017,22.687,撅撣?撟喳?撠??臬控?葉甇??,511,"瘞渡,?",????08-7364440#14,??????
573,擃?撣椰??,???,?格蔬頝?58??120.296399,22.687113,憭拙?摰?撱???30,"瘞渡,?,?瘚?,?臭蜓憪予??5834883,??????
574,撅蝮???,暺???镼踵?頝?77??120.5969,22.6874,暺???,暺???80,"瘞渡,?,?瘚?瘚瑕",???08-7701200頧?4,??????
575,?箸蝮?云暻駁???蝢???蝢? 90 ??121.044275,22.687685,憭芷獄??蝢???撠飛,蝢???100,"瘞渡,?,?瘚?瘚瑕",?芣?璅?089-781307,??????
576,擃?撣之璅孵?,憭扳邦??銝剜迤銝頝?49??120.43459,22.687763,擃?撣之璅孵?憭扳邦??撠飛,憭扳邦??撅梢???撅梢?,1091,"瘞渡,?,?瘚?瘚瑕",??撟?07-6513752頧?0,??????
577,擃?撣椰??,?遣??瘚瑕?頝???120.289355,22.688006,擃?撣椰???噸??撠飛,?遣?偏镼輸???镼輸?????????,491,"瘞渡,?,?瘚?瘚瑕",擃?擏輻蜇?蜓隞?07-5811583#310,??????
578,擃?撣椰??,???,瘚瑕像頝???120.291964,22.688899,?敺?璆菜挪,???,30,"瘞渡,?,?瘚?瘚瑕",?蜓憪?甇?5827102,??????
579,擃?撣?甇血?,?怠??瘞訾?銵?55??120.333146,22.689043,擃?撣?甇血??怠??撠飛,?怠????,1254,"瘞渡,?,?瘚?瘚瑕",蝷暹?隤脩瘞摰寞平?颲虫犖,07-3719159,??????
580,擃?撣椰??,?脣飛??撌衣?憭扯楝479??璅?120.29511,22.689882,撌衣???祆?8璅之蝳桀?,撠曉??偏?偏镼踴???撠??賢拿?芸??身,20,"瘞渡,?,?瘚?,??祆??賣??輸?嗅捆璆剖??輯齒鈭?5831115,??????
581,撅蝮?摰園?,?撅望?,瘨澆控撌?0??120.6369,22.6901,瘨澆控蝷曉?瘣餃?銝剖?,瘨澆控??158,"瘞渡,?瘚?,?偶??08-7991759,??????
582,擃?撣椰??,?脣飛??擃?撣椰??撖西?頝?2??120.293299,22.690488,擃?撣椰??撌衣???撠飛,?脣飛?偏镼輸??偏????撱粹?,745,"瘞渡,?,?瘚?瘚瑕",?寧?曈喟蜇?蜓隞?5820042#731,??????
583,擃?撣?甇血?,擃???擃???58??120.3242,22.6917,擃?瘣餃?銝剖?,擃???200,"瘞渡,?,?瘚?瘚瑕",蝷暹?隤脩瘞摰寞平?颲虫犖,07-3719159,??????
584,撅蝮???勗?,?????祈?銵?00??120.4936,22.6917,撅蝮???單迤?葉,????1338,"瘞渡,?",?單殿皞?08-7666394#9,??????
585,?箸蝮????,皞急???樴?頝?0??121.019876,22.692402,?交?銝???,皞急???30,,?單???089-515688,??????
586,擃?撣之璅孵?,瑼刻??銝剛??楝120??120.4331,22.6933,憭扳邦??祆?鈭??降摰??控??撅晞爸?喋之璅嫘??柴??芷?,30,"瘞渡,?,?瘚?瘚瑕",撘萇陛摰交?,911111111,??????
587,撅蝮?瘝駁?,敺瑟???銝剛?頝?78??120.5437,22.6934,?瑟祥?葉,撏??噸???儔???噸??,200,"瘞渡,?,?瘚?瘚瑕",?曉??7621193,??????
588,擃?撣椰??,?脣飛??瘚瑕?頝?5??120.296158,22.693416,擃?撣?撌衣?擃?銝剖飛,?脣飛??200,"瘞渡,?,?瘚?瘚瑕",?∩蜓隞餃???5822010#301,??????
589,撅蝮?瘝駁?,敺瑟???銝剛?頝?51??120.5415,22.6941,敺瑕???,敺瑟旨??敺瑕???200,"瘞渡,?,?瘚?瘚瑕",????7621844,??????
590,撅蝮???圈???憭抒冗???像頝?畾?5??120.637733,22.694157,憭抒冗?齒?祈??急暑?葉敹?憭抒冗??200,"瘞渡,?,?瘚?,靘航???912024772,??????
591,擃?撣之璅孵?,撠??敹儔頝???120.3941,22.6942,擃??梁撅梢?撣??,?典?隤踹漲?,300,"瘞渡,?,?瘚?瘚瑕",?喲脰瓷,3710981??758030,??????
592,撅蝮?摰園?,銝???蝢?撌?0-4??120.5989,22.6949,敺芰???銝???,蝢?蝷曉?,150,瘞渡,????08-7993402,??????
593,擃?撣椰??,???敺抵??唳?335??120.299673,22.69567,敺抵?瘞豢??暑?葉敹?瘞豢???撅梢?,150,"瘞渡,?,?瘚?瘚瑕",暺??5831111#38,??????
594,擃?撣椰??,蟡亙???撌衣?憭扯楝928撌?01??120.301803,22.69635,蟡亙?撅梯?瘣餃?銝剖?,蟡亙???100,"瘞渡,?,?瘚?瘚瑕",???瑕噸??5851536,??????
595,擃?撣之璅孵?,瑼刻??銝剛??楝227??120.4321,22.6964,?之璅寥?瘞誨銵冽?,蝯勗飯???啜漯???之??撅梢?,42,"瘞渡,?,?瘚?瘚瑕",撘萇陛摰交?,07-6512003頧?35,??????
596,?箸蝮????,皞急???皞急?頝?76撌?8??121.019705,22.696483,?箸蝮?噙??迤皞急?皜∪???皞急???30,,暺遣敶?089-516111,??????
597,?箸蝮????,皞急???皞急???1?唳澈瘜楝291??121.02593,22.697667,皞急???撠飛,皞急???50,,????089-512354#203,??????
598,?箸蝮????,皞急???皞急???1?唳澈瘜楝293??121.025091,22.697823,皞急??暑?葉敹?皞急???30,,?單??089-512744,??????
599,擃?撣?甇血?,?????ㄝ撌?3??120.372598,22.697888,擃?撣?甇血?.????撠飛,????429,"瘞渡,?,?瘚?瘚瑕",蝷暹?隤脩瘞摰寞平?颲虫犖,07-3719159,??????
600,?箸蝮????,皞急???皞急?頝?14??121.024826,22.698053,?皞急?憌臬?,皞急???20,,雿???089-516360,??????
601,撅蝮???勗?,銝控??瘚瑁?銵???120.508,22.6989,撅撣絲鞊?撠?銝控?絲鞊???蝢拚?????,655,"瘞渡,?",????08-7367023#14,??????
602,擃?撣?甇血?,隞郎??銝剜迤頝?4??120.348359,22.701263,擃?撣?甇血?隞郎??撠飛,隞郎??甇阡???摰???蝳?,1782,"瘞渡,?瘚?瘚瑕",蝷暹?隤脩瘞摰寞平?颲虫犖,07-3719159,??????
603,擃?撣?甇血?,隞郎??銝剜迤頝?4??120.3484,22.7013,隞郎?蝬?瘣餃?銝剖?,隞郎??甇阡???摰???蝳?,500,"瘞渡,?瘚?瘚瑕",蝷暹?隤脩瘞摰寞平?颲虫犖,07-3719159,??????
604,撅蝮???,?祚??皜飲頝臭?畾?38??120.6357,22.7024,?祚??,?祚??瘞湧???120,"瘞渡,?,?瘚?瘚瑕",敺??08-7991036頧?4,??????
605,擃?撣之璅孵?,憪控??憪控頝???119.464848,22.702543,擃?撣之璅孵?憪控??撠飛,瑼刻??撅梢?,239,"瘞渡,?,?瘚?瘚瑕",?振鞈?07-6561349頧?0,??????
606,撅蝮?瘝駁?,敺瑟???瘞湔?頝?6??120.5722,22.7026,蝜??,蝜??????璁格??????旨?舀?,200,"瘞渡,?,?瘚?瘚瑕",?剖???7621254,??????
607,撅蝮?摰園?,銝???銝?撌?6??120.6095,22.7026,?芸振?葉,銝???100,"瘞渡,?",?匱??08-7991736,??????
608,?箸蝮????,皞急???皞急?頝?8??121.032022,22.703397,鈭???,皞急???30,,?脫?蝡?089-511199,??????
609,撅蝮?摰園?,銝???銝?撌?2??120.6078,22.7034,銝剜??箇?瑁???銝?蝷曉?,200,瘞渡,暺縑??08-7991650,??????
610,撅蝮?摰園?,銝???1??-3??120.6089,22.7036,??蝷曉?瘣餃?銝剖?,??蝷曉?,200,"瘞渡,?瘚?,??郭??983379985,??????
611,擃?撣?甇血?,隞郎??隞孕銵?99??120.3447169,22.70434779,隞郎?暑?葉敹?隞郎??敺???蝡孵???500,"瘞渡,?,?瘚?瘚瑕",蝷暹?隤脩瘞摰寞平?颲虫犖,3751472,??????
612,?箸蝮??勗?,?交???交頝臭?畾?3撌?0??121.055645,22.705462,?交蝷曉?瘣餃?銝剖?,?交??34,"瘞渡,?瘚?,? 擐祆,089-510110,??????
613,撅蝮?摰園?,???????◢?臬毽1????120.646,22.7074,????擃擗???飲撅望??????蔔蝢拇?,320,"瘞渡,?,?瘚?,?喳???08-7991649,??????
614,?箸蝮????,皞急????唳撣之?楝33??121.042182,22.707519,F Hotel,皞急?,30,"瘞渡,?瘚?瘚瑕",撘菜???089-511555,??????
615,擃?撣?璇?,撱????撱??銵?75撌?7??120.285079,22.707528,擃?撣?璇?撱?之??????瘣餃?銝剖?,撱???之??????????,157,"瘞渡,?,?瘚?瘚瑕",????07-3517121,??????
616,?箸蝮??勗?,撱箸平??镼踵?銵?14??121.050993,22.707748,撱箸平蝷曉?瘣餃?銝剖?,撱箸平??35,"瘞渡,?瘚?,? ?迤??089-512311,??????
617,擃?撣?甇血?,銝剛???臬?銵?5??120.3272,22.7085,銝剛?暑?葉敹?銝剛??100,"瘞渡,?,?瘚?瘚瑕",蝷暹?隤脩瘞摰寞平?颲虫犖,07-3719160,??????
618,擃?撣?璇?,摰旨??撌行?頝???120.302919,22.708958,擃?撣?璇?瘝孵???撠飛,摰旨??瘥?,636,"瘞渡,?,?瘚?瘚瑕",?喲???07-3632300,??????
619,撅蝮?摰園?,????憸冽撌?-8??120.6479,22.7096,??蝷曉?瘣餃?銝剖?,????443,"瘞渡,?瘚?,擐格???08-7991461,??????
620,擃?撣?甇血?,蝡孵???蝡寞?頝?50??120.334866,22.710042,擃?撣?甇血?蝡孵???撠飛,蝡孵??葉?舫?,429,"瘞渡,?,?瘚?瘚瑕",蝷暹?隤脩瘞摰寞平?颲虫犖,07-3719159,??????
621,擃?撣椰??,????敺?頝?42??120.295275,22.711558,擃?撣椰??????撠飛,??????,20,"瘞渡,?,?瘚?瘚瑕",?舀??3612078#133,??????
622,擃?撣?璇?,蝘??,敺?頝?42??120.295275,22.711558,擃?撣?璇?????撠飛,蝘????璁桅?,1273,"瘞渡,?,?瘚?瘚瑕",?刻亳撜?07-3550571,??????
623,擃?撣?璇?,瘜唳?????銵?61??120.286911,22.713585,擃?撣??單???銝剖飛,蝳?????,927,"瘞渡,?,?瘚?瘚瑕",?寥???07-3640451,??????
624,擃?撣?璇?,撱箸?????頝?10??120.292106,22.713629,擃?撣?璇??單???撠飛,撱箸??陸??,1291,"瘞渡,?,?瘚?瘚瑕",?單蝢?07-3612368,??????
625,撅蝮???圈???銝??銵銵?1??120.6539,22.7141,銝???擃擗?憭抒冗??敺瑟???????銝??200,"瘞渡,?,?瘚?瘚瑕",????08-7991104??308,??????
626,撅蝮???圈???銝??銵銵???120.654518,22.714903,?啁ㄗ??撠?銝??敺瑟???????60,"瘞渡,?,?瘚?,?隞?08-7991462,??????
627,擃?撣?璇?,摰旨????頝?31??120.3018,22.7151,???敶孵??菔?撠??⊥?擃?璁株亳??銋振,頧摰蔭??閬?亦憿找?瘞,17,"瘞渡,?,?瘚?瘚瑕",??隞?07-3652828,??????
628,擃?撣?璇?,摰???敺?頝?60撌?9??120.2941,22.7154,擃?撣?璇?摰?蝑??暑?葉敹??典?蝬??,60,"瘞渡,?,?瘚?瘚瑕",????07-3517121,??????
629,?箸蝮??勗?,撱箏????絲頝?畾?40??121.049167,22.716736,?箸蝮??勗?撱箏???,撱箏???125,"瘞渡,?,?瘚?瘚瑕",蝮賢?蝯?銝颱遙摰平,512381-203,??????
630,擃?撣?璇?,????敺瑟?頝?010??120.2861,22.7194,擃?撣?????銝剖飛,??????,800,"瘞渡,?,?瘚?瘚瑕",???07-3644300,??????
631,擃?撣?璇?,????璅黎頝?20??120.296547,22.720392,擃?撣?璇?????撠飛,????撅?,1267,"瘞渡,?,?瘚?瘚瑕,?詨?鈭?",?剝??07-3627169,??????
632,?箸蝮??勗?,撱箄噙???交頝臭?畾?60??121.084143,22.720423,撱箄噙???暹暑?葉敹?撱箄噙??29,"瘞渡,?瘚?,? ?嗥?蝧?089-516409,??????
633,擃?撣?璇?,??????頝?16??120.314216,22.721706,擃?撣?璇?敺???撠飛,?血???撅???撅楝,873,"瘞渡,?,?瘚?瘚瑕",頞???07-3626342,??????
634,擃?撣之蝷曉?,銝剝?????頝?0撌???120.3513,22.7226,銝剝?蝷曉?瘣餃?銝剖?,銝剝????喲?,70,"瘞渡,?,?瘚?瘚瑕",??璆?3512410,??????
635,擃?撣?璇?,??????頝?80??120.316198,22.722854,擃?撣?敺???銝剖飛,????圈?,673,"瘞渡,?,?瘚?瘚瑕",暻亥郭蝡?07-3654111,??????
636,撅蝮??憒?,銋???銋?頝臭?畾?-1??120.4918,22.7233,銋???憒?瘞?摮??勗祐??瘞湔??????之?菜???憛??晾????祇?蝚砌??嗅捆????129,"瘞渡,?",?唾???08-7392159#14,??????
637,擃?撣?璇?,隞???憯質?頝?61??120.294854,22.724246,擃?撣?璇?隞??暑?葉敹?隞???155,"瘞渡,?,?瘚?瘚瑕",????07-3517121,??????
638,擃?撣?璇?,鈭虜??璆頝?00??120.331144,22.724927,擃?撣?璇?璆??撠飛,鈭虜?葉?賡?,1164,"瘞渡,?,?瘚?瘚瑕",?喳???07-3520675,??????
639,擃?撣?璇?,蝧???敺瑟?頝?5??120.302159,22.726779,擃?撣?璇?蝧??暑?葉敹?蝧???280,"瘞渡,?,?瘚?瘚瑕",????07-3517121,??????
640,擃?撣?璇?,?????銵?7??120.318969,22.727244,擃?撣?璇????暑?葉敹?????115,"瘞渡,?,?瘚?瘚瑕",????07-3517121,??????
641,擃?撣?璇?,銝剖???憭批飛鈭??剛?1150??120.27799,22.728206,擃?撣?璇??港葉??撠飛,銝剖??葉??,345,"瘞渡,?,?瘚?瘚瑕",鞈渲郭鞎?07-3612193,??????
642,擃?撣?璇?,????璆??啗楝264??璅?120.3263,22.7283,擃?撣?璇?銵銝剖?7璅之蝳桀?,?典?蝬??,100,"瘞渡,?,?瘚?瘚瑕",????07-3517121,??????
643,擃?撣?摰?,?箄??銝剜迤鈭?60??120.25873,22.728551,擃?撣??萄祚??銝剖飛嚗??剁?,?典?,400,"瘞渡,?,?瘚?,?╡?蜓隞?6172831頧?1,??????
644,擃?撣之蝷曉?,蟡噙??蝧?頝?00??120.357267,22.729029,擃?撣?憭抒冗??銝剖飛,?典?嚗蜓閬??箏????,500,"瘞渡,?,?瘚?瘚瑕",瞏凋???07-3530100,??????
645,擃?撣之蝷曉?,蟡噙????頝?5??120.3546,22.7293,憭抒冗?犖?熒銝剖?,閫?喲???颲脤???撅?,200,"瘞渡,?,?瘚?瘚瑕",?舫??,3541509,??????
646,擃?撣?璇?,蝧???蝧?頝?35??120.299446,22.729477,擃?撣?蝧???銝剖?摮?蝧???1545,"瘞渡,?,?瘚?瘚瑕",??憡?07-3683018,??????
647,擃?撣?璇?,?????頝?16??120.2922,22.7295,擃?撣?銝剖控擃?銝剖飛,???1528,"瘞渡,?,?瘚?瘚瑕",?憡?07-3641116,??????
648,擃?撣?摰?,靽∟??撱?黎頝???120.254588,22.729634,?箔縑?萇冗??臬?瘣餃?銝剖?嚗??剁?,?典?,150,瘞渡,暺縑??6101938,??????
649,擃?撣之蝷曉?,憭抒冗??憭抒冗??芸撥銵???120.3466,22.73,憭抒冗銝剖控??銝扒?之蝷暸?,150,"瘞渡,?,?瘚?瘚瑕",撘萇???07-3513300頧?13,??????
650,擃?撣?璇?,????擃??祈楝1868撌?00??120.323083,22.732098,擃?撣?璇???????,????125,"瘞渡,?,?瘚?瘚瑕",????07-3517121,??????
651,?箸蝮??勗?,鞊???鞊?銵?56撌?0??121.116004,22.732187,鞊?蝷曉?瘣餃?銝剖?,鞊???????靚琿???璁桅?,27,"瘞渡,?瘚?,?????剖蝦敺?932535408,??????
652,擃?撣?璇?,?勗祐??璆?頝?62??120.3284,22.7322,擃?撣?璇?璆???撠飛,?勗祐?澈撟喲?,1164,"瘞渡,?,?瘚?瘚瑕",????07-3511140,??????
653,擃?撣?摰?,蝳株????頝?77??120.248239,22.733411,擃?撣?摰??萄祚??撠飛嚗??剁?,?典?,300,瘞渡,?喳?摰蜓隞?6101044嚗嚗?178741嚗嚗???????
654,擃?撣?璇?,?勗祐??璆?頝?36??120.327507,22.733936,擃?撣?璆???銝剖飛,?勗祐??鞊?,1091,"瘞渡,?,?瘚?瘚瑕",?勗???07-3517191,??????
655,擃?撣之蝷曉?,靽???憭抒冗頝?7-3??120.3527,22.7341,靽??暑?葉敹?靽??之蝷暸???蝷暸???隤?,80,"瘞渡,?,?瘚?瘚瑕",?儔??3512622,??????
656,撅蝮??憒?,?勗祐??銋?頝臭?畾?64??120.4896,22.7344,銋????賊尹,?勗祐??瘞湔??????之?菜???憛??晾????祇?蝚砌??嗅捆????100,瘞渡,?雄??08-7393503,??????
657,擃?撣?摰?,韏斗??銝剜迤頝?19??120.25016,22.736052,韏文??犖瘣餃?銝剖?嚗??剁?,?典?,160,瘞渡,?單∪?,7991213,??????
658,?箸蝮????,憭芸像???唳撣之摮貉楝2畾?69??121.070583,22.736056,???箸憭批飛,????50,,暺ㄚ??089-517395,??????
659,擃?撣??剖?,?脣????脫?頝?50??120.293408,22.736237,擃?撣??剖??脣???撠飛,?脣???敺琿??????暽賡?,540,"瘞渡,?,瘚瑕,?∪?賢拿",暺噸靽∩蜓隞?07-6113647#240,??????
660,撅蝮?厭??,?唬???蝬剜頝?7??120.5539,22.7383,?啣???,?唬??????蝯冽?,400,"瘞渡,?",?梯雓,08-7932269-14,??????
661,撅蝮?厭??,瘣??銝遢頝?1??120.5314,22.7399,敶剖???,瘣?偶???蔬??,280,瘞渡,?曉???08-7031509-14,??????
662,撅蝮??憒?,?勗祐??銋?頝臭?畾?16??120.4904,22.7404,銋???蝳桀?,?勗祐??瘞湔??????之?菜???憛??晾????祇?蝚砌??嗅捆????100,瘞渡,?喳???08-7392210#15,??????
663,擃?撣之璅孵?,????頝?9??120.445966,22.740507,擃?撣之璅孵????撠飛,??絞撊粹?,666,"瘞渡,?,?瘚?瘚瑕",蝪∟?鈭?07-6561527頧?0,??????
664,撅蝮???圈???鞈賢???鞈賢?撌???120.6394454,22.74307039,鞈賢???,鞈賢???20,"瘞渡,?瘚?,?曆???08-7992220,??????
665,撅蝮???圈???鞈賢???鞈賢?撌???120.640299,22.743817,鞈賢??齒?祈??急暑?葉敹?鞈賢???150,"瘞渡,?,?瘚?,?????918382731,??????
666,擃?撣?璇?,皜???皜?頝?9??120.331155,22.744044,擃?撣?璆?擃?銝剖飛,皜???1528,"瘞渡,?,?瘚?瘚瑕",閮望?摰?07-3550571,??????
667,撅蝮??粹?,?批??9??6??120.7312,22.7445,?批?瑁????批??.8.9.10??40,"瘞渡,?,?瘚?,?撌游?,08-7902234,??????
668,撅蝮??粹?,?批??銝剖控撌?6-3??120.7321,22.745,?批蝷曉?瘣餃?銝剖?,?券?,60,"瘞渡,?,?瘚?,?舐?蝢?932882784,??????
669,撅蝮??粹?,?批??銝剖控撌?4??120.7312,22.7452,?扯??,?券?,310,"瘞渡,?,?瘚?,?曄???08-7902230,??????
670,撅蝮??粹?,?批??銝剖控撌?4??120.723288,22.747111,?批???????批??-10??250,?,?喟???08-7902230,??????
671,擃?撣之璅孵?,????頝?53??120.4463,22.7473,雿?撅勗笑?,?典?隤踹漲?,500,"瘞渡,?,?瘚?瘚瑕",??蜓隞?6561921#1214嚗?217嚗?218,??????
672,撅蝮??粹?,?批??蟡控撌?1??120.7263,22.7498,?批???摰寞?,?券?,40,"瘞渡,?,?瘚?,????08-7902234頧?23,??????
673,撅蝮??粹?,?批??蟡控蝷曉?,120.719513,22.750455,蟡控蝷曉?瘣餃?銝剖?????蟡控蝷曉?,200,?,鞈湔敹?921579026,??????
674,擃?撣??剖?,隞???隞?頝舫脫撌?6??120.310636,22.750578,擃?撣??剖?隞???撠飛,隞????,1343,"?,瘚瑕,?∪?賢拿",??憡乩蜓隞?6113517#40,??????
675,擃?撣??剖?,璈?????頝?9撌???,120.317,22.750876,擃?撣??剖?????撠飛,璈???676,"瘞渡,?,瘚瑕,?∪?賢拿",?剖振隞蜓隞?07-6113804#31,??????
676,擃?撣?撌Ｗ?,曈喲???曈喳?頝?2??120.358101,22.753304,擃?撣?撌Ｗ?曈喲???撠飛嚗??剁?,曈喲???摰輸?,250,"瘞渡,?,?瘚?瘚瑕",蝮賢?銝颱遙暺面??07-6153782#40,??????
677,撅蝮?厭??,暽賢????頝?0??120.5741,22.7536,暽賢??葉,銋????????,600,"瘞渡,?",雓?摰?08-7932001-14,??????
678,?箸蝮??勗?,??????頝?65??121.146637,22.754695,?箸撣?,撣??,34,"瘞渡,?,?瘚?瘚瑕",蝷暹?隤???撘?089-325301,??????
679,擃?撣?撌Ｗ?,曈喲???曈單?頝?3??120.3602,22.7555,曈喲???,憒??脰??啣?嗅捆摰蔭?寞??嚗???隤踹漲?嗅捆撠情,900,"瘞渡,?,?瘚?瘚瑕",蝷暹?撅?蝘???敺瑁??3368333頧?063,??????
680,擃?撣?摰?,璇像??璇?頝臬??毽123-1??120.269167,22.756467,璇像蝷曉?瘣餃?銝剖?嚗??剁?,?典?,100,"瘞渡,瘚瑕",?∠???6177270,??????
681,撅蝮?厭??,暽賢????頝?89??120.575722,22.756522,??撟澆???暽賢??厭銝剜??厭??,250,"瘞渡,?",撘菟雄?,08-7934629,??????
682,擃?撣??剖?,璈????頝???120.3058,22.7576,璈??祆?,隞???????鞊?????,150,"瘞渡,?,?瘚?瘚瑕",?脤蝬?6110246頧?23,??????
683,擃?撣??剖?,?賣邦???啗?頝?0??120.30751,22.759012,擃?撣?璈??銝剖飛,?賣邦?葉撏???蝘?噸?暸????剝?,1484,"瘞渡,?,瘚瑕,?∪?賢拿",頞?蝧?07-6113559#32,??????
684,擃?撣?摰?,璇???憭批?銵?8??120.266109,22.759573,璇?蝷曉?瘣餃?銝剖?嚗??剁?,?典?,80,瘞渡,?喲?璁?6101632,??????
685,擃?撣??剖?,?望???鈭?頝?60??120.293721,22.75995,擃?撣??剖?鈭???撠飛,?望??正????撖桅?,1343,"瘞渡,?,瘚瑕,?∪?賢拿",?單???07-6113549#140,??????
686,擃?撣?摰?,璇????脣飛頝?14??120.264756,22.760292,璇???嚗??剁?,?典?,400,瘞渡,?剖?暾颱蜓隞?6176595嚗嚗?893355嚗嚗???????
687,擃?撣???,?葛???脣飛頝?36??120.262962,22.760359,擃?撣?敶???銝剖飛嚗??剁?,?典?隤踹漲??,250,"?,瘚瑕",雓鞈?07-6178424#35,??????
688,擃?撣?摰?,璇儔??璇?頝?58??120.2673,22.7607,璇???祆?,璇??葉撏???摰?,60,"瘞渡,?,?瘚?瘚瑕",蝷暹?隤脤璆???輯齒鈭箄迂蝘獢?07-6174111頧?41??136,??????
689,?箸蝮??勗?,銝剛???舀陸銵?31??121.158116,22.761527,銝剛蝷曉?瘣餃?銝剖?,銝剛??34,"瘞渡,?瘚?,? 蝢脣,089-321011,??????
690,擃?撣??剖?,璈??璅孵噸頝?00??120.305864,22.761764,擃?撣??剖?璈??撠飛,?賣邦?葉撏???蝘?噸?暸????剝?,1105,"瘞渡,?,?瘚?瘚瑕",摮急?頛?6126011-41,??????
691,擃?撣?摰?,璇縑??銝剖飛頝?1??120.263476,22.762428,擃?撣?璇???銝剖飛,?典?嚗蜓隞交溯瘞湔??Ｗ?銝剖???靽⊿???????撟喲???摰??撖園??旨?菟???菟??縑?菟?,400,"瘞渡,?,?瘚?,暺??蝮賢?銝颱遙,07-617285431,??????
692,?箸蝮??勗?,?啣???銝剛?頝?畾?08??121.052313,22.763938,?啣?蝷曉?瘣餃?銝剖?,?啣???40,"瘞渡,?瘚?,? ?唾?摰?089-380311,??????
693,擃?撣???,瞍臬???璅?頝???0,22.764013,擃?撣???????撠飛嚗??剁?,?典?隤踹漲??,100,"瘞渡,?,瘚瑕",?曉妙瞏?07-6191810#40,??????
694,?箸蝮??勗?,?雁????頝?6??121.154697,22.764164,?雁撖嗆?憭??賣暑?葉敹??雁?窄獢?,17,"瘞渡,?瘚?,瘙?憒?089-340722,??????
695,?箸蝮????,?梯????梯????銵?20??121.041149,22.765011,?梯??暑?葉敹??梯???70,,?誨敹?089-382505,??????
696,?箸蝮??勗?,?啣????啣?頝?8??121.062352,22.765066,?箸蝮??勗??啣???,?啣???75,"瘞渡,?,?瘚?瘚瑕",蝮賢?蝯?銝颱遙頛旨,089-382590-13,??????
697,撅蝮??皜舫?,憛???憛?頝?1-3??120.4838,22.7655,憛???,憛??蔭??,320,"瘞渡,?",暺?鞈?08-7756625,??????
698,撅蝮???圈?????冗??靽∠儔撌?5??120.6445,22.7666,??冗??,??冗??30,"瘞渡,?,?瘚?,?豢˙,08-7956495,??????
699,擃?撣?撌Ｗ?,璈怠控??璈怠控頝?4??120.379471,22.768542,擃?撣?撌Ｗ?璈怠控??撠飛嚗??剁?,璈怠控??60,"瘞渡,?,?瘚?瘚瑕",蝮賢?銝颱遙?唾??07-6152479#40,??????
700,撅蝮???圈?????冗??靽∠儔撌???120.647735,22.76925,??冗?齒?祈??急暑?葉敹???冗??100,"瘞渡,?,?瘚?,擃???981488861,??????
701,撅蝮???圈???敺瑟???3????120.701867,22.770929,?啁ㄗ??撠噸????敺瑟???30,"瘞渡,?,?瘚?,?喲?甇?08-7996065,??????
702,?箸蝮????,憭芸像???箸撣?撟湧?17?唬葉?楝銝挾549??121.106473,22.771069,鞎∪?瘜犖?箸蝮??蝡???摰?????20,,?暑蟡?089-227592#222,??????
703,撅蝮???圈???敺瑟???敺瑟?撌???120.701874,22.771351,敺瑟??齒?祈??急暑?葉敹?敺瑟???40,"瘞渡,?,?瘚?,?喲?甇?08-7996065,??????
704,?箸蝮??勗?,?旨???渡?頝?1010 ??121.132093,22.772402,銵?Ｗ?頠?文蝴摰頛?憪?收?剜旨霅賢?瘞?摰??箸蝮?10,,閮勗艙蟡?222417,??????
705,擃?撣?撅勗?,??????銝楝234??120.4417,22.7737,撊箏??,憒??啣?嗅捆摰蔭?寞??嚗???隤踹漲?嗅捆撠情,700,"瘞渡,?,?瘚?瘚瑕",蝷暹?撅?蝘???敺瑁??3368333頧?063,??????
706,撅蝮??皜舫?,????怠噸頝?1??120.4912,22.7743,???,?????之撟單?,1800,"瘞渡,?",瞏迤??08-7752816,??????
707,?箸蝮??勗?,鞊??銝剛?頝?畾?35??121.086381,22.774331,鞊???暹暑?葉敹?鞊??18,"瘞渡,?瘚?,???琿?瘜,089-381878,??????
708,?箸蝮????,?拙????拙???7?啣?楝669??121.061011,22.77663,?拙??暑?葉敹??拙???30,,?暹蝳?089-382446,??????
709,擃?撣?撅勗?,????樴?撌?0??3,120.4488,22.7768,??蝷曉?瘣餃?銝剖??,????撊箏?啣?嚗?30,瘞渡,??? ??瘜?6651182??910848955,??????
710,擃?撣?撌Ｗ?,瘛望偌??瘛曹葉頝???120.405278,22.777039,擃?撣?撌Ｗ?瘛望偌??撠飛嚗??剁?,瘛望偌??60,"瘞渡,?,?瘚?瘚瑕",蝮賢?銝颱遙????07-6152447#204,??????
711,撅蝮??皜舫?,??????頝?3-1??120.494,22.7802,?葛???擗?????200,"瘞渡,?",?喃?摰?08-7755754,??????
712,撅蝮??皜舫?,頛???頛?頝?-3??120.5242,22.7806,頛???,頛????單?,1000,"瘞渡,?",????08-7752271,??????
713,撅蝮??皜舫?,??????頝?1??120.4945,22.7807,?葛??,???偶?交??摨?,1500,"瘞渡,?",?喳???08-7752161,??????
714,擃?撣?撌Ｗ?,瘛望偌??瘛望偌頝???120.4189,22.781,擃?撣摨冗??隞?銋振,??擗風?瘙??啣摰蔭?瘞嚗???擗風摨?摨?擗?10摨仃?箏?10摨?閬?瘜脰??身,25,"瘞渡,?,?瘚?瘚瑕",蝮賢?蝯?07-6152611-103,??????
715,擃?撣???,敶???銝剛頝???120.2506,22.7817,敶???祆?,敶ˊ?????隞??絲撠暸??摩摨???撖桅?,100,"瘞渡,?,瘚瑕",蝷暹?隤脤??憡??輯齒鈭箇?蝯Ｙ?,07-6191216頧?2??50,??????
716,?箸蝮????,憭芸像??憭芸像??撟唾楝128撌???121.088375,22.781975,憭芸像?暑?葉敹?憭芸像??80,,鞈游兢??089-380948,??????
717,?箸蝮??勗?,??????銵?3??121.122367,22.782039,?????暹暑?葉敹????痔???,40,"瘞渡,?瘚?,? ?喳???089-221917,??????
718,擃?撣瓷撅勗?,?像???像頝???120.303827,22.782054,擃?撣瓷撅勗??像??撠飛,靘?瘙?隤踹漲,567,"瘞渡,?,?瘚?瘚瑕",????6254220頧?0,??????
719,擃?撣???,敶???銝剛頝?撌?撘?2??120.2499242,22.78219078,敶?蝷曉?瘣餃?銝剖?嚗??剁?,?典?隤踹漲??,100,"瘞渡,?,瘚瑕",?????07-6191216#16,??????
720,擃?撣?撌Ｗ?,????銝剛?頝?27??120.362246,22.782475,?楷?瘞瘣餃?銝剖?,?典?嚗??閮哨?,120,"瘞渡,?,?瘚?瘚瑕",?璁?6161411頧?78,??????
721,?箸蝮??勗?,撖?????頝臭?畾?79撌?8??121.161997,22.782915,撖?蝷曉?瘣餃?銝剖?,撖???34,"瘞渡,?瘚?,??唾??089-226527,??????
722,擃?撣???,敶???銝剜迤頝?13??120.247781,22.783678,擃?撣???敶???撠飛,?葛??摰???皜舫??厭??????????,300,"瘞渡,?,?瘚?瘚瑕",撘菟??07-6176300#31,??????
723,擃?撣瓷撅勗?,靽∠儔??隞ˊ60??120.28671,22.785034,擃?撣瓷撅勗?????撠飛,靘?瘙?隤踹漲,611,"瘞渡,?,?瘚?瘚瑕",瘣芸?,07-6252394#50,??????
724,擃?撣?撌Ｗ?,????銝剛?頝?67??120.362845,22.785833,擃?撣??楷??銝剖飛嚗??剁?,????摰輸?,400,"瘞渡,?,?瘚?瘚瑕",蝮賢?銝颱遙?喳???6164290,??????
725,擃?撣???,?葛??暽賣葛鈭楝53銋???120.2425845,22.78790506,暽賢??葛蝷曉?摨瑟?摰歹??嚗??典?隤踹漲??,50,"瘞渡,?,瘚瑕",?單偶??07-6191216#29,??????
726,撅蝮??璅寥?,瘜啣控???Ｘ平頝?4??120.6142,22.788,撅蝮??瘜啣控??撠飛,瘜啣控??0,"瘞渡,?瘚?,?揪??08-7956274#14,??????
727,擃?撣?撌Ｗ?,摰???銝剖?頝???120.362079,22.78808,?楷??祆?蝳桀?,?典?嚗洵鈭??,100,"瘞渡,?,?瘚?瘚瑕",?楷??祆??喟?撖,6161411頧?78,??????
728,撅蝮???圈???擐砍???擐砍?撌???120.6334763,22.78859227,擐砍??齒?祈??急暑?葉敹?擐砍???30,"瘞渡,?,?瘚?瘚瑕",?暾?08-7958880,??????
729,?箸蝮??勗?,撗拍????頝?畾?50??121.128397,22.788893,?箸璉??洵銝璉???撗拍??125,"瘞渡,?,?瘚?,?迤瘛潔蜓隞?089-230053,??????
730,擃?撣瓷撅勗?,靽∠儔??璅嫣犖頝???120.28842,22.789449,擃?撣??陸??銝剖飛,靘?瘙?隤踹漲,30,"瘞渡,?,?瘚?瘚瑕",????07-6265568,??????
731,擃?撣?撌Ｗ?,????銝剛正頝???120.3598,22.79,???,憒??脰??啣?嗅捆摰蔭?寞??嚗???隤踹漲?嗅捆撠情,500,"瘞渡,?,?瘚?瘚瑕",蝷暹?撅?蝘???敺瑁??3368333頧?063,??????
732,?箸蝮????,瘜啣???瘜啣?????121.075772,22.790805,憭芸像??撠飛,憭芸像??瘜啣???50,,瞏?璁?089-381418#203,??????
733,擃?撣?撌Ｗ?,????摰?頝?70??120.3378,22.7909,摰???撠飛?,摰?????,200,"瘞渡,?,?瘚?瘚瑕",蝮賢?銝颱遙????07-6162553#40,??????
734,擃?撣瓷撅勗?,蝡孵???憭找??楝1??120.2937,22.7914,蝡孵???,靘?瘙?隤踹漲,200,"瘞渡,?,?瘚?瘚瑕",靘臭犖靽?07-6233032,??????
735,擃?撣瓷撅勗?,撟喳????單??梯楝36??120.293671,22.791424,擃?撣瓷撅勗?撗∪控??撠飛,撗∪控?典?瘞,200,,敺???918736006,??????
736,?箸蝮??勗?,撖瓷????頝臭?畾?99撌?2??121.184558,22.792025,?箸撣犖?熒瘣餃?銝剖?,撖瓷??28,"瘞渡,?瘚?,? ?暸蝎?0937-600483,??????
737,擃?撣瓷撅勗?,敺???撗∠?頝?撌?8??120.30344,22.792904,擃?撣瓷撅勗?敺???撠飛,靘?瘙?隤踹漲,2172,"瘞渡,?,?瘚?瘚瑕",?縑璁?07-6212815頧?0,??????
738,擃?撣瓷撅勗?,?陸???脰頝?5??120.283164,22.793052,擃?撣瓷撅勗??陸??撠飛,靘?瘙?隤踹漲,200,"瘞渡,?,?瘚?瘚瑕",???07-6262415-41,??????
739,?箸蝮????,瘜啣???瘜啣????唳陸摰楝101??121.067371,22.793873,瘜啣?瘣餃?銝剖?,瘜啣???50,,?暹蝳?089-381180,??????
740,擃?撣?撌Ｗ?,?梁???銝剛頝?77??120.36587,22.795258,擃?撣?撌Ｗ??楷??撠飛嚗??剁?,?梁??正????撅梢?,200,"瘞渡,?,?瘚?瘚瑕",蝮賢?銝颱遙暺???07-6161495#140,??????
741,擃?撣???,?????頝???120.234509,22.795345,擃?撣???憯賡翩??撠飛嚗??剁?,?典?隤踹漲??,100,"?,瘚瑕",?????07-6196625#721,??????
742,擃?撣瓷撅勗?,敺???撗∠?頝?38??120.291956,22.796169,擃?撣?撗∪控??銝剖飛,靘?瘙?隤踹漲,500,"瘞渡,?,?瘚?瘚瑕",?迤??07-6265568,??????
743,撅蝮???圈???摰??擃控撌???120.6378,22.7982,摰?齒?祈??急暑?葉敹?摰??50,"瘞渡,?,?瘚?瘚瑕",瞏???08-7957637,??????
744,擃?撣瓷撅勗?,憯賢予???砍??梯楝55??120.292481,22.798857,擃?撣瓷撅勗?憯賢予??撠飛,撗∪控?典?瘞,150,,??摰?07-6246040-40,??????
745,擃?撣瓷撅勗?,憯賢予??憯賢予頝?6??120.2925,22.7989,撗∪控??犖瘣餃?銝剖?,撗∪控?典?瘞,150,"瘞渡,?,?瘚?瘚瑕",蝷暹?隤脫颲虫犖??樴?07-6214193,??????
746,擃?撣瓷撅勗?,?陸???砍?镼輯楝14??120.289345,22.799129,?砍?镼輯楝14??撱唾?,撗∪控?典?瘞,150,"瘞渡,?,?瘚?瘚瑕",??樴?07-6214193152,??????
747,擃?撣?撌Ｗ?,??????頝? ??120.3288,22.7993,撗∪控璁株亳??銋振,?寞???扳?銋摹?Ｙ瘞?憒?????嗅振撅?50,"瘞渡,?,?瘚?瘚瑕",蝷暹?撅?蝘???敺瑁??3368333頧?063,??????
748,擃?撣偶摰?,蝬剜??蝬剜頝臬???撌?9銋?0??120.2479631,22.80403364,擃?撣偶摰?蝬剜??撠飛,蝬剜??50,"瘞渡,?,?瘚?瘚瑕",銝???6913816202,??????
749,擃?撣?撌Ｗ?,?控???芰頝?9??120.398079,22.811802,擃?撣?撌Ｗ??控??撠飛嚗??剁?,?控??50,"瘞渡,?,?瘚?瘚瑕",蝮賢?銝颱遙閮梢成??6164328741,??????
750,?箸蝮????,撖???撖?????18??121.149689,22.812554,撖??暑?葉敹?撖???30,,撱?鋆?089-223084,??????
751,擃?撣瓷撅勗?,????靽∩葉銵?86??120.311911,22.816175,擃?撣?????銝剖飛,靘?瘙?隤踹漲,619,"瘞渡,?,?瘚?瘚瑕",??瘥蜓隞??喟?皞???07-622103931/622103935,??????
752,撅蝮???圈????控??瘞?撌???120.641368,22.817112,?控??,?控??20,"瘞渡,?,?瘚?,????08-7962493,??????
753,擃?撣偶摰?,瘞貉??瘞詨?頝?3??120.2253,22.8183,銝剜迤??瘞詨??偶?舫?,120,"瘞渡,?",蝷暹?隤脫颲虫犖?∠???07-6912716頧?22,??????
754,撅蝮??皜舫?,?澈???澈頝?11-3??120.5064,22.82,銝???,銝??啣??葉??,300,"瘞渡,?",??鞈?08-7731198,??????
755,撅蝮???圈????控??瘞?撌???1??120.6406033,22.82065061,銝???撅望?颲血???控??20,"瘞渡,?瘚?,瞏?鞎?08-7965761,??????
756,撅蝮??皜舫?,?澈???澈頝?7-12??120.5068,22.8209,?澈蝷曉?瘣餃?銝剖?,?澈??300,"瘞渡,?",?單郎??08-7731156,??????
757,擃?撣偶摰?,?唳葛???啗?頝?5??120.2092311,22.82114749,擃?撣偶摰??唳葛??撠飛,?唳葛??50,"瘞渡,?",瘙???6912040,??????
758,?箸蝮????,撖控??撖控???唳??渲楝64??121.190095,22.821416,撖控?暑?葉敹?撖控??30,,撱?鋆?089-281343,??????
759,?箸蝮????,撖控??撖控???唳??渲楝66??121.190095,22.821416,撖控??撠飛,撖控??50,,???089-281086,??????
760,擃?撣瓷撅勗?,??????頝?22??120.305292,22.821597,擃?撣瓷撅勗?????撠飛,靘?瘙?隤踹漲,1796,"瘞渡,?,?瘚?瘚瑕",?陶??6212414,??????
761,擃?撣偶摰?,靽祐??靽?銝頝???120.240646,22.823171,擃?撣?瘞詨???銝剖飛,靽祐??120,"瘞渡,?",?⊥???6912064,??????
762,擃?撣楝蝡孵?,?飯??瘞祥頝?5??120.269765,22.823505,擃?撣楝蝡孵??飯??撠飛,?飯??418,"瘞渡,?,?瘚?瘚瑕",暺??蹂蜓隞?6964786#40,??????
763,?箸蝮????,鞈???鞈???8?啗??楝474撌?-1??121.090749,22.8239,鞈??犖?典??瘣餃?銝剖?,鞈???150,,??皞?089-222054,??????
764,?箸蝮????,?拙????拙?????2??121.134111,22.824082,?拙??暑?葉敹??拙???30,,?剛???089-222304,??????
765,擃?撣瓷撅勗?,?臬???憭批?鈭?170??120.322418,22.824142,擃?撣瓷撅勗??臬?蝷曉?瘣餃?銝剖?,?臬????單??輸?嗅捆?,100,?瘚?璆?蝳?6281955,??????
766,撅蝮??璅寥?,擃邦???臬?頝?2??120.5992,22.8262,撅蝮??擃邦??撠飛,擃邦??0,"瘞渡,?,?瘚?,璆?蟡?08-7960802#14,??????
767,?箸蝮????,蝢噙??蝢噙???唳??6??121.093361,22.830504,蝢噙?暑?葉敹?蝢噙??30,,?剛???嚗?89嚗?71054,??????
768,擃?撣偶摰?,瘞詨????啗?頝?9??120.208428,22.833587,擃?撣偶摰?暽賜蝷曉?瘣餃?銝剖?,暽賜??40,"瘞渡,?,?瘚?瘚瑕",?唾郭瘞?915678353,??????
769,擃?撣撖桀?,?啗???憭扳頝???120.369769,22.835015,擃?撣撖桀??啗???撠飛,?啗???50,"瘞渡,?,?瘚?瘚瑕",蝮賢??瘛?,638134850,??????
770,擃?撣?撅勗?,?啣????啣?撌???120.4605,22.8354,憭扳散?葉?,?啣???瘣脤??葉瘣脤??之撅梢??砟瘣脤???瘣脤??葉撖桅?,60,"瘞渡,?",蝮賢?銝颱遙雿遣頛?666137850,??????
771,?箸蝮????,蝢噙??蝢噙??曈?2??121.082405,22.835594,?望???撠飛,蝢噙??50,,??敺?089-571124,??????
772,擃?撣楝蝡孵?,銝??瘞?頝???120.2801,22.8368,擃?撣?頝舐姘?銝??撠飛,銝??360,"瘞渡,?,?瘚?瘚瑕",?單?鞈Ｖ蜓隞?6962688#50,??????
773,撅蝮???圈????????儔撌?-2??120.6391229,22.83769182,????,????60,"瘞渡,?,?瘚?瘚瑕",?喲?蝡?08-7961997,??????
774,撅蝮???圈????????儔撌?3-3??120.638444,22.838158,???齒?祈??急暑?葉敹?????60,"瘞渡,?,?瘚?,鞈渡?隤?913091852,??????
775,擃?撣?撅勗?,憭批控????頝?26??120.465528,22.847646,擃?撣?撅勗?皞芣散??撠飛嚗??剁?,憭批控?砟瘣脤???瘣脤??????瘣脤??葉瘣脤??葉撖桅?,30,"瘞渡,?",璆?撟喃蜓隞?6616100,??????
776,撅蝮??璅寥?,?祚???瑞?頝?2??120.6101,22.8486,撅蝮???祚??撠飛,?祚??150,"瘞渡,?,?瘚?,擐桀?摰?08-7962994#14,??????
777,擃?撣?撅勗?,??????毽10??120.4734,22.8489,?予憭折???????100,瘞渡,?瘜葦,6663961??663960??975309223,??????
778,擃?撣?桀?,敺拙???敺拙?167??120.324142,22.849101,擃?撣?桀?敺拙???撠飛嚗??剁?,撏控?儔摰??舫?典??單?瞏???20,"瘞渡,?瘚?,?瘜?蝮賢?銝颱遙,07-6333829-50,??????
779,擃?撣?撅勗?,攳斗散??攳斗散銵?5-1??120.476208,22.84953,攳斗散蝷曉?憭??賣暑?葉敹?憭批控?砟瘣脤???瘣脤????,80,"瘞渡,?,?瘚?瘚瑕",攳斗散??舀???911719729,??????
780,擃?撣?瞈?,?????銵?9??120.540959,22.851314,擃?撣?瞈????撠飛,???569,"瘞渡,?,?瘚?瘚瑕",???,07-6831144,??????
781,擃?撣楝蝡孵?,??????頝?17??120.2546,22.8543,頝舐姘?犖瘣餃?銝剖?,?芸??身?嗅捆?典?,200,"瘞渡,?,?瘚?瘚瑕",?賢拿???輯齒鈭?07-6979209,??????
782,擃?撣楝蝡孵?,????銝剛頝?92??120.25221,22.855385,擃?撣?頝舐姘擃?銝剖飛,??????,2144,"瘞渡,?,?瘚?瘚瑕",瘣芾??砌蜓隞?6963008#140,??????
783,擃?撣?撅勗?,銝散??敺?銵?銋???120.4735,22.8565,銝散蝷曉?瘣餃?銝剖?,憭批控?砟瘣脤???瘣脤??????瘣脤??葉瘣脤??葉撖桅?,50,瘞渡,銝散?凳鈭??寞?,6663279??921208608,??????
784,擃?撣?撅勗?,撱??????鈭楝16??120.5049,22.8575,撱??蝷曉?瘣餃?銝剖?,撱????30,瘞渡,???琿璆??6613335??932738714,??????
785,?箸蝮????,?嘀???嘀???楝97??121.092081,22.860167,?嘀??撠飛,?嘀??撜唳???鞊?,50,,?單???089-571027,??????
786,?箸蝮????,?嘀???嘀??摮楝165??121.092522,22.860646,?嘀????刻犖瘣餃?銝剖?,?嘀??撜唳?.????110,,?剜???銝?,089-571703571897,??????
787,擃?撣楝蝡孵?,??????頝?48??120.256002,22.861515,擃?撣楝蝡孵??⊥???撠飛,???姘镼輸??姘?梢?,1611,"瘞渡,?,?瘚?瘚瑕",??銝蜓隞?6076268#40,??????
788,擃?撣楝蝡孵?,蝡寞賑????頝???120.2304,22.8625,擃?撣?頝舐姘?蝡寞賑??撠飛,蝡寞賑??撖桅????,495,"瘞渡,?,?瘚?瘚瑕",?∪?蝯,6981516#40,??????
789,擃?撣楝蝡孵?,蝡孵???銝剖控頝?12撌?6??120.230427,22.862524,擃?撣楝蝡孵?頝舐姘??撠飛,蝡孵???1806,"瘞渡,?,?瘚?瘚瑕",?曉噸甈?蜓隞?6962128#840,??????
790,撅蝮??璅寥?,?啗???瘜啣?頝?6??120.6343,22.8634,撅蝮???啗???撠飛,?啗???0,"瘞渡,?瘚?,?喟?蝘,08-7916486#13,??????
791,擃?撣?瞈?,樴控??樴控銵?2??120.555856,22.864611,樴控??,樴控??3091,"瘞渡,?,?瘚?瘚瑕",樴控??,07-6833654,??????
792,擃?撣?瞈?,?????葉銵???0,22.866835,擃?撣?????銝剖飛,皜偌??2541,"瘞渡,?,?瘚?瘚瑕",???葉,07-6831153,??????
793,擃?撣楝蝡孵?,蝷曇正??憭抒冗頝?43??120.265351,22.867067,擃?撣楝蝡孵?憭抒冗??撠飛,蝷曇正?冗銝剝??冗??,1134,"瘞渡,?,?瘚?瘚瑕",摮怎??賭蜓隞?6962254#241,??????
794,擃?撣楝蝡孵?,?脣???銝?脰楝111??120.271882,22.868822,擃?撣?銝?脣?瘞葉摮詨飛???脣??冗?梢??????姘??,300,"瘞渡,?,?瘚?瘚瑕",?唾?敺嫣蜓隞?6977479#32,??????
795,擃?撣楝蝡孵?,銝???憭芸像頝?84??120.2908,22.8691,擃?撣?頝舐姘?銝???撠飛?,銝??姘???,436,"?,?瘚?瘚瑕",雓??曄???6951015#40,??????
796,擃?撣撖桀?,????撏?頝?1??120.3594,22.8699,?啣祚??祆?3璅之蝳桀?,?典?嚗蜓閬溯瘞氬??單?瞏??箔?????敺琿??正敺琿????,100,"瘞渡,?,?瘚?瘚瑕",蝷曄?隤脤????07-6361475頧?1,??????
797,擃?撣?瞈?,?控??蝡寥?25??120.588802,22.870284,蝡孵??瘞游撌乩?蝡??控????200,"瘞渡,?,?瘚?瘚瑕",蝡暺溶??07-6851170,??????
798,?箸蝮?瘝喲?,?質??39??72??121.227556,22.876498,?質瘣餃?銝剖?,?質??50,?瘚?擃?亦?鈭,089-531703,??????
799,擃?撣?瞈?,????敹?頝臭?畾?9??120.535858,22.876682,擃?撣?瞈?????撠飛,????533,"瘞渡,?,?瘚?瘚瑕",????,07-6831849,??????
800,擃?撣撖桀?,撏噸??撏噸頝?01??120.379682,22.877635,擃?撣撖桀?撏噸??撠飛,撏噸?正敺琿?,50,"瘞渡,?,?瘚?瘚瑕",蝮賢???撱箏噸,636715540,??????
801,擃?撣?瞈?,樴???銝剛頝?8??120.571037,22.877733,擃?撣?樴???銝剖飛,?控????288,"瘞渡,?,?瘚?瘚瑕,?詨?鈭?,?∪?賢拿",樴??葉,07-6851314,??????
802,?箸蝮?瘝喲?,?質??431??121.226932,22.877955,?質??,?質??215,?瘚??剔??芰蜇?蜓隞?嚗?89嚗?31224,??????
803,擃?撣??批?,皝??瘞?銵?52??120.246231,22.878344,皝蝷曉?瘣餃?銝剖?,皝,50,"瘞渡,?,?瘚?瘚瑕",閮梢???6931528,??????
804,擃?撣樴?,?啣祚??銝?頝?4??120.6145,22.8806,?啣祚蝷曉?瘣餃?銝剖?,?啣祚??100,"瘞渡,?,?瘚?瘚瑕",?啣祚??梁???6872339,??????
805,擃?撣楝蝡孵?,?脣????啁?頝?52??120.2611,22.8827,璅嫣犖?怨風蝞∠?撠?摮豢,?脣???120,"瘞渡,?,?瘚?瘚瑕",暺敺?07-6979310,??????
806,擃?撣?瞈?,蝳???銝剜迤頝臭?畾?58??120.533938,22.882868,擃?撣?瞈?蝳???撠飛,蝳?????740,"瘞渡,?,?瘚?瘚瑕,?詨?鈭?,?∪?賢拿",蝳???,76812514,??????
807,擃?撣?桀?,?輯??瘞?頝?4??120.3275,22.8832,?輯??祆?3璅?霅啣恕,?典?嚗?其??祉摰喲???銝餉??賢拿瞏???澈?葛敺??陸撅梢??儔摰?,80,"瘞渡,?瘚?瘚瑕",蝷暹?隤脤?喲????輯齒鈭箄??,07-6311177頧?3??25,??????
808,擃?撣?桀?,?輯??瘞?頝?63??120.329869,22.88323,擃?撣?桀??輯??撠飛嚗? ?剁?,?典?嚗?典?摰單摰?500,?,蝮賢?銝颱遙暺???07-6312049-230,??????
809,擃?撣?瞈?,銝剖???敹?頝臭?畾?9??120.53057,22.884022,擃?撣?瞈?銝剖???撠飛,銝剖???1247,"瘞渡,?,?瘚?瘚瑕",蝡仿???07-6812534嚗?0,??????
810,擃?撣?撅勗?,?勗像??璅嫣犖頝?1??0,22.8845,????擃?銝剖飛嚗??剁?,?勗像????誨蝳?,100,"瘞渡,?",摨嗅?蝯??瑕???,6612502嚗?10,??????
811,擃?撣?撅勗?,憭芸像??敺瑞儔銵?7-1??120.4784,22.8847,?控撖?皝散????????抒瘞?100,"瘞渡,?",蝞∠?鈭箸虜?楛,6612715??912710835,??????
812,擃?撣?桀?,?輯??瘞?頝?78??120.326138,22.88532,擃?撣??輯??銝剖飛嚗??剁?,?典?嚗?其??祉摰喲???銝餉??賢拿瞏???澈?葛敺??陸撅梢??儔摰?,100,"瘞渡,?",蝮賢?銝颱遙憿概??07-6312045-310,??????
813,擃?撣?瞈?,樴???樴銵?3??120.579605,22.885381,擃?撣?瞈?樴???撠飛,樴???344,"瘞渡,?,?瘚?瘚瑕",樴???,07-6851124,??????
814,擃?撣???,??????撌?-3??120.6643,22.8865,擃?撣???????撠飛,????180,"瘞渡,?",?⊿瘣芾??07-6801043,??????
815,擃?撣???,??????撌?6??120.6633,22.8869,曈喳控?颲脫???颲虫????砍控??220,"瘞渡,?",銝颱遙蝪⊥??,07-6801115,??????
816,擃?撣???,??????撌?0-1??120.6661,22.8871,???箇?瑁???????50,"瘞渡,?",?批葦甇血?曈?07-6801260,??????
817,擃?撣??批?,憭扳???瘞?頝???120.244517,22.887757,擃?撣??批?憭扳???撠飛,皝?之皝撠?180,"瘞渡,?,?瘚?瘚瑕",???07-693380840,??????
818,擃?撣?撅勗?,皝散???臭葉銵?4??120.480651,22.888297,擃?撣撅勗??控??嚗??剁?,??,80,"瘞渡,?",蝮賢?銝颱遙?隡?6612052#103,??????
819,擃?撣?撅勗?,皝散??撱嗅像銝頝?99??120.4836,22.8886,?控??祆?,憭批噸?????????撟喲???????抒瘞?120,"瘞渡,?",蝷暹?隤脤????07-6616100頧?22??128,??????
820,擃?撣????,??????頝???120.186031,22.888687,擃?撣????????撠飛,????摰??之摰???摰???摰???瞍?,737,"瘞渡,?,瘚瑕",蝷暹?隤脤??鞈??輯齒鈭箏?憍?,07-690001130/131,??????
821,擃?撣樴?,?啣祚??銝?頝?1??120.6166,22.8889,?啣?憭拙?悅,?剝??,1000,"瘞渡,?,?瘚?瘚瑕",????07-6872100頧?133,??????
822,擃?撣樴?,憭扳揖??憭扳揖34??120.6471,22.889,憭扳揖?餃控閮毀銝剖?,憭扳揖??100,"瘞渡,?,?瘚?瘚瑕",憭扳揖?????6801102,??????
823,擃?撣?撅勗?,皝散???葉頝???120.4811,22.8898,皝??暑?葉敹?憭批噸??瘣脤??????撟喲???????抒瘞?50,"瘞渡,?",皝散?凳鈭??陶,6626510/0933661325,??????
824,擃?撣????,????敹?銵?9??120.186,22.8911,??犖瘣餃?銝剖?,????摰??之摰???摰???摰???瞍?,120,"瘞渡,瘚瑕",蝷暹?隤脤??鞈??輯齒鈭箏?憍?,06900001頧?30/131,??????
825,擃?撣?撅勗?,蝡孵陸??蝢拙噸銵?1撌?銋???120.4786,22.8912,蝡孵陸?齒?祈?,????30,瘞渡,蝡孵陸?璆???6622059??933375380,??????
826,擃?撣樴?,憭扳揖??憭扳揖49??120.647154,22.891873,憭扳揖蝷曉?瘣餃?銝剖?,憭扳揖??100,"瘞渡,?,?瘚?,???舫???6801175,??????
827,?箸蝮?辣撟喲?,蝝????箸蝮?辣撟喲?蝝?????6??121.063062,22.893619,蝝??暑?葉敹?蝝???30,"瘞渡,?,?瘚?瘚瑕",擐桃?撖?89561095,??????
828,擃?撣撖桀?,?支滬???支滬頝臬?敺毽2??120.4023526,22.89410114,?支滬蝷曉?瘣餃?銝剖?,暽踹??鈭剝?,70,"瘞渡,?,?瘚?瘚瑕",閮望??6367302,??????
829,擃?撣??批?,瘚瑕控???像頝?15??120.2234,22.8944,?啁?箇?瑁??絲????瘚瑕控?絲??摰?100,"瘞渡,?,?瘚?瘚瑕",暺帘??6993089,??????
830,擃?撣?瞈?,????銝剜迤頝?畾?51??120.5427,22.8946,蝢???犖?熒瘣餃?銝剖?,敺瑁???瘞氬?瘣????陸摰??文??嗅捆??60,"瘞渡,?,?瘚?瘚瑕",蝷暹?隤脤?????輯齒鈭箄??脫,07-6814311頧?5??14,??????
831,擃?撣?瞈?,????銝剜迤頝臭?畾?91??120.5435,22.894745,擃?撣?蝢???銝剖飛,????9363,"瘞渡,?,?瘚?瘚瑕",??鋆?975018933,??????
832,擃?撣?瞈?,????蝢葉頝?60??120.5418,22.8948,蝢???祆?,?芸??身嚗摰孵????陸摰?20,"瘞渡,?,?瘚?瘚瑕",蝷暹?隤脤?????輯齒鈭箄??脫,07-6814311頧?5??14,??????
833,擃?撣?桀?,銝剛楝??銝剛楝272??120.298575,22.89493,擃?撣?桀?銝剛楝??撠飛嚗??剁?,??嗅捆?隞交摰嫣葉頝胯摰????曄銝鳴??芸??身?輯??祆?,300,"瘞渡,?",?剖?暾?07-6312325,??????
834,?箸蝮?瘝喲?,????155??121.24875,22.895301,????,????120,?瘚?瘣芰??函蜇?蜓隞?089-531283,??????
835,?箸蝮?辣撟喲?,曏控???箸蝮?辣撟喲?曏控????6??121.151603,22.899002,曏控?暑?葉敹?曏控??30,"瘞渡,?,?瘚?瘚瑕",??瘞?89568057,??????
836,擃?撣?瞈?,瘜啣???瘞詨?頝?90??120.543255,22.899581,擃?撣?瞈?蝢???撠飛,瘜啣???1448,"瘞渡,?,?瘚?瘚瑕",蝢???,07-6810166,??????
837,擃?撣樴?,?啗????啣?頝?12??120.627629,22.900102,擃?撣樴??啣???撠飛,?啣?????撖桅?,254,"瘞渡,?瘚?,????07-6871134,??????
838,擃?撣?瞈?,?梢???瘞?頝?6撌???120.553201,22.900489,擃?撣?瞈??梢???撠飛,?梢???272,"瘞渡,?,?瘚?瘚瑕",?梢???,07-6812811,??????
839,擃?撣?撅勗?,瘞詨?????頝?25銋???120.4782,22.9006,瘞詨?蝷曉?瘣餃?銝剖??,??,50,瘞渡,???琿璁株眼,6618676??910371752,??????
840,擃?撣樴?,?啣????啣?128??120.6284,22.9025,?啣?蝷曉?瘣餃?銝剖?,?啣???50,"瘞渡,?,?瘚?瘚瑕",?啣???勗?瘝?07-6872366 ??958288315,??????
841,?箸蝮?辣撟喲?,獢????箸蝮?辣撟喲?獢?????8??121.084336,22.902922,獢??暑?葉敹?獢???50,"瘞渡,?,?瘚?瘚瑕,?∪?賢拿",?剖?摰?8956148,??????
842,擃?撣????,?????頝臭?畾?07??120.181985,22.903281,擃?撣???????撠飛,????摰???璅???瘜圈???蝳?????,1144,"瘞渡,?",蝷暹?隤脤??鞈??輯齒鈭箏?憍?,07-6900001130/131,??????
843,?箏?撣?撱?,?唬葉?????楝568??120.3547,22.904,?箏?撣?撱?撏???,?唬葉??瘣?,290,"瘞渡,?",暺控??06-5551040#220,??????
844,?箸蝮?嘀??,樴??7?啣?璁株楝308??121.1206,22.9042,樴蝷曉?瘣餃?銝剖?,樴??20,"瘞渡,?,?瘚?瘚瑕",?單膳皞?089-551259,??????
845,?箸蝮?嘀??,樴???旨頝?36??121.1243,22.9042,樴??,樴??30,"瘞渡,?,?瘚?瘚瑕",雿???089-551078,??????
846,?箸蝮?嘀??,暽輸???3?啣?撟唾楝29-1??121.1192,22.9051,?像蝷曉?瘣餃?銝剖?,暽輸???40,"瘞渡,?,?瘚?瘚瑕",摰??089-551195,??????
847,擃?撣????,?賡??瞈望絲頝臬?畾?7??120.1825,22.9065,???祆?憭抒旨??????摰???璅???瘜圈???蝳?????,120,瘞渡,蝷暹?隤脤??鞈?/?輯齒鈭箏?憍?,6900001頧?30/131,??????
848,擃?撣????,?賡??瞈望絲頝?畾?9??120.181014,22.906889,擃?撣????銝剖飛,?典?,965,"瘞渡,?,瘚瑕",蝷暹?隤脤??鞈??輯齒鈭箏?憍?,06900001頧?30/131,??????
849,?箸蝮?嘀??,樴??1?啣?璁株楝38??121.1352,22.907,暽輸??葉,樴??100,"瘞渡,?,?瘚?瘚瑕",?曉暾?089-551006??252,??????
850,擃?撣??批?,????靽?頝?92??120.21789,22.907202,鞎∪?瘜犖銝鞎恍???蝝???????擗?300,"瘞渡,?,?瘚?瘚瑕",????07-6997783,??????
851,擃?撣樴?,?啗????啣?299??120.6335,22.9076,?啗?蝷曉?瘣餃?銝剖?,?啗???100,"瘞渡,?,?瘚?瘚瑕",?啗???梁???07-6871084,??????
852,擃?撣??批?,憭芰??銝剖控頝臭?畾?3??120.227397,22.907722,擃?撣?皝??銝剖飛,憭芰??100,"瘞渡,?,?瘚?瘚瑕",?脫旨蝢?6993008頧?2,??????
853,擃?撣?瞈?,銝剖??蝳?頝?3撌???120.547647,22.908018,銝剖蝷曉?瘣餃?銝剖?,蝳??葉?喋唳?,80,"瘞渡,?,?瘚?瘚瑕",??澈??6814105,??????
854,擃?撣??批?,銝剛郭??銝剜迤頝臭?畾?9??120.2129,22.9091,銝剜迤??璅??郭???葉鞈Ｕ貉郭,100,"瘞渡,?,?瘚?瘚瑕",蝷暹?隤脫颲虫犖敺陶憳?932837411,??????
855,?箸蝮?嘀??,暽輸???銝剛頝臭?畾?02??121.137,22.9094,暽輸???,暽輸???100,"瘞渡,?,?瘚?瘚瑕",?喳誨??089-551371,??????
856,擃?撣????,?賡???砍?頝?1??120.1851,22.9096,?賡蝷曉?瘣餃?銝剖?,蝳噸?蝳???脤?,120,"瘞渡,瘚瑕",蝷暹?隤脤??鞈??輯齒鈭箏?憍?,6900001頧?30/131,??????
857,擃?撣???,憭???憭?撌???120.7159,22.9101,擃?撣???憭???撠飛,憭???200,"瘞渡,?",?⊿?單???07-6801178,??????
858,擃?撣???,憭???憭?撌???120.7167,22.9105,憭??冗?瘣餃?銝剖?,憭???150,"瘞渡,?",蝢?????凳鈭?,07-6801045#238,??????
859,擃?撣???,?砍控???砍控畾?16?啗??砍控??撱箏,120.682514,22.911115,?砍控????,?砍控??120,"瘞渡,?,?瘚?,?剖????瑯?擐券?撟嫣?,07-6801045#238,??????
860,擃?撣????,?祉?????頝?1??120.182354,22.91319,擃?撣????????撠飛,蝳噸?蝳???脤?,589,"瘞渡,?,瘚瑕",蝷暹?隤脤??鞈??輯齒鈭箏?憍?,07-6900001130/131,??????
861,?箏?撣飛隞?,憭扳蔬??銝剜迤?楝銝挾97??120.2718,22.9138,?箏?撣飛隞?憭扳蔬??,憭扳蔬?郎?梢???撏?,700,"瘞渡,?",??靽?06-2781953#140,??????
862,?箸蝮?嘀??,暽輸???銝剛頝臭?畾?39??121.1362,22.9143,暽輸???,暽輸???50,"瘞渡,?,?瘚?瘚瑕",????089-552136,??????
863,擃?撣?瞈?,撱????撱??銵?53??120.579295,22.916916,撱???冗?瘣餃?銝剖?,撱??????150,"瘞渡,?,?瘚?瘚瑕",?皞急偶敶?07-6814126,??????
864,?箏?撣?撱?,撣????瑟?銵?7??120.3428,22.917,?箏?撣?撱?????,撣???400,"瘞渡,?",??瘛?06-5551937#13,??????
865,擃?撣??,閫鈭剝?,銝剜迤頝?15撌?8??120.4554,22.9172,?折?蝝怎姘撖粹?摰Ｗ之璅?閫鈭剝??葉????梢???撅梢???????,200,"瘞渡,?,?瘚?瘚瑕",暺摰?07-6671632,??????
866,擃?撣?瞈?,????撱??銵?24??120.567922,22.917251,擃?撣?瞈?撱????撠飛,撱??????1227,"瘞渡,?,?瘚?瘚瑕,?詨?鈭?,?∪?賢拿",撱????,07-6812857,??????
867,擃?撣??,閫鈭剝?,銝剜迤頝?03??120.453734,22.918343,擃?撣??閫鈭剖?瘞?摮?閫鈭准葉???撅梁???60,"瘞渡,瘚瑕",????6671672,??????
868,擃?撣??,?扳???踹???4??120.426716,22.918619,擃?撣??镼輸???撠飛,?扳??70,瘞渡,?喳???6672077#13,??????
869,擃?撣??,閫鈭剝?,銝剜迤頝?60撌?0??120.453517,22.921882,擃?撣??折???銝剖飛,閫鈭准葉??晞??撅?80,"瘞渡,?",??摰?6671002#31,??????
870,擃?撣?撅勗?,銝剜迤???臬控頝?1??120.5039,22.9266,?臬控??,憒??脰??啣?嗅捆摰蔭?寞??嚗???隤踹漲?嗅捆撠情,100,"瘞渡,?,?瘚?瘚瑕",蝷暹?撅?蝘???敺瑁??3368333頧?063,??????
871,?箏?撣?撏?,憭批??9?啣之??7銋???120.3921,22.9268,?箏?撣?撏?憭批??瘣餃?銝剖?,憭批????,30,瘞渡,?喃?隞?06-5941326,??????
872,?箸蝮?辣撟喲?,瘞詨熒???箸蝮?辣撟喲?瘞詨熒????3??121.115208,22.927897,瘞詨熒??蝡匱??,瘞詨熒??50,"瘞渡,?,?瘚?瘚瑕",?∪???89561244,??????
873,?箸蝮?瘝喲?,????18??30??121.269255,22.928015,???齒?祈?瘣餃?銝剖?,????50,"?,?瘚?,?喳???089-541186?齒?祈?,??????
874,?箏?撣飛隞?,甇行??甇訾??剛楝2??120.2816,22.9287,?箏?撣飛隞?瘝??葉,撏???脤??飛??,1035,"瘞渡,?",?單???06-3032062#301,??????
875,?箏?撣?撏?,????2?啁???1??120.4096,22.9313,?箏?撣?撏?????瘞暑?葉敹?????40,瘞渡,?憪?06-5941326,??????
876,?箸蝮?嘀??,瘞詨???3?唳偶摰楝257撌???121.1296,22.9316,瘞詨?蝷曉?瘣餃?銝剖?,瘞詨???20,"瘞渡,?,?瘚?瘚瑕",?喳???089-551818,??????
877,?箏?撣??,?漪???砍僑頝?67??120.1834,22.9318,?箏?撣???祐銝剖飛,?噙?偶撖折??摰???摰???憯?,1678,"瘞渡,瘚瑕",??鞈?06-2622458??10,??????
878,?箏?撣??,?漪????ㄐ頝?7??120.1808,22.9323,?箏?撣????ㄐ?臬??暑?葉敹??????梢???????颲脤???摰???頨祇??摰??偶撖折???憯?,1529,"瘞渡,瘚瑕",暺???06-2627799,??????
879,?箏?撣??,?漪????ㄐ頝?0??120.1804,22.9325,?箏?撣???漪??,?漪???梢?,6528,"瘞渡,?,瘚瑕",????06-2622460??701,??????
880,?箸蝮?嘀??,瘞詨???3?唳偶摰楝98??121.1308,22.9328,瘞豢?蝷曉?瘣餃?銝剖?,瘞詨???30,"瘞渡,?,?瘚?瘚瑕",璆?皞?089-552087,??????
881,擃?撣?撅勗?,銝剜迤???頝臭?畾?77撌???120.5022,22.9329,銝剜迤蝷曉?瘣餃?銝剖?,銝剜迤??撖??之??,30,瘞渡,銝剜迤??剛???6693457??928707199,??????
882,?箸蝮?嘀??,瘞詨???暽踹祚頝?1??121.1283,22.9336,瘞詨???,瘞詨???20,"瘞渡,?,?瘚?瘚瑕",?賣⊥派,089-551172,??????
883,?箏?撣?撱?,瘛勗?????頝臭?畾?87??120.3353,22.9371,?箏?撣?撱?瘛勗???,瘛勗???140,瘞渡,瘣芣迤蝢?06-5952409#103,??????
884,?箸蝮?嘀??,?????頝臭?畾?3撌???121.1515,22.9403,暽輸??????,????50,"瘞渡,?,?瘚?瘚瑕",暺?璇?089-580309,??????
885,擃?撣??,?扯????批?82??120.4613,22.9417,?絲蝝怎姘撖粹?摰Ｗ之璅??折??鞊???????????,200,"瘞渡,?,?瘚?瘚瑕",?⊥ㄝ??6671400,??????
886,?箏?撣?敺瑕?,?????頝臭?畾?2??120.2211,22.9437,?箏?撣?敺瑕??箏??賣??砍?蝞∠?銝剖?,"隞???隞???????靽???憭抒??鈭???銝剜散??銝剔???,2060,"瘞渡,?",撱撰??06-2981793,??????
887,?箏?撣?敺瑕?,敺???敺瑕?頝?8??120.2532,22.9475,?箏?撣?敺瑕?敺??犖?熒瘣餃?銝剖?,銝?????撏???憯?,1460,"瘞渡,?",????06-2704365,??????
888,擃?撣???,????獢姘頝?41??120.528674,22.948034,??蝷曉?瘣餃?銝剖?,????20,"瘞渡,?,?瘚?瘚瑕",?偶??972000623,??????
889,?箏?撣?撏?,樴??2?啗??10??120.4213,22.952,?箏?撣?撏?樴??瘞暑?葉敹?樴??50,"瘞渡,?瘚?,?喳???06-5941326,??????
890,?箸蝮?嘀??,????10?唬?瘞楝7??121.1562,22.955,??蝷曉?瘣餃?銝剖?,????30,"瘞渡,?,?瘚?瘚瑕",?脤?,920910489,??????
891,?箸蝮?嘀??,????10?唬?瘞楝7??121.1562,22.955,??蝷曉?瘣餃?銝剖?,????30,"瘞渡,?,?瘚?瘚瑕",暺??089-580268,??????
892,擃?撣??,瘞詨?????8??120.4942,22.956,瘞詨?蝷曉?瘣餃?銝剖??舐儔??,瘞詨???120,"瘞渡,?,?瘚?瘚瑕",?單?銝?6601979,??????
893,擃?撣??,?扯????批?24??120.470326,22.956009,擃?撣???折???撠飛,?扯???????????100,"瘞渡,瘚瑕",暺???6672078#250,??????
894,?箸蝮?嘀??,??????頝?7??121.1554,22.9578,????,????10,"瘞渡,?,?瘚?瘚瑕",撘萇雁??089-581064,??????
895,擃?撣???,????皜偌頝航情撖桀毽39??120.535203,22.958186,擃?撣???????撠飛,????595,"瘞渡,?",?⊿銝?撖?07-6771404,??????
896,?箏?撣?撱?,?曇???像頝?46??120.3343,22.9583,?箏?撣?撱?鈭??,鈭??ａ???喲????梢????梢?,800,"瘞渡,?",蝧???06-5952155#314,??????
897,?箏?撣?撱?,??????銵?5??120.3242,22.9589,?箏?撣?撱冗?瘣餃?銝剖?,?典?,180,瘞渡,璆摰?06-5950002#113,??????
898,擃?撣?撅勗?,憭扳????芸撥撌?7??120.5147,22.9591,憭扳?蝷曉?瘣餃?銝剖??,憭扳?,30,瘞渡,憭扳??????6691226??937636150,??????
899,?箏?撣?撱?,擐???銝剖控頝臭?畾?72??120.3247,22.9608,?箏?撣?撱????葉,???控镼輸???瘣????ａ????,0,?,閰孵遣??06-5951181#217,??????
900,?箏?撣??,?????頝???120.1884,22.9609,?箏?撣????祆?,???遣?????賡?????之敹??之?拚?,983,"瘞渡,瘚瑕",暺???06-2910126??260,??????
901,?箏?撣??,攳日???攳日?頝?47??120.1696,22.9614,?箏?撣??樴???,攳日?????????,667,?,?喳膝??06-2620024,??????
902,?箏?撣?,憭扳??敺瑟銵?0??120.2303,22.9615,?箏?撣?憭扳?暑?葉敹?憭扳??粹?,650,"瘞渡,?",?單???06-2680622,??????
903,?箏?撣飛隞?,撏???靽∠儔?楝100??120.2987,22.9617,?箏?撣飛隞?蝝??撠?颲????梢???镼輸?,800,"瘞渡,?",閮梯輯?,06-2309012#740,??????
904,?箸蝮?瘝喲?,撠噸???祚43??121.2407,22.9627,撠噸???齒?砍恕,撠噸??260,?瘚????望???089-892328摰?89-891113?齒?祈?,??????
905,?箏?撣??,????銝剛镼輯楝銝畾?撌?7??120.1886,22.9631,?箏?撣??瘞貉??,敶啣????????????舫???芷???圈?,4154,"瘞渡,?,瘚瑕",撘菜瘛?06-2641457,??????
906,?箏?撣?撱?,撅梯正???﹛頝?21??120.3261,22.9637,?箏?撣?撱?????,???控镼輸???瘣????ａ????,1150,"瘞渡,?",甇?瘣?06-5952209-704,??????
907,擃?撣???,?????除銵?5??120.538829,22.963823,擃?撣???憭扳?瘞???撠飛,憭扳???200,"瘞渡,?",?⊿撘菜璁?6771340232,??????
908,?箏?撣飛隞?,颲???瘞??楝171??120.2883,22.9642,?箏?撣飛隞?甇詨???,????710,"瘞渡,?",?⊥蝢?06-2304930#113,??????
909,?箏?撣?撏?,撏????啣?摮?8??120.3595,22.9642,?箏?撣?撏?瘞暑?葉敹?撏???撏??葉??,140,瘞渡,暺???06-5941049,??????
910,?箏?撣?撏?,撏????啣?摮?1??120.35906,22.964425,?箏?撣?樴???撠飛,?典?,200,?,瘣芣??06-5941204,??????
911,?箏?撣??,????敺瑁?頝?8??120.1923,22.9651,?箏?撣????蝷曉?瘣餃?銝剖?,???遣???砟攳?,556,"瘞渡,瘚瑕",蝢???06-2630855,??????
912,?箏?撣?撏?,撏????啣?摮?01??120.3603,22.9651,?箏?撣?撏??犖?熒瘣颱葉敹?撏???撏??葉??,65,瘞渡,????06-5941049#20,??????
913,擃?撣???,憭扳???憭扳?頝?7??120.545574,22.966082,憭扳?瘣餃?銝剖?,?典?憭扳???摰?100,"瘞渡,?,?瘚?,?曉??瑞??6771340,??????
914,擃?撣???,????皜偌頝舀??脣毽10??120.5354386,22.96649744,??蝷曉?瘣餃?銝剖?,????20,"瘞渡,?,?瘚?瘚瑕",敺璁?6771241,??????
915,?箏?撣飛隞?,閮勗???銝剖控頝臭?畾???120.294,22.9669,?箏?撣飛隞??祆?,閮勗???200,"瘞渡,?",撘菔隤?06-2301518,??????
916,?箏?撣??,?????啣遣頝?8??120.1856,22.967,?箏?撣?????暑?葉敹??????舫??蔑??,428,"瘞渡,瘚瑕",憪??06-2657184,??????
917,?箏?撣?敺瑕?,隞儔??隞儔頝?30??120.2585,22.9675,?箏?撣?敺瑕?隞儔????璅葉敹?隞儔??圈?,3260,"瘞渡,?",暺???06-2796072,??????
918,擃?撣???,銝像??撅曹?頝?52撌?4??120.557561,22.96796903,銝像蝷曉?瘣餃?銝剖?,銝像??20,"瘞渡,?,?瘚?瘚瑕",撘菜狠鞈?919629466,??????
919,?箏?撣?撏?,撏????啣?摮?58??120.3608,22.9683,?箏?撣?撏?樴???銝剖飛,撏???撏??葉??,80,瘞渡,????06-5941475,??????
920,擃?撣???,????皜偌頝臭葉摮詨毽6??120.540834,22.968577,擃?撣?????銝剖飛,???之??,375,"瘞渡,?",?⊿?鞎?07-677-1108,??????
921,?箸蝮?瘝喲?,?望眾??11?啣??望眾311??121.302729,22.969096,?望眾??2璅之?降摰??望眾??50,"瘞渡,?瘚?瘚瑕",?喟隡蜇??089-896200,??????
922,?箏?撣飛隞?,??????銵?畾???120.2939,22.9696,?箏?撣飛隞?甇訾??葉,敺????脤?,1130,"瘞渡,?",?喟???06-2301873#111,??????
923,?箏?撣??,?賡??暽賢?頝?57??120.1888,22.9697,?箏?撣???賡蝷曉?瘣餃?銝剖?,?賡??鈭桅???圈?????,406,"瘞渡,瘚瑕",閮望楊瘛?06-2617623,??????
924,?箏?撣飛隞?,甇訾?????銵?畾?00??120.2966,22.9698,?箏?撣飛隞?甇訾???,?啣???脤?,865,"瘞渡,?",暺蔔蟡?06-2304740#203,??????
925,?箸蝮?辣撟喲?,甇阡???箸蝮?辣撟喲?甇阡????5??121.117842,22.969833,甇阡?暑?葉敹?甇阡??30,"瘞渡,?,?瘚?瘚瑕",?∪???89551764,??????
926,?箏?撣飛隞?,??????銵?畾?36??120.2891,22.9708,?箏?撣飛隞?????,??????,860,"瘞渡,?",撘萄?摰?06-3301666#840,??????
927,?箏?撣飛隞?,甇訾???敹??楝221??120.2984,22.9708,?箏?撣飛隞?甇訾??暑?葉敹?甇訾???200,"瘞渡,?",撘菜???,06-3306758,??????
928,?箏?撣??,憭批???憭批?頝臭?畾?82撌?33撘?5??120.2125,22.9726,?箏?撣??憭批?憭扳?蝷曉?瘣餃?銝剖?,憭批??之?拚??之??????姘皞芷?,316,"瘞渡,瘚瑕",?單迤??06-2151444,??????
929,?箏?撣?敺瑕?,隞噸??銝剜迤頝臭?畾???120.2517,22.973,?箏?撣?敺瑕??祆?,隞噸???脤?,570,"瘞渡,?",?喃蔔??06-2704706,??????
930,?箸蝮?嘀??,?????頝臭?畾???121.1567,22.9742,???葉,????40,"瘞渡,?,?瘚?瘚瑕",雓???089-581425,??????
931,?箏?撣??,摨???瘞豢?頝臭?畾?29??120.1953,22.9744,?箏?撣??摨??暑?葉敹?摨???敺琿???????賡?,531,"瘞渡,瘚瑕",??蝘,06-2651402,??????
932,擃?撣??,?冽???冽3??120.467861,22.975346,擃?撣???冽??撠飛,銝像??萸????300,"瘞渡,?",??甇?6681183,??????
933,?箏?撣?,撏噸??撏噸銝?30撌???120.2281,22.9757,?箏?撣?撏噸?暑?葉敹?撏噸??800,"瘞渡,?",?單???06-2680622,??????
934,?箏?撣??,?啣祚??憭?頝?79??120.1955,22.9765,?箏?撣???啣祚蝷曉?瘣餃?銝剖?,?啣祚???????????之????摰?,592,"瘞渡,瘚瑕",?喳??06-2646946,??????
935,擃?撣???,銝像??撅曹?頝?12??120.544072,22.976853,擃?撣???銝像??撠飛,銝像??327,"瘞渡,?",?⊿暺??07-677-1102,??????
936,?箏?撣?,?像????頝?00??120.2326,22.977,?箏?撣??像?暑?葉敹??像??1450,"瘞渡,?",?單???06-2680622,??????
937,?箏?撣??,?????頝臭?畾?3撌?1??120.1879,22.9771,?箏?撣????蝷曉?瘣餃?銝剖?,?????舫????????舫??誨撌?,602,"瘞渡,瘚瑕",???,06-2631259,??????
938,?箏?撣?撱?,?啣????啣?銵?6??120.3595,22.9772,?箏?撣?撱??啣???,?啣???145,"瘞渡,?",?⊥??06-5952419#22,??????
939,?箏?撣?撟喳?,瞍???瞍?頝?9撌?9??2,120.159968,22.977225,?箏?撣?撟喳?瞍??暑?葉敹?瞍???217,"瘞渡,?,瘚瑕",?祐撜?06-2647447,??????
940,擃?撣???,銝像???亙?銝?25??120.556689,22.977268,?亙?撠?蝷曉?瘣餃?銝剖?,銝像??200,"瘞渡,?",?喳?瘞?07-6775186,??????
941,擃?撣??,瘞詨????啁?5??120.498,22.9774,瘞詨?蝷曉?瘣餃?銝剖?,皞?偶?偶??50,"瘞渡,?,?瘚?瘚瑕",?偶??6602048,??????
942,?箏?撣??,?????啣?頝?7??120.1876,22.9778,?箏?撣???啗??葉,????????舫???摰??????誨撌?,5448,"瘞渡,?,瘚瑕",頞?銝?06-2633171??100,??????
943,擃?撣??,?冽???冽30-1??120.4677,22.978,?冽蝷曉?瘣餃?銝剖?,?冽??撟喲????,50,"瘞渡,?,?瘚?瘚瑕",?剖???6681266,??????
944,?箏?撣??,蝡寞漯??擃頝?0??120.2068,22.9785,?箏?撣??擃?砍?,?典?,11891,?,?單???06-2157691??217,??????
945,?箸蝮?嘀??,????4?唳?楝鈭挾281撌???121.1315,22.9789,?啗?蝷曉?瘣餃?銝剖?,????30,"瘞渡,?,?瘚?瘚瑕",瘙偶皜?089-581080,??????
946,?箸蝮?嘀??,????銝剖控頝?7??121.1369,22.9791,????,????60,"瘞渡,?,?瘚?瘚瑕",????089-581118,??????
947,?箏?撣??,憭扳???镼輸?頝臭?畾?06??120.198,22.9796,?箏?撣??憭扳??葉,?啣祚??????敺琿???????,4741,"瘞渡,?,瘚瑕",?⊥???06-2630011??200,??????
948,?箏?撣?,撏飛??撏飛頝?8??120.2234,22.9796,?箏?撣?撏飛??撠飛?,撏飛??靽⊿?,1000,?,??皞?06-2689951,??????
949,?箏?撣?,敺抵???鋆?頝?56??120.2416,22.9803,?箏?撣?敺抵??暑?葉敹?敺抵???230,"瘞渡,?",?單???06-2680622,??????
950,?箏?撣?,撏飛???箏?撣?摮貉楝100??120.224015,22.980519,?箏?撣???祆?,撏縑??摮賊?,70,"瘞渡,?",?單???06-2680622,??????
951,?箏?撣?,敺瑕???撏噸頝?11??120.2188,22.9806,?箏?撣?敺瑕??暑?葉敹?敺瑕???1400,"瘞渡,?",?單???06-2680622,??????
952,?箏?撣??,?噸???亙熒頝臭?畾?27??120.202,22.9811,?箏?撣???啣?擃?,?啁??姘皞芷??之????摰???鈭桅??之??,5532,"瘞渡,?,瘚瑕",雿??06-2617123??502,??????
953,?箏?撣?,?偏??撖噙銵?畾?88撌?0撘???120.2353,22.9815,?箏?撣??偏?暑?葉敹??偏??400,"瘞渡,?",?單???06-2680622,??????
954,?箏?撣?,鋆???鋆?頝?86??120.2464,22.9817,?箏?撣?鋆??暑?葉敹?鋆???250,"瘞渡,?",?單???06-2680622,??????
955,?箏?撣?敺瑕?,憭芸????澈頝???120.255,22.9823,?箏?撣?敺瑕?憭芸??暑?葉敹?憭芸???摨恍?,480,"瘞渡,?",?喳???06-2706979,??????
956,?箏?撣?,????鋆?頝?01??120.245741,22.982499,?箏?撣?鋆???撠飛,????1700,"瘞渡,?",瘝暾?06-3317657,??????
957,?箏?撣?,????鋆?頝?0??120.2387,22.9826,?箏?撣?敺抵???撠飛憸券?,敺抵?????,1000,?,頞撌?06-3310457,??????
958,?箏?撣葉镼踹?,鈭?????頝?37撌?0??120.2049,22.983,?箏?撣葉镼踹?鈭?蝷曉?瘣餃?銝剖?,鈭???100,瘞渡,?喳遣摰?06-2138733,??????
959,?箏?撣?,樴控???ㄝ頝臭?畾?11??120.2193,22.9836,?箏?撣?樴控蝷曉?瘣餃?銝剖?,樴控??750,"瘞渡,?",?單???06-2680622,??????
960,?箏?撣?,?芸撥??撖噙銵?畾?25??120.2352,22.984,?箏?撣??芸撥?暑?葉敹??芸撥??200,"瘞渡,?",?單???06-2680622,??????
961,?箏?撣葉镼踹?,隞???摨楝銵?撌???120.1995,22.9844,?箏?撣葉镼踹?隞??暑?葉敹?隞???200,瘞渡,?曆?隞?927612288,??????
962,?箏?撣?,撖????梢?頝臭?畾?65撌?5??120.2276,22.9847,?箏?撣?撖??暑?葉敹?撖???400,"瘞渡,?",?單???06-2680622,??????
963,?箏?撣葉镼踹?,憭批????祐銵?5??120.2033,22.9848,?箏?撣葉镼踹?銝剖控?葉,撠正?????之???脣飛???舫???憒?????镼輸???????摰?,1300,"瘞渡,?",?唾帘??06-2134792#301,??????
964,?箏?撣?,撖撥??鋆噙頝?46撌?8??120.2317,22.986,?箏?撣?撖撥?暑?葉敹?撖撥??450,"瘞渡,?",?單???06-2680622,??????
965,?箏?撣?撟喳?,??????銝銵?9??120.161834,22.986221,?箏?撣?撟喳????暑?葉敹?????262,"瘞渡,?",?剛蝬?06-2989660,??????
966,?箏?撣?,????鋆?頝?18??120.2434,22.9865,?箏?撣???蝷曉?瘣餃?銝剖?,????1000,"瘞渡,?",?單???06-2680622,??????
967,?箏?撣?撟喳?,?像??銝剛镼輯楝鈭挾1撌???120.185499,22.986772,?箏?撣?撟喳??像?暑?葉敹??像??151,"瘞渡,?",??蝳?06-2971679,??????
968,?箏?撣?撟喳?,?脣像??摨像頝?76??120.167087,22.987404,?箏?撣?撟喳??脣像?暑?葉敹??脣像??273,"瘞渡,?",??靽?06-2937503,??????
969,?箏?撣?,銵???銵?銵?14撌?8??120.2254,22.9879,?箏?撣?銵??暑?葉敹?銵???400,"瘞渡,?",?單???06-2680622,??????
970,擃?撣???,?啣????賊收頝?2??120.563198,22.98792,?啣?蝷曉????詨恕,???摨?,30,"瘞渡,?,?瘚?瘚瑕",鞈湔蝢?976067741,??????
971,?箸蝮?嘀??,????10?唳?啗楝60撌???121.1398,22.988,??蝷曉?瘣餃?銝剖?,????30,"瘞渡,?,?瘚?瘚瑕",暺晶??089-812289,??????
972,擃?撣???,?啣????賊收頝?5撌???120.559681,22.989102,擃?撣????啣???撠飛,?啣???260,"瘞渡,?",?⊿?曇??07-6771755,??????
973,?箏?撣葉镼踹?,?∟正???∟正頝?5??璅?120.194075,22.989445,?箏?撣葉镼踹??∟正?暑?葉敹??∟正??320,瘞渡,?喃?瑹餅,932866855,??????
974,?箏?撣?撟喳?,?像??撱箏像銝?409??120.176458,22.98948,?箏?撣?撟喳??像?暑?葉敹??像??102,"瘞渡,?",閮勗???06-2971950,??????
975,?箏?撣?,敺??鋆噙頝?78??120.2427,22.9895,?箏?撣?敺????冗?瘣餃?銝剖?,敺????,650,"瘞渡,?",?單???06-2680622,??????
976,?箏?撣葉镼踹?,?祆???敹儔頝臭?畾???120.20315,22.989572,?箏?撣葉镼踹?敹儔??,瘞貉??摰??偶蝳??遣????摰?,1300,"瘞渡,?",?喃蔗??06-2222768#714,??????
977,?箏?撣?,撏爸???ㄝ頝臭?畾?92撌?5??120.2247,22.9898,?箏?撣?撏爸?暑?葉敹?撏爸??200,"瘞渡,?",?單???06-2680622,??????
978,?箏?撣?撟喳?,?????∪像頝?10??120.163155,22.990008,?箏?撣?撟喳?????-?,????1458,?,?單???06-2932371#801,??????
979,?箏?撣葉镼踹?,瘞貊???摨?頝臭?畾?58??120.2008,22.9901,?箏?撣葉镼踹?瘞貊?撠正銝??暑?葉敹?瘞貊???镼輸???瘞?,240,瘞渡,?喳???918636187,??????
980,?箏?撣葉镼踹?,?祆????僑頝?26撌?0??120.21101,22.991183,?箏?撣葉镼踹??祆??祆迤?暑?葉敹??祆???撟湧??????甇??,200,瘞渡,?暹鈭?06-2234180,??????
981,?箏?撣葉镼踹?,瘞???靽?頝?01銋???璅?120.1913,22.9912,?箏?撣葉镼踹?銝剝蝷曉?瘣餃?銝剖?,瘞???100,瘞渡,?喲皞?929767263,??????
982,?箏?撣葉镼踹?,瘞???靽?頝?01銋???璅?120.1913,22.9912,?箏?撣葉镼踹?瘞?蝷曉?瘣餃?銝剖?,瘞???150,瘞渡,?喲?璅?06-2262579,??????
983,?箏?撣飛隞?,慦賢???銝剜迤?楝銝挾60??120.2936,22.9919,?箏?撣飛隞?靽正??,慦賢??正???之撱?,730,"瘞渡,?",?單???06-2309683#818,??????
984,?箏?撣?,?望????勗祐頝航??ㄝ頝臭?畾菔楝??120.224271,22.992061,?勗祐???砍?,?望?????之摮賊???隤券??葉镼輸?,7700,?,????06-3901394,??????
985,?箏?撣?,憭批飛???ㄝ頝臭?畾?52??120.2243,22.9921,?箏?撣?憭批飛?勗祐?臬?蝷曉?瘣餃?銝剖?,憭批飛???,900,"瘞渡,?",?單???06-2680622,??????
986,?箏?撣葉镼踹?,???,?控頝???120.2057,22.9922,?箏?撣葉镼踹??僑???瘣餃?銝剖?,?祆???撟湧??????甇????瘞???撅梢?,100,瘞渡,?剝???06-2284281,??????
987,?箏?撣葉镼踹?,撱箏???瘞貊?頝臭?畾?1撌???120.2006,22.9928,?箏?撣葉镼踹?撱箏??暑?葉敹?撱箏???500,瘞渡,?唾靽?06-2283720,??????
988,擃?撣樴?,蝢拙窄???儔頝?12??120.635085,22.99318,擃?撣??剝?擃?銝剖飛,?剝??儔撖園???甇阡?,1625,瘞渡,?喳?鞈?07-6891023#403,??????
989,擃?撣??,皞??撱??47??120.501231,22.993331,擃?撣??皞??撠飛,皞?偶?偶????200,"瘞渡,?,?瘚?瘚瑕",?單???6601788#30,??????
990,?箏?撣?撱?,?日???頝臭?畾?76??120.3175,22.9934,?箏?撣?撱?靽??,銝???剝?,30,瘞渡,撘菜旨?,06-5952344#203,??????
991,?箏?撣葉镼踹?,憭扳飲??摨?頝臭?畾?58撌?5??120.1908,22.9936,?箏?撣葉镼踹?憭扳飲蝷曉?瘣餃?銝剖?,憭扳飲??130,瘞渡,靘舐???932715721,??????
992,擃?撣樴?,銝剛???銝剖?193??120.644983,22.993875,擃?撣樴?樴???撠飛,銝剛???60,"瘞渡,?,?瘚?,?喳?頠?3218216,??????
993,?箏?撣?撟喳?,?∪像???∪像頝?92??120.176439,22.993942,?箏?撣?撟喳?摰像??-憸券?,?典?,510,"瘞渡,?,瘚瑕",????06-2996735,??????
994,?箸蝮???,靽∠儔??"撠收頝?4?o.44, Siaoma Rd., Chenggong Township, Taitung County 961, Taiwan R.O.C.",121.314613,22.99397,撠收瘣餃?銝剖? Siao-Ma Community Center,靽∠儔??20,,?憯?089-85100437,??????
995,?箏?撣葉镼踹?,銝剜迤???銵?畾???璅?璅?120.1972,22.9945,?箏?撣葉镼踹?銝剜迤?暑?葉敹?銝剜迤??200,瘞渡,?喳遣??06-2235520,??????
996,?箏?撣?撟喳?,撟喲?,?脣像頝?16??120.168802,22.994806,?箏?撣?撟喳??祆?,?典?,198,"瘞渡,?,瘚瑕",鞈湧?頞?06-2951915,??????
997,?箏?撣?撟喳?,撱箏像??摨???90??120.185097,22.995143,?箏?撣?撟喳??啣?????撱箏像??66,"瘞渡,?",擃???06-2952171,??????
998,?箏?撣?撟喳?,撱箏像??摨?銝?27??120.185584,22.99525,?箏?撣?撟喳?撱箏像?暑?葉敹?撱箏像??152,"瘞渡,?",?遣撜?06-2988787,??????
999,?箏?撣?撟喳?,?臬像???脣像銋?195??120.171965,22.995282,?箏?撣?撟喳??臬像?暑?葉敹??臬像??235,"瘞渡,?",??瘙?06-2999759,??????
1000,擃?撣樴?,蝢拙窄???儔頝?02??120.6349,22.9955,?剝?蝬?蝷暹?蝳??銝剖?,?郎???單?瞏皞芣?靽雿?儔撖園??溯瘞游?,120,"瘞渡,?,?瘚?瘚瑕",???梢???6891725,??????
1001,擃?撣???,?冽????撌?6??120.5784,22.9967,?賣偌瘜冗?瘣餃?銝剖?,?冽?????,50,"瘞渡,?,?瘚?瘚瑕",???瑟??嗥?,07-6779430,??????
1002,?箏?撣?撟喳?,????銝像頝?9??120.148967,22.997064,?箏?撣?撟喳?瘝?敹?蝷曉??臬?瘣餃?銝剖?,????376,"瘞渡,?,瘚瑕",?摰?06-3911821,??????
1003,?箏?撣葉镼踹?,瘞???瘞?頝臭?畾?35??120.1962,22.9971,?箏?撣葉镼踹?瘞??暑?葉敹?瘞???75,瘞渡,?剜旨??06-2229249,??????
1004,?箏?撣?撟喳?,撟喲?,撟喲楝580撌?02??120.170604,22.99731,?箏?撣?撟喳?撟喲?瘣餃?銝剖?,撟喲?,92,"瘞渡,?",???,06-2936812,??????
1005,?箏?撣?撟喳?,撟喲?,?嗅像頝?87??120.168263,22.997889,?箏?撣?撟喳?摰像?葉-摰像擗?撟喲?,308,"瘞渡,?",?喲脫?,06-2990461-2,??????
1006,?箸蝮?瘝喲?,瘜唳???8??25??121.286015,22.997948,瘜唳?瘣餃?銝剖??齒?祈?,瘜唳???80,"瘞渡,?瘚?瘚瑕",?喳?????089-891512摰?89-891143?齒?祈?,??????
1007,?箏?撣葉镼踹?,憭拙????啁?銵?67??120.201382,22.998046,?箏?撣葉镼踹?憭拙??暑?葉敹?憭拙???80,瘞渡,???06-2276839,??????
1008,擃?撣???,?????ㄝ撌?1??120.548069,22.998095,擃?撣???????撠飛,????480,"瘞渡,?",?⊿?剜?蝘?07-677-2658,??????
1009,?箏?撣葉镼踹?,?亦???瘞?頝臭?畾?32??120.1938,22.9982,?箏?撣葉镼踹?樴?蝷曉?瘣餃?銝剖?,?亦???350,瘞渡,?勗???06-2288409,??????
1010,?箏?撣?撟喳?,?∪像???∪像頝?40撌?9??120.16822,22.99822,?箏?撣?撟喳?憭拇???,撱箏像??99,"瘞渡,?",璆?蝢?06-2971350,??????
1011,?箸蝮?瘝喲?,瘜唳????祇??1??97??121.285041,22.998414,瘜唳???,瘜唳???310,?瘚???蜇?蜓隞?089-891011瘜唳???,??????
1012,?箏?撣葉镼踹?,?脤?,?頝臬?畾?7??120.1875,22.9987,?箏?撣葉镼踹??脣?撠?镼輯郭?正皝???鞈ａ???鞈ａ???????????脤??之瘨潮???銝駁???瘚琿?,900,"瘞渡,?",??銝?06-2223369#809,??????
1013,?箏?撣偶摨瑕?,敺抵???敺抵?頝?56撌?3??120.2415,22.9988,?箏?撣偶摨瑕?敺抵??暑?葉敹?敺抵????瘞?44,瘞渡,???06-3125548,??????
1014,?箏?撣葉镼踹?,韏文?????頝?235 ??120.20317,22.998887,?箏?撣葉镼踹?????,銝??瞈??偌隞???甈??葉甇???予???竣撏?,1200,"瘞渡,?",暺???06-2222239#709,??????
1015,擃?撣樴?,?剝????臬?銵?0-1??120.6301,22.9991,?剝?蝷曉?瘣餃?銝剖?,?剝???100,"瘞渡,?,?瘚?瘚瑕",?剝???勗?頛?07-6893020,??????
1016,擃?撣???,?啣????賊收頝?84撌???120.574128,22.999381,?啣?蝷曉?瘣餃?銝剖?,?啣???30,"瘞渡,?,?瘚?瘚瑕",鞈湔蝢?6774013,??????
1017,?箏?撣?撟喳?,撟喳???瘞?頝臬?畾?25??120.17692,22.999443,?箏?撣?撟喳?撟喳??暑?葉敹?撟喳???237,"瘞渡,?",?⊿?輸?,06-2258366,??????
1018,?箸蝮?絲蝡舫?,???1?啣?????121.130244,22.999481,???踵???,???50,"瘞渡,?,?瘚?瘚瑕",?⊥?鞎?089-811044,??????
1019,?箏?撣??,鈭?????頝?38撌???120.2029,22.9997,?箏?撣????祆?,鈭???敺琿?????,50,瘞渡,?迤??06-2110711,??????
1020,?箏?撣?撟喳?,?喲???摰像頝?00??120.166309,22.999878,?箏?撣?撟喳??喲???-?,?典?,1001,?,?剛??06-2223332,??????
1021,?箏?撣??,?梯???撠頝?01撌?1??1,120.232393,22.99999,?箏?撣???梯?蝷曉?瘣餃?銝剖?,?梯?????????,45,瘞渡,??撠?06-2346426,??????
1022,敶啣?蝮???,?喳???敶啣?頝臭?畾?6??120,23,撖嗅控??,蝮????皞芷???喳???100,"瘞渡,?,?瘚?瘚瑕",閮勗???049-2523968,??????
1023,敶啣?蝮???,銝剖???憭批蔑頝臭?畾?00撌?6??120,23,????,????銝剖???憭抒姘??100,"瘞渡,?,?瘚?瘚瑕",閮勗???049-2523968,??????
1024,?箏?撣??,?砍????砍??楝39??120.2116,23.0002,?箏?撣???砍??暑?葉敹??砍???45,瘞渡,?喲豢,06-2110711,??????
1025,?箏?撣?撏?,?訥?單]??4?啣摮?13銋???120.3974,23.0002,?箏?撣?撏??訥?單]??瘞暑?葉敹??訥?單]??30,瘞渡,?單??06-5941326,??????
1026,?箏?撣??,?砍????砍?頝?80??120.2091,23.0003,?箏?撣???砍???,?砍?????????,1400,"瘞渡,?",?曇???06-2223291#701,??????
1027,?箏?撣?撟喳?,皜臭???閫?唾?33??120.162984,23.000378,?箏?撣?撟喳?閫?喃滬,皜臭???63,"瘞渡,?",?喲???,06-2230523,??????
1028,擃?撣???,?????ㄝ撌?09??120.552286,23.00041918,??蝷曉?瘣餃?銝剖?,??,30,"瘞渡,?,?瘚?瘚瑕",瘙???939723777,??????
1029,擃?撣樴?,銝剛???銝剖?194??120.6448,23.0008,銝剛?蝷曉?瘣餃?銝剖?,銝剛???100,"瘞渡,?,?瘚?瘚瑕",銝剛????瘣?0958-288315,??????
1030,?箏?撣?撟喳?,镼輸?????頝?3??120.160689,23.000908,?箏?撣?撟喳??憭拙?摰?镼輸???198,瘞渡,撘萇???06-2238695,??????
1031,?箏?撣??,摰???镼輸?頝臭?畾?1??120.2021,23.0014,?箏?撣??蝡犖??,鈭???????瘞???敺琿?,1400,"瘞渡,?",擃???06-2222054#88,??????
1032,?箏?撣偶摨瑕?,銝剛??敹?銵?1??120.2381,23.0015,?箏?撣偶摨瑕?銝剛?暑?葉敹?銝剛??????瘣脤????瘞?325,瘞渡,?儔瘜?06-3131777,??????
1033,?箏?撣葉镼踹?,镼踵???皝?銵?0撌?1??120.1808,23.0016,?箏?撣葉镼踹?镼踵?蝷曉?瘣餃?銝剖?,镼踵??正鞈ａ?,260,瘞渡,?喃葉瘚?931912566,??????
1034,?箏?撣偶摨瑕?,????銵?7撌?9??120.2294,23.0021,?箏?撣偶摨瑕???暑?葉敹?????瘞?172,瘞渡,?脤?,06-3126777,??????
1035,?箏?撣??,摰???瘚瑕?頝臭?畾?9??120.1992,23.0022,?箏?撣??摰?蝷曉?瘣餃?銝剖?,摰???80,瘞渡,?單迤甇?06-2288999,??????
1036,?箏?撣?撟喳?,镼輸???摰?頝?80??120.159508,23.002924,?箏?撣?撟喳?镼輸???-憭??賣?摰文??桅?摰??典?,694,"瘞渡,?,瘚瑕",????06-3914142,??????
1037,?箏?撣偶摨瑕?,敺抵?????銵?00??120.2427,23.003,?箏?撣偶摨瑕?瘞詨熒?砍?,?典?,15500,?,撘菜迤獢?06-2991111-6418,??????
1038,?箏?撣葉镼踹?,?郭????銵?8撌???120.189831,23.003161,?箏?撣葉镼踹??郭?暑?葉敹??郭?正皝???鞈ａ?,120,瘞渡,璆???06-3583967,??????
1039,?箏?撣??,鋆????典?頝臭?畾?3??120.1973,23.0032,?箏?撣??鋆?蝷曉?瘣餃?銝剖?,鋆?????,80,瘞渡,?剜??06-2287756,??????
1040,擃?撣??,?姘????53??120.5074,23.0033,?姘蝷曉?瘣餃?銝剖?,皞??蝡寥?,120,"瘞渡,?,?瘚?瘚瑕",???6601992,??????
1041,?箏?撣??,?????梯?頝?51撌?69??120.2266,23.0036,?箏?撣????蝷曉?瘣餃?銝剖?,????銵????????????,74,瘞渡,?剜??輸,06-2383773,??????
1042,?箏?撣??,?????砍??楝406??120.2012,23.0037,?箏?撣?????暑?葉敹?????敺琿??敺琿???????脤?,300,瘞渡,?單,06-2253155,??????
1043,?箏?撣?撟喳?,瘚琿???文銵?0撌?3??120.160277,23.004411,?箏?撣?撟喳?瘚琿蝷曉?瘣餃?銝剖?,瘚琿??99,"瘞渡,?",銝???06-3915863,??????
1044,?箏?撣偶摨瑕?,撏控??撏控銵?22撌?1??120.2602,23.0048,?箏?撣偶摨瑕?撏控?暑?葉敹?撏控???瘞?187,,??靽?06-2729843,??????
1045,?箏?撣偶摨瑕?,?梁??瘞?頝?91??120.2694,23.0051,?箏?撣偶摨瑕??梁?暑?葉敹??梁??????之??????瘞?142,瘞渡,????06-2721561,??????
1046,擃?撣樴?,??????74??120.6482,23.0051,??蝷曉?瘣餃?銝剖?,????50,"瘞渡,?,?瘚?瘚瑕",???撘菜旨??6893923??926393713,??????
1047,?箏?撣??,????镼輸?頝臭?畾?23??120.2052,23.0054,?箏?撣??瘞噸?葉,????敺琿??敺琿???????脤?,700,"瘞渡,?",?∠???06-2223014#16,??????
1048,?箏?撣??,?????郭銝頝???120.1962,23.0057,?箏?撣???郭?葉,????瘞?????,3100,"瘞渡,?",?喃摩??06-2587571#111,??????
1049,?箏?撣偶摨瑕?,敺拙???敺拙?鈭楝46??120.2474,23.006,?箏?撣偶摨瑕?敺拙??暑?葉敹?敺拙???敺拚??遣?????瘞?447,瘞渡,閮勗遣??06-3116684,??????
1050,?箸蝮??撅梢,?餃???銝剛?93??121.1737,23.0061,?控?桅??瘞?摮??餃???200,"瘞渡,?",蝮賢?銝颱遙 皜詨振璁?089-951142#03,??????
1051,?箏?撣偶摨瑕?,銝剛???銝剛?銵?0??120.2402,23.0063,?箏?撣偶摨瑕?銝剛??暑?葉敹?銝剛????????瘞?96,瘞渡,璆ㄝ??06-3128094,??????
1052,?箏?撣椰?桀?,撗⊥???31??120.4153,23.0074,?箏?撣椰?桀?撗⊥???,撗⊥???撅梢?,150,"瘞渡,?",蝢??06-5730389,??????
1053,?箏?撣??,鞈Ｗ???憭扯?銵?99??120.1792,23.0076,?箏?撣??鞈Ｗ???,憭批??之皜舫??之鞊??郭??,1320,"瘞渡,?",?曄???06-3501433#830,??????
1054,?箏?撣??,?????砍?頝?33撌?5??璅?120.209,23.0078,?箏?撣????蝷曉?瘣餃?銝剖?,????????脤?????,30,瘞渡,????06-2513827,??????
1055,?箏?撣??,鞈Ｗ???鞈Ｗ?銵?08??120.1833,23.0086,?箏?撣??鞈Ｗ??暑?葉敹?憭批??之皜舫??之鞊??郭??,60,瘞渡,暺?敺?06-2800889,??????
1056,?箏?撣??,憭找????楝頝臭?畾???120.2165,23.009,?箏?撣??憭找?蝷曉?瘣餃?銝剖?,憭找??之撅梢??之????甇阡?,60,瘞渡,????06-2832365,??????
1057,?箏?撣??,憭批???憭批?撠?82??120.3849,23.009,?箏?撣??憭批??暑?葉敹?憭批???80,瘞渡,暺偶皞???930858857,??????
1058,?箏?撣偶摨瑕?,?剖???銝剛鈭楝358撌?3??120.2303,23.0091,?箏?撣偶摨瑕??剖??暑?葉敹??剖????????瘞?203,瘞渡,?縑頛?06-2012122,??????
1059,擃?撣??,?姘????28??120.514514,23.009137,擃?撣???姘??撠飛,?姘??20,瘞渡,樴???6601106-30,??????
1060,?箸蝮??撅梢,?餃???3?唬葉??5??121.1652,23.0093,?餃?瘣餃?銝剖?,?餃???50,"瘞渡,?",? 瞏窄??89951472,??????
1061,?箏?撣??,撱嗅像???砍?頝?50??120.2107,23.0095,?箏?撣??撱嗅像?葉,撱嗅像??脤??之撅梢???憪??之??,3376,"瘞渡,?",瘣芷???06-2514720#102,??????
1062,?箏?撣偶摨瑕?,銝???銝剜迤?楝摨????垢,120.2405,23.0095,?箏?撣偶摨瑕?擃????砍?,?典?,21333,?,敺?撅?06-2029666,??????
1063,?箏?撣??,?????楝頝臭?畾?70??120.1942,23.0099,?箏?撣????????暑?葉敹????之鞊?????,30,瘞渡,??璊?06-2595189,??????
1064,?箏?撣偶摨瑕?,镼輻??瘞貉銵?01撌?2??120.259,23.0102,?箏?撣偶摨瑕?镼輻?暑?葉敹?镼輻???瘞?134,,?單偶蟡?06-2058388,??????
1065,?箏?撣偶摨瑕?,????郭銵?32??120.2673,23.0119,?箏?撣偶摨瑕???暑?葉敹?????瘞?51,,?剔???06-2714453,??????
1066,?箸蝮??撅梢,??????頝???121.1425,23.0126,?控?格???瘞?摮?????40,"瘞渡,?,?瘚?,蝮賢?銝颱遙 ?單璁?89811074,??????
1067,?箏?撣??,撖西???憭扳郎銵?61??120.2158,23.0134,?箏?撣??撖西?蝷曉?瘣餃?銝剖?,撖西??偶蟡仿???摨琿???甇阡?,35,瘞渡,?剔匱??06-2520335,??????
1068,?箏?撣??,??????頝?1撌?2??120.2219,23.0138,?箏?撣??????,???葉璅??璁桅??????????撖園????,2851,"瘞渡,?",?⊿瘝?06-2375509#201,??????
1069,?箏?撣???,瘚瑕???摨?頝臭?畾?撌???120.1822,23.0142,?箏?撣???瘚瑕??暑?葉敹?瘚瑕??兢蝳?,45,"瘞渡,瘚瑕",?單ㄝ??06-2588013,??????
1070,?箏?撣??,甇?◢???瑟旨頝臭?畾?52撌?8??120.2146,23.0142,?箏?撣???像蝷曉?瘣餃?銝剖?,甇?◢?迤閬粹???摨琿?,68,瘞渡,?喲???06-2811148,??????
1071,?箏?撣偶摨瑕?,摰熒??銝剛镼輯?122撌?2??120.2281,23.0151,?箏?撣偶摨瑕?摰熒?暑?葉敹?摰熒???瘞?52,瘞渡,????06-3020833,??????
1072,?箏?撣??,????瘚瑕?頝臭?畾?15??120.2,23.0154,?箏?撣??????,?噸????????????,1852,"瘞渡,?",暺??06-3584371#801,??????
1073,?箸蝮??撅梢,????銝剖?7銋???121.1516,23.0159,??瘣餃?銝剖?,????50,"瘞渡,?,?瘚?,? ??皜?89812872,??????
1074,?箏?撣偶摨瑕?,敺抵???銵?10??120.2452,23.0168,?箏?撣偶摨瑕?敺抵?暑?葉敹?敺抵???????瘞?467,瘞渡,?靽?06-2037669,??????
1075,?箏?撣???,????憭抒頝?56??120.128311,23.017087,?箏?撣??????暑?葉敹?????197,"瘞渡,?",????06-2841285,??????
1076,?箏?撣偶摨瑕?,瘞詨熒??瘞詨之鈭楝88??120.26,23.0187,?箏?撣偶摨瑕?蝷暹?銝剖?,瘞詨熒?雯撖桅???撅梢??正???????????瘞?1500,瘞渡,敺?撅?06-2029666,??????
1077,?箏?撣???,?勗????勗?19-1??120.4741,23.0206,?箏?撣????勗??暑?葉敹??勗???镼踹???110,"瘞渡,?",????06-5775001,??????
1078,?箏?撣偶摨瑕?,撠???銝剛頝?20??120.2233,23.0211,?箏?撣偶摨瑕?撠??暑?葉敹?撠??偶摨瑕?瘞?46,瘞渡,?其?鞎?06-2532328,??????
1079,?箏?撣偶摨瑕?,?望????望???158??120.2365,23.0212,?箏?撣偶摨瑕??望??暑?葉敹??望????瘞?278,瘞渡,?單摰?06-2325980,??????
1080,?箏?撣偶摨瑕?,憭扳???憭扳?銝?230??120.2296,23.0218,?箏?撣偶摨瑕?憭扳??暑?葉敹?憭扳??正璈????瘞?134,瘞渡,?遣敹?06-2333420,??????
1081,擃?撣???,??????撌?21-1??120.5615,23.0222,??蝷曉?瘣餃?銝剖?,????-11??30,"瘞渡,?,?瘚?瘚瑕",???琿?靽,07-6779477,??????
1082,擃?撣???,??????撌?33??120.561499,23.022241,擃?撣???????撠飛,????480,"瘞渡,?,?瘚?瘚瑕",?⊿瞏???07-6779196,??????
1083,?箏?撣偶摨瑕?,?唳邦??撖撥頝臭?畾?8??120.2751,23.0229,?箏?撣偶摨瑕??唳邦?暑?葉敹??唳邦?正?ａ????瘞?133,瘞渡,?單蟡?06-2721555,??????
1084,?箏?撣偶摨瑕?,?脤???銝剛頝?20-1??120.2144,23.0237,?箏?撣偶摨瑕??脤??暑?葉敹??脤????瘞?46,瘞渡,?喳?蟡?06-2519748,??????
1085,?箏?撣???,摰????∪?頝?畾?64撌?2撘???120.1966,23.02479,?箏?撣???摰??暑?葉敹?????摰???221,"瘞渡,?",?唾瓷??06-2806601,??????
1086,?箏?撣偶摨瑕?,????銝剖控?楝655??120.257,23.0261,?箏?撣偶摨瑕??祆?3璅旨?????迤撘琿????瘞?98,瘞渡,?頂??06-2010308,??????
1087,?箏?撣椰?桀?,瞉控??77-3??120.3855,23.0262,?箏?撣椰?桀??旨??瞉控?,瞉控??撖桅?,80,"瘞渡,?",蝛???06-5731848,??????
1088,?箏?撣???,?勗????勗?95??120.4969,23.0264,?箏?撣???樴?撖??勗???80,"瘞渡,?",????06-5775001,??????
1089,?箏?撣偶摨瑕?,瘞詨熒??瘞詨之銝楝30??120.2579,23.0266,?箏?撣偶摨瑕??Ｙ揣??砍?,?典?,20000,?,?暸陷??06-2010308#120,??????
1090,?箸蝮???,靽∠儔??"?賣風頝?8?o.58, Duli Rd., Chenggong Township, Taitung County 961, Taiwan R.O.C.",121.330869,23.02686,"???桐縑蝢拙?瘞?摮?Xin-Yi Elementary School,Chenggon Township",靽∠儔??100,"瘞渡,?瘚?,璆迤??089-841029,??????
1091,?箏?撣???,皞芣??摰?銵?66??120.197792,23.026965,?箏?撣???瘚瑚???銝剖飛,?砍???,367,"瘞渡,?",?單憯?06-3507486,??????
1092,?箏?撣???,皞芸?????銵?6??120.213,23.027,?箏?撣???皞芸??暑?葉敹?皞芸???199,瘞渡,?敺?06-2511066,??????
1093,?箏?撣???,皞芸???瘚瑚?頝臭?畾?72撌?0??120.1922,23.0279,?箏?撣???皞芸??暑?葉敹?皞芸??絲雿?,228,瘞渡,閮梁儔??06-2592098,??????
1094,?箏?撣偶摨瑕?,瘞詨熒??銝剖控?楝637??120.24811,23.027954,?箏?撣偶摨瑕?瘞詨熒??撠飛,瘞詨熒???瘞?616,"瘞渡,?",?冽迤??06-2324462#930,??????
1095,?箸蝮???,靽∠儔??"?賣風頝?15?o.115, Duli Rd., Chenggong Township, Taitung County 961, Taiwan R.O.C.",121.33089,23.028107,?賣風瘣餃?銝剖? Du-Li Community Center,靽∠儔??20,,?憯?089-85100437,??????
1096,?箏?撣??,甇血????砍?頝?10??120.3067,23.0295,?箏?撣??擃?砍?,?圈??芸??身銝???1000,?,?旨?箄玨??06-5905009,??????
1097,?箏?撣???,摰???摰?頝臭?畾?27??120.2126,23.0313,?箏?撣???摰??葉-?葉擗?摰正???,1900,"瘞渡,?",?剛?敹?06-3559652#140,??????
1098,?箸蝮?瘝喲?,????蝢19??3-1??121.286649,23.031352,??瘣餃?銝剖??齒?祈?,????100,"瘞渡,?瘚?瘚瑕",瘙???鈭暺?蝳?撟嫣?,089-891588摰?89-891173?齒?祈?,??????
1099,?箏?撣偶摨瑕?,樴蔬??樴?銵?00??120.2667,23.0314,?箏?撣偶摨瑕?樴蔬?暑?葉敹?樴蔬??蝡寥???暸????瘞?159,"瘞渡,?瘚?瘚瑕",?唾?憟?06-2012626,??????
1100,擃?撣樴?,?啁???像頝?30??120.662467,23.031783,擃?撣樴??啁??撠飛,?啁??354,"瘞渡,?瘚?,?Ｗ振??6791387#40,??????
1101,擃?撣樴?,?啁???像頝?15銋???120.6633,23.032,?啁蝷曉?瘣餃?銝剖?,?啁?洵銝?身??,100,"瘞渡,?,?瘚?瘚瑕",?啁???暻?6791413??963114332,??????
1102,?箏?撣???,摰正??摰正頝?01??120.208978,23.032486,?箏?撣???摰正?暑?葉敹?摰正??310,瘞渡,??瘝?06-2475999,??????
1103,?箏?撣??,鞊旨??瘣?127??120.2959,23.0334,?箏?撣??靽?憭批?撱?閬??閬?閮哨?銝???150,?,???唬蜓憪?06-5987996,??????
1104,?箏?撣???,摰??摰?頝臭?畾?78撌?撘?20??120.214219,23.033564,?箏?撣???摰?暑?葉敹?摰??385,瘞渡,?喲???06-2462476,??????
1105,擃?撣???,?冽????撌?60??120.534542,23.033981,?????冽???,?冽???200,"瘞渡,?,?瘚?瘚瑕",??曈?07-6779232,??????
1106,?箏?撣???,???憭批?銵?35??120.1931,23.034,?箏?撣????憭批?蝷曉?瘣餃?銝剖?,??之摰?,281,瘞渡,?單?摰?06-2456979,??????
1107,?箸蝮??撅梢,鞊???敹?頝?8撌???璅?121.1682,23.0352,?控?株犖?熒瘣餃?銝剖?,鞊??????100,"瘞渡,?",? 撘萄振蝳?0963-002822,??????
1108,?箏?撣???,??圈?,?摰楝28??120.1411,23.0367,?箏?撣?????圈?瘣餃?銝剖?,??圈?,287,"瘞渡,?",?迤敺?06-3841797,??????
1109,?箏?撣??,?芸??憭芸像銵?76 ??120.2991,23.0379,?箏?撣??憭扳??憭抒旨??閬?閬?閮凋???,150,?,???蜇?蜓隞?06-5982953#705,??????
1110,?箏?撣??,霅瑕???銝剛?頝?22??120.3076,23.0379,?箏?撣???啣??葉憭抒旨??閬?閬?閮凋???,500,瘞渡,璆?亦蜇?蜓隞?06-5902269,??????
1111,?箏?撣??,霅瑕???撱箏?銵?0??120.3093,23.038,?箏?撣???啣???撣????閬??閬?閮哨?銝???150,?,??隞蜇蝬?,06-5905908,??????
1112,?箏?撣???,瘚瑁正??瘚瑞銵?86??120.18432,23.038021,?箏?撣???瘚瑁正?暑?葉敹?瘚瑁正??202,瘞渡,?單狠??06-2569119,??????
1113,?箏?撣??,霅瑕???銝剖控頝?30??120.3108,23.0382,?箏?撣???祆?3璅?瞍輒,?芸??身銝???100,瘞渡,?剛?,06-5905009,??????
1114,?箏?撣??,????銝剖控頝?73??120.311,23.0383,?箏?撣???啣???憭抒旨??閬?閬?閮凋???,200,瘞渡,暺?蜇?蜓隞?06-5901810#704,??????
1115,?箏?撣??,?望旨??靽∠儔頝?2??120.3193,23.0386,?箏?憭批飛?惇?摮豢瘣餃?銝剖?,閬?閬??身銝???100,瘞渡,?⊥??輻蜇?蜓隞?06-5903355#511,??????
1116,?箏?撣??,憭芸像??敹?頝???120.3326,23.0391,?箏?撣???啣?擃葉?唳?擗?閬?閬??身銝???1000,瘞渡,暺??熄????06-5982065#4002,??????
1117,?箸蝮??撅梢,????撏?46銋???121.161,23.0392,??瘣餃?銝剖?,????100,"瘞渡,?",? 瞏＊??89811229,??????
1118,?箏?撣???,摰???瑟漯頝臭?畾?68撌?33??120.2101,23.0397,?箏?撣???摰?暑?葉敹?摰??摰?,413,瘞渡,?剜??06-2559812,??????
1119,?箸蝮?瘝喲?,?????21??121.292706,23.039731,????,????111,"瘞渡,?瘚?瘚瑕",暺迤?蜇?蜓隞?089-891103????????
1120,?箏?撣偶摨瑕?,????瘞詨之頝臭?畾?18撌?11??120.252374,23.040107,?箏?撣偶摨瑕????暑?葉敹??????瘞?147,"瘞渡,?",????06-2325631,??????
1121,?箏?撣偶摨瑕?,?銵?,甇???怨?1??120.2395,23.0402,?箏?撣偶摨瑕?暽質????尹,暽質??厭瘣脤???瘞????瘞?167,瘞渡,?扳???06-2531977,??????
1122,?箏?撣??,?芸???芸142??26,120.2901,23.0407,?箏?撣???芸?予摰?閬??閬?閮哨?銝???200,?,擃?蝞∠?鈭?06-5987872,??????
1123,?箏?撣???,璇??摰葉頝臭?畾?03撌?0??120.192929,23.040741,?箏?撣???摰??撠飛,摰??漯???漯?梢?,1600,"瘞渡,?",暺???06-2460334,??????
1124,?箏?撣???,憿臬悅??慦賜?摰桐?銵?36??120.10991,23.04156,?箏?撣???暽輯喲?憭拙?摰??祇尹,暽輯喲?,500,"瘞渡,?",??撅?06-2841386,??????
1125,?箸蝮??銝?,?航???6??6??121.1951,23.0426,?箸蝮??銝??砍???撠飛?航??,?航???100,"瘞渡,?,?瘚?,?勗撥蝢?089-951068,??????
1126,?箏?撣???,??????172-1??120.4776,23.0431,?箏?撣????犖?熒銝剖?,????160,"瘞渡,?",暺??06-5771513,??????
1127,擃?撣隞?,撖園????頝???120.55,23.0446,?撖箏????典?,200,"瘞渡,?瘚?,雿????臭??迂?臬?,07-6752123,??????
1128,?箏?撣偶摨瑕?,?瘣脤?,暽質?頝?00撌?0撘?6??120.2338,23.0448,?箏?撣偶摨瑕?暽賣散?暑?葉敹?暽賣散??瘞????瘞?294,,瘥?撖?06-2532090,??????
1129,?箏?撣偶摨瑕?,?姘???姘??85??120.2633,23.0449,?箏?撣偶摨瑕??姘?暑?葉敹??姘??暸????瘞?109,,?喳ㄛ摮?06-2326561,??????
1130,?箏?撣???,憿臬悅??慦賜?摰桐?銵?0??120.127812,23.045997,?箏?撣???慦賜?摰桃冗?瘣餃?銝剖?,憿臬悅??393,瘞渡,?脫?,06-2841343,??????
1131,?箸蝮??撅梢,?啁???皞芸?34銋???121.1722,23.0461,?啁?瘣餃?銝剖?,?啁???50,"瘞渡,?",? ?賢?頛?89811777,??????
1132,?箏?撣???,瘚瑟??摰葉頝臭?畾?08??120.1848,23.0472,?箏?撣????祆?,皞芸???80,瘞渡,憿?蟡?06-2567126,??????
1133,?箸蝮??撅梢,銝剔???銝剛頝?8??璅?121.1636,23.0491,銝剔?瘣餃?銝剖?,銝剔???100,"瘞渡,?",? 暺隞?89811579,??????
1134,?箏?撣???,瘚瑟??摰葉頝臭?畾?81??120.174766,23.049279,?箏?撣???瘚瑟??撠飛,瘛萎葉?殿镼輸??絲?梢?,1200,"瘞渡,?",????06-2567146,??????
1135,擃?撣隞?,撖園????頝?0??120.555507,23.049345,擃?撣隞?撖園???撠飛嚗??剁?,撖園???150,,?⊿璇??蜇?蜓隞餅??貉?,675299810??75299831,??????
1136,?箏?撣???,瘛菔正??摰葉頝臭?畾?52??120.1773,23.0496,?箏?撣???摰??葉-蝳桀?,皞芸??殿?梢?,1750,"瘞渡,?",?剜??06-2567384,??????
1137,?箸蝮???,靽∠儔??"鞊頝?0?o.90, Fongtian Rd., Chenggong Township, Taitung County 961, Taiwan R.O.C.",121.338751,23.050198,鞊瘣餃?銝剖? Fong-Tian Community Center,靽∠儔??20,"瘞渡,?瘚?,?憯?089-85100437,??????
1138,?箏?撣???,?????砍?銵?畾?67撌?6撘?6??120.1971,23.0505,?箏?撣??????暑?葉敹?????284,瘞渡,??瘞?06-2476967,??????
1139,?箸蝮??撅梢,鞊???銝剛頝?01??121.1634,23.0506,?控?桅?撅勗?瘞?摮?鞊??????500,"瘞渡,?",鈭?蝯 ????89811012,??????
1140,擃?撣隞?,撖園???撊粹?撌?5??120.5642,23.0507,??憭芰?摰?镼踹???憭抒/撖園??芸??身嚗?頞單??之?啗犖瘣餃?銝剖?,50,"瘞渡,?瘚?,蝞∠?鈭箄?舀? ?喳?憪?07-6752559,??????
1141,?箏?撣偶摨瑕?,??????頝?66撌?9撘?18??120.2778,23.0511,?箏?撣偶摨瑕????暑?葉敹??????瘞?104,瘞渡,?喃???06-2044559,??????
1142,?箸蝮??撅梢,鞊???敹?頝?8撌???璅?121.1536,23.0533,鞊?瘣餃?銝剖?,鞊??????50,"瘞渡,?",? 暺雇璁?89811858,??????
1143,?箸蝮??撅梢,敺琿???7?唳偶鞊?6??121.1536,23.0533,?控?桀噸擃?瘞?摮?敺琿???200,"瘞渡,?,?瘚?,蝮賢?銝颱遙 ?孵振??089-931149,??????
1144,?箏?撣???,璇??摰葉頝臭?畾?57撌?5??120.1699,23.05388,?箏?撣???璇?暑?葉敹?璇?陶?圈?,164,瘞渡,?∪?鞊?06-2550389,??????
1145,?箏?撣???,銝剖???銝剖?38-6??120.4715,23.0539,?箏?撣???銝剖??暑?葉敹?銝剖????像??80,"瘞渡,?",雿?蝟?06-5775023,??????
1146,擃?撣?皞?,撖嗅控??鈭???8??120.7221,23.0554,擃?撣?皞?撖嗅控??撠飛,撖嗅控??250,"瘞渡,瘚瑕",??單?敶拍?/?凳鈭?撌批?,07-6894007/0977406671,??????
1147,擃?撣?皞?,撖嗅控??撖嗅控??8 ??120.72159,23.055409,擃?撣?皞?撖嗅控??撠飛,撖嗅控??150,"瘞渡,?",憿???07-6861132,??????
1148,?箏?撣椰?桀?,銝剜迤??170??120.4106,23.0562,?箏?撣椰?桀?撌阡?葉,銝剜迤????摨?,230,"瘞渡,?",?∪???06-5731015,??????
1149,?箏?撣椰?桀?,銝剜迤??171-4??120.4087,23.0565,?箏?撣椰?桀??祆?,?典?,40,"瘞渡,?",?誨撠?06-3036518,??????
1150,?箏?撣???,?正???正銵?畾?31??120.0956,23.057,?箏?撣????正?暑?葉敹??正??291,"瘞渡,瘚瑕",?湔?甇?06-2577688,??????
1151,?箏?撣椰?桀?,銝剜迤??15-4??120.4061,23.0577,?箏?撣椰?桀??犖瘣餃?銝剖?,銝剜迤?椰?桅?,40,瘞渡,?剜?瑹?06-5731611,??????
1152,?箏?撣???,?????正銵?畾?1撌?8撘?8??120.1272,23.0606,?箏?撣??????暑?葉敹?????220,瘞渡,?∠頛?06-2574626,??????
1153,?箏?撣???,?勗????瑕?頝臭?畾?05??120.2287,23.062,?箏?撣????勗??暑?葉敹??勗???73,瘞渡,??皜?06-3566551,??????
1154,?箏?撣???,撣????瑕?頝臬?畾?31撌?0撘?1??120.2071,23.0632,?箏?撣???撣??暑?葉敹?撣???223,瘞渡,憪???06-2471685,??????
1155,?箏?撣???,雿正??瘚瑚?頝?畾?93??120.173444,23.064001,?箏?撣???摰???撠飛,?砍???,150,"瘞渡,?",?喟???06-2567642,??????
1156,?箏?撣??,蝢????????00??120.3482,23.0646,?箏?撣???亙予撖?閬?閬??身銝???400,"瘞渡,?",?暹??舀?閮蜓隞?06-5911764,??????
1157,?箏?撣椰?桀?,璁桀???60-7??120.3887,23.0646,?箏?撣椰?桀?璁桀??暑?葉敹?璁桀???30,瘞渡,?勗?頛?06-5732282,??????
1158,?箏?撣???,?瑕????瑟漯頝臭?畾?49??120.197829,23.065467,?箏?撣????瑕???撠飛,?瑕??閬芷??蜇?剝?,1250,"瘞渡,?",?剖???06-3365595,??????
1159,?箏?撣???,撌???摰?頝?畾?4撌?6??120.2208,23.06584,?箏?撣???????銝剖飛,?砍???,1179,"瘞渡,?",??甇?06-3551440,??????
1160,?箏?撣???,雿正???砍飛頝臬?畾?25??120.1743,23.0661,?箏?撣???雿雿正蝷曉?瘣餃?銝剖?,雿??镼輸?,169,瘞渡,擃脰?,06-2872962,??????
1161,?箏?撣???,?????頝?95??120.131192,23.066375,?箏?撣???????撠飛,?砍???,1498,"瘞渡,?",撘萎???06-2577645,??????
1162,?箏?撣???,?葉????頝?60??120.1273,23.0668,?箏?撣???甇?絞暽輯喲?????撱?????銝剝?,800,"瘞渡,?",??蝢?06-2577547,??????
1163,?箏?撣???,撌???摰?頝臭?畾?78撌???120.218204,23.066821,?箏?撣???????撠飛,撌???1180,"瘞渡,?",?舐戍??06-3560691,??????
1164,?箏?撣???,?????頝?3??120.127576,23.066898,?箏?撣?????暑?葉敹????285,"瘞渡,?",?剖頂瘞?06-2572101,??????
1165,?箏?撣???,?控???控132-3??120.5153,23.0676,?箏?撣?????瘣餃?銝剖?,?控??100,"瘞渡,?,?瘚?,?望偶??06-5772128,??????
1166,?箏?撣??,[銝遛銝]??,???54??120.3497,23.0677,?箏?撣????????,?啣??,300,?,??鞈Ｙ蜇?蜓隞?06-5911591,??????
1167,?箏?撣???,[??]??,摰?銵?2??120.2174,23.0682,?箏?撣???撌??暑?葉敹?撌???325,瘞渡,雓?璁?06-3559953,??????
1168,?箏?撣???,[??]??,摰?銵?30??120.219603,23.071146,?箏?撣???憛剖??暑?葉敹?憛剖???335,瘞渡,??撖?06-3560368,??????
1169,擃?撣樴?,?????帖頝?7??120.673772,23.0731,??蝷曉?瘣餃?銝剖?,???洵1?身??,100,"瘞渡,?,?瘚?,????喃?蝳?07-6882527,??????
1170,?箏?撣???,?????砍飛頝臭?畾?27??120.160816,23.07394,?箏?撣???????撠飛,???憛剝?,1090,"瘞渡,?",瞏?憒?06-2870077,??????
1171,?箸蝮??撅梢,敺琿???8?唳偶鞊?05銋???121.1776,23.0748,敺琿?瘣餃?銝剖?,敺琿???100,"瘞渡,?,?瘚?,? ??撟?89931111,??????
1172,?箏?撣撣?,?啣???敹?銵?89??120.2945,23.0751,?箏?撣撣??熒?脫?銝剖?,瘞詨停???,290,"瘞渡,?",雓??06-5898318,??????
1173,?箏?撣???,?控???控65??120.5201,23.0757,?箏?撣????控?暑?葉敹??控??90,"瘞渡,?,?瘚?,?望偶??06-5772128,??????
1174,?箏?撣???,??????銵?畾?71撌???120.112012,23.07598,?箏?撣??????暑?葉敹?????278,瘞渡,擳郎??06-2571178,??????
1175,?箏?撣撣?,蝷曉??蝷曉91-22??120.2816,23.0766,?箏?撣撣??犖?熒瘣餃?銝剖?,蝷曉?之瘣脤?,410,瘞渡,????06-5994711#138,??????
1176,?箏?撣???,??????銵?畾?05撌?2??120.117215,23.076717,?箏?撣???????撠飛,?砍???,725,"瘞渡,?",?輯??06-2577631,??????
1177,?箏?撣控銝?,鞊噸??鞊噸49-2??120.3596,23.0774,?箏?撣控銝?鞊噸?暑?葉敹?鞊噸??50,瘞渡,????06-5781801#21,??????
1178,?箏?撣???,?祚???祚3??120.4915,23.0774,?箏?撣????祚?暑?葉敹??祚??撠???110,"瘞渡,?",????06-5772237,??????
1179,擃?撣隞?,憭抒???啗?頝?9-1??120.5823,23.078,憭抒?犖瘣餃?銝剖?嚗??剁?,憭抒??100,,???瑟?蝘蝢冗?蝮賢凳鈭撐??921233279,??????
1180,?箏?撣???,摮豢???砍飛頝?畾?89??120.145483,23.07819,?箏?撣???摮豢??撠飛,?砍???,600,"瘞渡,?",?剖???06-2870017,??????
1181,?箏?撣撣?,?啣???銝剛?銵?2??120.2952,23.0787,?箏?撣撣??祆?銝?憭抒旨???啣???100,"瘞渡,?",?批振??06-5994711#280,??????
1182,?箏?撣撣?,?啣???銝剛?銵???120.2958,23.0787,?箏?撣撣??啣???摮貊?瘣餃?銝剖?,銝????舫?,300,瘞渡,????06-5992895#831,??????
1183,?箏?撣???,摮豢???砍飛頝臬畾?61??120.1431,23.0793,?箏?撣???摮豢?暑?葉敹?摮豢??276,"瘞渡,?",暺?敹?06-2872927,??????
1184,?箏?撣???,??????頝?71撌?4撘?7??120.127523,23.079511,?箏?撣??????暑?葉敹?????250,"瘞渡,?",?單?瘚?06-2573077,??????
1185,?箏?撣?摰?,?剖????剖?30??120.219,23.0798,?箏?撣?摰?????,?冽???湔?,100,瘞渡,?剛???06-5931038,??????
1186,?箏?撣?摰?,?剖????剖?30??120.219,23.0798,?箏?撣?摰?????,?冽???湔?,150,瘞渡,?剛???06-5931038,??????
1187,擃?撣隞?,?勗??????楝6??120.592022,23.080974,擃?撣??脖???銝剖飛嚗??剁?,?勗???270,瘞渡,?⊿?暹??啜蜇?蜓隞餃???,675101810??675101840,??????
1188,?箸蝮??銝?,撖???4??2銋???121.2212,23.0813,撖??齒?祈?,撖???100,"瘞渡,?,?瘚?,?蝢?憒?089-862951,??????
1189,擃?撣隞?,镼踹?????頝?5??120.588891,23.081444,擃?撣隞??脖???撠飛?,镼踹???521,"瘞渡,?,?瘚?,?⊿?喳?憒蜇?蜓隞餃撐瘛戊,6751025111??751025140,??????
1190,?箏?撣撣?,皜臬???瘞?頝?6??120.3005,23.0834,?箏?撣撣??啣??葉?脫???憭抒??葛憓?,500,瘞渡,?喟?蝘,06-5991420#6001,??????
1191,?箏?撣撣?,皜臬???瘞?頝?6??120.3005,23.0834,?箏?撣撣??啣??葉?,閬???矽??2000,?,?喟?蝘,06-5991420#6001,??????
1192,?箏?撣?摰?,憭批???憭批?81??120.2231,23.0839,?箏?撣?摰?憭批?蝷曉?瘣餃?銝剖?,憭批?????葛???葉瘝???100,瘞渡,?單?摰?06-5921116,??????
1193,擃?撣隞?,????銝剖控頝?6??120.5875,23.084,?脖???蝷曉?瘣餃?銝剖??,????80,,???瑟??啁??蜇撟嫣???鞊?937645339,??????
1194,?箏?撣正皜臬?,?啣儔??皞芸?撖?9-9??120.184578,23.085261,?箏?撣正皜臬??啣儔?暑?葉敹??啣儔??270,"瘞渡,?",暺???06-7957668,??????
1195,擃?撣隞?,?勗???瘝寧丹撌???120.601,23.0855,樴陶撖?镼踹?/?勗?/??/?控/撠?,500,"瘞渡,?瘚?,摨瑁???07-6751033,??????
1196,?箏?撣撣?,憭抒冗??憭抒冗39??120.3191,23.0863,?箏?撣撣?憭抒冗???脰郭銝??飛?暑?葉敹?,憭抒冗?蔬??,300,瘞渡,摰鞈?06-5991593#805,??????
1197,?箏?撣控銝?,撟喲??撟喲48??120.3807,23.0868,?箏?撣控銝?撟喲?暑?葉敹?撟喲??50,瘞渡,????06-5781801#21,??????
1198,?箸蝮???,敹???"暻?頝?5-12?o.45-12, Chilin Rd., Chenggong Township, Taitung County 961, Taiwan R.O.C.",121.356735,23.092456,暻?瘣餃?銝剖? Chi-Lin Community Center,敹???30,"瘞渡,?瘚?,撘菜?憡?089-85100433,??????
1199,?箏?撣?摰?,皜臬??皜臬333-22??120.2196,23.0928,?箏?撣?摰?銴?撘?????摰??,?方?????????摰???????镼輸?憭?11???賡???,300,?,?唾???06-5921116,??????
1200,?箏?撣?摰?,皜臬??皜臬333-22??120.2196,23.0928,?箏?撣?摰?銴?撘?????摰??,?方?????????摰???????镼輸?憭?11???賡???,800,?,?唾???06-5921116,??????
1201,?箏?撣??∪?,?遢???遢24-28??120.1055,23.0942,?箏?撣??∪??遢??瘞暑?葉敹??遢??94,"瘞渡,?",撘菜偌??06-7880746,??????
1202,?箸蝮??銝?,?砍???1?啗摰???121.2185,23.0948,?砍??齒?祈?,?砍???100,"瘞渡,?,?瘚?,?擳旨憓?089-861743,??????
1203,?箏?撣??∪?,瘞詨???瘞詨?16-8??120.1288,23.0954,?箏?撣??∪?瘞詨????瘣餃?銝剖?,瘞詨???37,"瘞渡,?",????06-7880024,??????
1204,?箏?撣?摰?,瘚瑕祚??瘚瑕祚15銋???120.2112,23.0965,?箏?撣?摰?瘚瑕祚蝷曉?瘣餃?銝剖?,瘚瑕祚?葛????????200,瘞渡,?單?摰?06-5921116,??????
1205,?箏?撣?摰?,??????62??120.225,23.0984,?箏?撣?摰?????,?冽???湔?,100,"瘞渡,?",?寥???06-5922023,??????
1206,?箏?撣控銝?,?啗???憭批?32??120.3637,23.0987,?箏?撣控銝??啗??之摨暑?葉敹??啗???50,瘞渡,????06-5781801#21,??????
1207,?箸蝮??銝?,?血???1?唳??2??121.2203,23.0988,?血??齒?祈?,?血???100,"瘞渡,?,?瘚?,???皞?089-862370,??????
1208,?箏?撣??∪?,銝??銝39??120.1182,23.0993,?箏?撣??∪?銝蝷曉?瘣餃?銝剖?,銝??61,"瘞渡,?",暺?蝡?06-7880745,??????
1209,?箸蝮?絲蝡舫?,瘚瑞垢??"3?啣控??7-3?o.17-3, Shanjie, Haiduan Township, Taitung County 957, Taiwan",121.1767,23.100134,瘚瑞垢?????Haiduan Nursery School,瘚瑞垢???????踵??誨??,80,"瘞渡,?,?瘚?瘚瑕",?脫??089-931466,??????
1210,?箏?撣控銝?,?散???散43??120.3557,23.1008,?箏?撣控銝???撠飛,?典?,1000,"瘞渡,?",?寡摰?06-5781203,??????
1211,?箏?撣控銝?,?散???散197??120.3536,23.1011,?箏?撣控銝??散?噙瘞??脫暑?葉敹??散??150,瘞渡,????06-5781801#21,??????
1212,?箏?撣??∪?,蝢拙???蝢拙?72銋???120.1382,23.1013,?箏?撣??∪?蝢拙????瘣餃?銝剖?,蝢拙???136,"瘞渡,?",暺?銋?06-7891113,??????
1213,?箸蝮?絲蝡舫?,瘚瑞垢??"4?啣控??6?o.36, Shanjie, Haiduan Township, Taitung County 957, Taiwan",121.1761798,23.10145705,瘚瑞垢??Haiduan Elementary School,瘚瑞垢???????踵??誨??,100,"瘞渡,?,?瘚?瘚瑕",撱撜?089-931184,??????
1214,?箸蝮???,敹??"銝剜迤頝??o.1, Jhongjheng Rd., Chenggong Township, Taitung County 961, Taiwan R.O.C.",121.376599,23.101696,"???格皜臬?瘞葉摮?Hsin-kang Junior High School, Chenggon Township",敹??250,?,?剔??,089-851034,??????
1215,?箏?撣控銝?,撅曹???撅曹?134-1??120.3577,23.1017,?箏?撣控銝?撅曹??噙瘞??脫暑?葉敹?撅曹???150,瘞渡,????06-5781801#21,??????
1216,?箏?撣控銝?,??????35??120.3891,23.1017,?箏?撣控銝????暑?葉敹?????50,瘞渡,????06-5781801#21,??????
1217,?箸蝮?絲蝡舫?,瘚瑞垢??"4?啣控?楝43?o.43, Shanjie, Haiduan Township, Taitung County 957, Taiwan",121.1766199,23.10206982,瘚瑞垢??Haiduan Township Office,瘚瑞垢???????踵??誨??,50,"瘞渡,?,?瘚?瘚瑕",?∪?摰?089-931307,??????
1218,?箏?撣??∪?,銝??銝100??120.116949,23.102173,?箏?撣??∪?銝???,銝??100,?,?單?敹?06-7880744,??????
1219,?箸蝮???,銝???"銝?頝?0?o.20, Sanmin Rd., Chenggong Township, Taitung County 961, Taiwan R.O.C.",121.371943,23.10221,銝??暑?葉敹?San-Min Community Center,銝???20,,?喲?甈?089-85100432,??????
1220,?箏?撣??∪?,蝡寞???蝡寞?33-1??120.1637,23.1029,?箏?撣??∪?蝡寞????瘣餃?銝剖?,蝡寞???134,"瘞渡,?,瘚瑕",撘菟???06-7891110,??????
1221,?箏?撣控銝?,撅曹???撅曹?130??120.3584,23.103,?箏?撣控銝?撅曹???銝剖飛,?典?,1000,"瘞渡,?",?敹?06-5781023#11,??????
1222,?箏?撣?摰?,??????1??120.2274,23.1033,?箏?撣?摰???蝷曉?瘣餃?銝剖?,???恣撖桅?,50,瘞渡,?單?摰?06-5921116,??????
1223,?箏?撣?摰?,皜臬偏??皜臬偏74-11??120.2338,23.1038,?箏?撣?摰?皜臬偏蝷曉?瘣餃?銝剖?,皜臬偏?葉璁桅???50,瘞渡,?單?摰?06-5921116,??????
1224,?箏?撣正皜臬?,蝡寞???蝡寞?11??120.1794,23.1042,?箏?撣正皜臬?????,蝡寞??????偶璅??敺拚?,850,"瘞渡,?",敺隞?06-7952204#2820,??????
1225,?箏?撣??∪?,銝??銝147??120.1231,23.1043,銵?Ｗ?頠?文蝴摰頛?憪?蔔?旨霅賢?瘞?摰?銝??21,"瘞渡,?",?脣樴?06-7880664,??????
1226,?箸蝮???,銝???"銝?頝?11?o.111, Sanmin Rd., Chenggong Township, Taitung County 961, Taiwan R.O.C.",121.374961,23.104389,銝??洵2撣 San-Min Second Market,銝???50,,?喲?甈?089-85100432,??????
1227,?箸蝮???,敹??憭芸像頝?2??121.381984,23.104484,?????平瘞渡?瑟平摮豢,敹??200,?,?∪???089-850011,??????
1228,?箸蝮???,敹??"鈭?頝?64?o.164, Wucyuan Rd., Chenggong Township, Taitung County 961, Taiwan R.O.C.",121.380248,23.104757,敹?暑?葉敹?Jhong-Jhi Community Center,敹??30,,??蝛?089-85100434,??????
1229,擃?撣?皞?,撱箏控??撱箏控??6??120.682598,23.105377,擃?撣?皞?撱箏控??撠飛,撱箏控??68,"瘞渡,?",憿???07-6861132,??????
1230,?箏?撣?鈭?,??????76??120.4562,23.1058,?箏?撣?鈭????暑?葉敹?????70,瘞渡,????06-5742458,??????
1231,?箸蝮??銝?,?啗???4??8銋???121.2069,23.1066,?啗??齒?祈?,?啗???100,"瘞渡,?,?瘚?,?閮梢???089-863398,??????
1232,擃?撣?皞?,撱箏控??撱箏控撌?6??120.684,23.1067,撱箏控蝷曉?瘣餃?銝剖?,撱箏控??120,"瘞渡,瘚瑕",??蝢??凳鈭?撌批?,0938317097/0919397714,??????
1233,?箏?撣控銝?,??????98??120.3481,23.1078,?箏?撣控銝????暑?葉敹?????150,瘞渡,????06-5781801#21,??????
1234,?箏?撣正皜臬?,?絲??銝剜葛24??120.1937,23.1079,?箏?撣正皜臬?撱??摰??絲??140,"瘞渡,?",暺???06-7951656,??????
1235,擃?撣樴?,撖嗡???銝剜迤頝?9??120.70089,23.10881,撖嗡?蝷曉?瘣餃?銝剖?,撖嗡???100,"瘞渡,?,?瘚?,撖嗡??瘝??07-6881125,??????
1236,擃?撣樴?,撖嗡???銝剜迤頝?9??120.700921,23.108831,擃?撣樴?撖嗡???撠飛,撖嗡???257,"瘞渡,?瘚?,擳???6881009#40,??????
1237,擃?撣樴?,撖嗡???銝剜迤頝?37??120.703635,23.109359,擃?撣?撖嗡???銝剖飛,撖嗡???244,"瘞渡,?,?瘚?,?喳???6881258#31,??????
1238,?箏?撣??∪?,璅寞???璅寞?65-11??120.156033,23.110999,?箏?撣??∪?璅寞????,璅寞???100,?,????06-7891031,??????
1239,?箏?撣?鈭?,瘝??瘝33-3??120.4791,23.1118,?箏?撣?鈭?瘝?暑?葉敹?瘝??60,瘞渡,?望???06-5742362,??????
1240,擃?撣隞?,?控??銝剛?頝?7??120.6054,23.1126,?控蝷曉?瘣餃?銝剖?,?控??80,,???瑕??窄?蜇撟嫣??舀?鞈?932971316,??????
1241,?箏?撣??∪?,璅寞???璅寞?5-8??120.1572,23.1139,?箏?撣??∪?璅寞?蝷曉?瘣餃?銝剖?,璅寞???138,"瘞渡,?",暺窄??06-7891009,??????
1242,?箏?撣?摰?,摰???摰?262-1??120.234,23.114,?箏?撣?摰?摰??葉?,摰???镼輸?,500,?,?單憒?06-5922003,??????
1243,?箏?撣??∪?,蝡寞葛??蝡寞葛52-19??120.1748,23.1142,?箏?撣??∪?蝡寞葛蝷曉?瘣餃?銝剖?,蝡寞葛??74,"瘞渡,?",?凋輔蝢?06-7891040,??????
1244,?箏?撣?摰?,摰???摰?262銋???120.2343,23.1145,?箏?撣?摰??擗?皜臬偏????????,150,瘞渡,?唾???06-5921116,??????
1245,?箸蝮??銝?,?啗???7?唳??8??121.20497,23.115321,?箸蝮??瘙???銝剖飛,?祇???,300,"瘞渡,?,?瘚?,?⊿????089-862040,??????
1246,?箸蝮??銝?,?砍???1????2,121.1896,23.1172,?箸蝮??銝??砍???撠飛,?砍???????????,90,"瘞渡,?,?瘚?,?⊿?暹?摰?089-862371,??????
1247,?箏?撣之?批?,?脫漯???脫漯51-2??120.3874,23.1181,?箏?撣之?批??脫漯蝷曉?瘣餃?銝剖?,?脫漯??15,"瘞渡,?",璆撖?06-5765072,??????
1248,?箏?撣?摰?,摰???摰?243-5??,120.23815,23.118189,?箏?撣?摰?擃???砍?嚗?賢??,?典?,600,?,?唾???06-5921116#151,??????
1249,?箏?撣?摰?,摰???摰?243-5??,120.23815,23.118189,?箏?撣?摰?擃???砍?嚗?賢??,?典?,1000,?,?唾???06-5921116#151,??????
1250,?箏?撣之?批?,憭批??憭批63??120.3613,23.1186,?箏?撣之?批?憭批??,憭批?瘙???剝????????皝?,230,"瘞渡,?",????928619583,??????
1251,?箏?撣正皜臬?,?正??敺?1-2??120.1958,23.1188,?箏?撣正皜臬??犖?熒瘣餃?銝剖?,?正?????爸??,340,"瘞渡,?",雓?暻?06-7961482,??????
1252,?箏?撣?摰?,摰???摰?262-1??120.2381,23.1196,?箏?撣?摰?摰??葉,?冽???湔?,100,"瘞渡,?",?單憒?06-5922003,??????
1253,?箏?撣?摰?,摰???摰?131銋???120.2372,23.1198,?箏?撣?摰??犖?熒瘣餃?銝剖?,摰???????镼輸?,50,瘞渡,?單?摰?06-5921116,??????
1254,?箸蝮??銝?,憭批???憭批?14??121.215,23.1209,憭批??齒?祈?,憭批???100,"瘞渡,?瘚?,??曉??89862893,??????
1255,?箏?撣?鈭?,????銝剜迤頝???120.4588,23.121,?箏?撣?鈭?????,????450,"瘞渡,?",瘙?摰?06-5742047,??????
1256,?箏?撣正皜臬?,?嗅????啗?銵?07撌?2??120.1805,23.1211,?箏?撣正皜臬??嗅?蝷曉?瘣餃?銝剖?,?嗅??正皜舫?,730,"瘞渡,?",?單?甈?06-7952196,??????
1257,?箏?撣正皜臬?,皜舀???姘??8-5??120.2019,23.1211,?箏?撣正皜臬?皜舀?暑?葉敹?皜舀??240,"瘞渡,?",?寥蝘??06-7953001,??????
1258,?箏?撣?摰?,摰???摰?59??120.2372,23.1213,?箏?撣?摰??祆?,?典?,50,瘞渡,?姣??06-5921116,??????
1259,?箏?撣之?批?,?扳????扳?319-1??120.3544,23.1219,?箏?撣之?批?憭批?葉,?典?,800,?,????06-5761010,??????
1260,?箏?撣之?批?,?喳????喳?114-66??120.354388,23.122181,?箏?撣之?批??喳??函冗?瘣餃?銝剖?,憭批?瘙???剝??皝???????,20,"瘞渡,?",?曉?璆?06-5761341,??????
1261,?箏?撣之?批?,鈭漯??鈭漯198-1??120.3926,23.1223,?箏?撣之?批?鈭漯蝷曉?瘣餃?銝剖?,鈭漯??30,瘞渡,璆??06-5763878,??????
1262,?箸蝮??銝?,蝳???銝剖控頝?01??121.215,23.1225,瘙???,蝳?????摰??之?⊥?????????之??????鞊?????,50,"瘞渡,?,?瘚?,撘萄??089-862041,??????
1263,?箏?撣???,撠??撠113??24,120.3146,23.1226,?箏?撣???撠蝷曉?瘣餃?銝剖?,撠??100,瘞渡,暺???06-5837154,??????
1264,?箏?撣?摰?,摰???摰?1??120.2466,23.1229,?箏?撣?摰?摰????,????????摰?,300,?,???06-5922024,??????
1265,?箏?撣?鈭?,???瘞?頝?16??120.4683,23.1229,?箏?撣?鈭?蝬?擃擗????200,"瘞渡,?",?喲???06-5744763,??????
1266,?箸蝮??銝?,憭批??憭批38銋???121.2323,23.123,憭批?齒?祈?,憭批??100,"瘞渡,?,?瘚?,瞏???089-861351,??????
1267,?箏?撣?鈭?,???憭扳?頝?52??120.4703,23.1231,?箏?撣?鈭????葉,???450,"瘞渡,?",?∩蔔摰?06-5742214,??????
1268,?箏?撣?鈭?,????銝剜迤頝?7??120.4602,23.1235,?箏?撣?鈭??祆?鈭?,????50,瘞渡,擐祆?擐?06-5743191,??????
1269,?箏?撣正皜臬?,镼踵葛????頝?1??120.20505,23.123745,?箏?撣正皜臬?镼踵葛?葉,镼踵葛?葛?梢??爸??,180,瘞渡,????06-7952071#115,??????
1270,?箸蝮??銝?,蝳????砍?頝???121.208,23.1238,蝐喲?-瘙???擗?蝳???100,"瘞渡,?,?瘚?,"?梢?瘝IOU,Jing-Yi",089-862041,??????
1271,?箏?撣正皜臬?,?嗅????嗅?頝?2??120.2032,23.1239,?箏?撣正皜臬??嗅?摰??嗅???150,瘞渡,雓郎??06-7952034,??????
1272,?箏?撣正皜臬?,?絲???嗅?頝?29??120.2153,23.1239,?箏?撣正皜臬?蝘?皜舀?銝剖飛,?絲??150,瘞渡,????06-7952025#18,??????
1273,?箏?撣?鈭?,鞊???鞊?59-10??120.4444,23.124,?箏?撣?鈭?鞊??暑?葉敹?鞊???60,"瘞渡,?瘚?,?唾??06-5741141,??????
1274,?箸蝮???,銝???"擃頝?3?o.33, Gaotai Rd., Chenggong Township, Taitung County 961, Taiwan R.O.C.",121.396336,23.124493,擃?嗥??? Gao-Tai Jesus Church,銝???50,瘚瑕,????089-850862?⊥?皜???????
1275,?箏?撣???,撠??撠79??120.312,23.125,?箏?撣???撠??,撠??360,"瘞渡,?",??鈭?06-5837019,??????
1276,?箏?撣蔔??,樴???憛剖???0??120.165,23.1253,?箏?撣蔔??憛剖??,樴??撖桅?,1200,?,?喲????06-7891054#10,??????
1277,?箸蝮??銝?,蝳???銝剛頝?7??121.2149,23.1253,?箸蝮??銝?蝳???撠飛,?啗??????鞊??之?⊥??????之??,300,"瘞渡,?,?瘚?,?⊿瘥??862017,??????
1278,?箸蝮??銝?,?嗉???87??121.2308,23.1255,?箸蝮??銝?憭批??撠飛,?嗉??之?⊥?,50,"瘞渡,?瘚?,?⊿瘥??089-862664,??????
1279,?箸蝮??銝?,?嗉????嗉?82??121.2297,23.1259,?嗉??齒?祈?,?嗉???100,"瘞渡,?,?瘚?,???隡?089-861628,??????
1280,?箏?撣蔔??,?嗅祚???嗅祚21??120.1596,23.1267,?箏?撣蔔???嗅祚蝷曉?瘣餃?銝剖?,?嗅祚??摰?,550,"瘞渡,?",??????06-7892305,??????
1281,?箸蝮??銝?,蝳?????頝?0??121.216,23.1268,蝳??齒?祈?,蝳???100,"瘞渡,?,?瘚?,????089-862490,??????
1282,?箏?撣???,?????儔頝?75-1??120.2907,23.1273,?箏?撣?????蝷曉?瘣餃?銝剖?,????110,"瘞渡,?",????06-5811845,??????
1283,?箏?撣??∪?,皞芸???皞芸?28??120.1198,23.1276,?箏?撣??∪?皞芸???瘞暑?葉敹?皞芸???134,"瘞渡,?",暺旨頛?06-7872074,??????
1284,?箏?撣???,????憭扳?頝?85??120.2951,23.1284,?箏?撣???憭扳???,?典?,420,"瘞渡,?",????06-5837520,??????
1285,擃?撣?皞?,擃葉???葉撌?4??120.719029,23.128565,擃?撣?皞??葉??撠飛,擃葉??199,"瘞渡,?",雓概摮?07-6861132,??????
1286,擃?撣?皞?,擃葉???葉撌?4??120.719,23.1286,擃葉蝷曉?瘣餃?銝剖?,擃葉??80,"瘞渡,瘚瑕",?雿????凳鈭?撌批?,0919892255/0981248529,??????
1287,擃?撣?皞?,擃葉???葉撌?4??120.719,23.1286,擃?撣?皞??葉??撠飛,擃葉??250,"瘞渡,瘚瑕",?雿????凳鈭?撌批?,0919064347/0981248529,??????
1288,?箸蝮???,銝???"?質頝?40?o.140, Bailian Rd., Chenggong Township, Taitung County 961, Taiwan R.O.C.",121.400094,23.129168,銝??嗥??? San-Xian True Jesus Church,銝???50,瘚瑕,?唾憒?089-853283,??????
1289,?箏?撣?鈭?,銝剜迤???亙熒頝?0??120.4693,23.1313,?箏?撣?鈭?皜蝷曉?瘣餃?銝剖?,銝剜迤??60,瘞渡,?剝??06-5745531,??????
1290,?箸蝮??銝?,憭批????詨?27??121.1867,23.1315,?詨????,憭批???100,"瘞渡,?,?瘚?,?曉??089-865245,??????
1291,?箏?撣??∪?,銝??銝103-1??120.1275,23.1343,?箏?撣??∪?銝蝷曉?瘣餃?銝剖?,銝??50,"瘞渡,?",暺脣ㄚ,06-7874227,??????
1292,?箏?撣???,?迤???脣飛頝?3??120.2888,23.1354,?箏?撣???????,?典?,400,"瘞渡,?",暺???06-5817020,??????
1293,?箏?撣???,?迤???迤頝?5撌?8??120.2863,23.1364,?箏?撣????迤蝷曉?瘣餃?銝剖?,?迤??170,瘞渡,?∪?鞈?06-5815009,??????
1294,?箏?撣??∪?,??????17??120.1343,23.1369,?箏?撣??∪???蝷曉?瘣餃?銝剖?,????44,"瘞渡,?",?喳???06-7872075,??????
1295,?箏?撣??∪?,樴控??樴控211-33??120.1146,23.1371,?箏?撣??∪?樴控??瘞暑?葉敹?樴控??326,"瘞渡,?",??鞎?06-7872072,??????
1296,?箏?撣???,?迤???脣飛頝?50??120.2891,23.1378,?箏?撣????熒?脫?銝剖?,?典?,560,"瘞渡,?",?梁雁??,06-5812454,??????
1297,?箏?撣???,??????280??120.3248,23.1383,?箏?撣???????,??????,350,"瘞渡,?",?喃???06-5837031,??????
1298,?箏?撣???,??????138??120.3172,23.1385,?箏?撣??????暑?葉敹?????170,"瘞渡,?",?靽?06-5838346,??????
1299,?箏?撣???,??????271??120.3248,23.1387,?箏?撣????犖?熒瘣餃?銝剖?,??????,440,"瘞渡,?",璇??,06-5836067,??????
1300,?箏?撣???,??????271??120.3248,23.1387,?箏?撣????犖?熒瘣餃?銝剖?,??????,440,"瘞渡,?",璇??,06-5836067,??????
1301,?箏?撣??∪?,憭批???憭批?395??120.1384,23.1392,?箏?撣??∪?銝??,憭批???145,"瘞渡,?,瘚瑕",?單??06-7872076,??????
1302,?箏?撣正皜臬?,瘞豢???憭批＃撖?9-35??120.2159,23.1392,?箏?撣正皜臬?瘞豢??暑?葉敹?瘞豢???250,"瘞渡,?",?剖?撅?06-7950656,??????
1303,?箏?撣??∪?,憭批???憭批?315??120.1422,23.1422,?箏?撣??∪?蝘??剜??葉,憭批???350,"瘞渡,?,瘚瑕",??,06-7872053,??????
1304,?箏?撣???,?∪振???∪振300??120.2733,23.143,?箏?撣????賣???,?∪振???,400,"瘞渡,?",?喟儔鞊?06-5817165,??????
1305,?箏?撣之?批?,?剔冗???剔冗10-1??120.3848,23.143,?箏?撣之?批??剔冗蝷曉?瘣餃?銝剖?,?剔冗??20,瘞渡,蝢?摰?06-5762925,??????
1306,?梯蝮????,鞊???鞊?7??2-3??121.2686,23.143,鞊?蝷曉?瘣餃?銝剖?,鞊???50,"瘞渡,?,?瘚?瘚瑕",暺???03-8831820,??????
1307,?箏?撣蔔??,??????5-1??120.1576,23.1448,?箏?撣蔔??????,???撖桅???摰?,1400,"瘞渡,?",?∩??⊿,06-7873531#11,??????
1308,?箏?撣之?批?,?唳????唳?56??120.4204,23.145,?箏?撣之?批??唳?蝷曉?瘣餃?銝剖?,?唳???65,"瘞渡,?",?剔敶?06-5760202,??????
1309,?箏?撣??∪?,憭批???憭批?271-1??120.1421,23.1452,?箏?撣??∪?憭批???瘞暑?葉敹?憭批???127,"瘞渡,?",?單旨??06-7872414,??????
1310,?箏?撣???,?∪振???∪?撖?2-2??120.2722,23.1456,?箏?撣????∪振?暑?葉敹??∪振???,270,"瘞渡,?",銝偌??06-5817341,??????
1311,擃?撣隞?,撠???鈭?頝?4-2??120.63203,23.148576,擃?撣隞?撠???撠飛?,撠???370,"瘞渡,?",?⊿?寞??扼蜇?蜓隞餉??輻?,6761065100??761065400,??????
1312,?箏?撣??∪?,?璁?,?璁?2-1??120.1518,23.1487,?箏?撣??∪??璁?憭??賣暑?葉敹??璁?,138,"瘞渡,?,瘚瑕",璆??06-7891542,??????
1313,?箏?撣??∪?,憭批祚??憭批祚36-12??120.1531,23.1502,?箏?撣??∪?憭批祚蝷曉?瘣餃?銝剖?,憭批祚??143,"瘞渡,?",瘙芾??06-7872719,??????
1314,擃?撣隞?,撠???镼踵??楝2撌???120.6356,23.1503,撠?蝷曉?瘣餃?銝剖??,撠???0,,???瑕?蝘?蜇撟嫣??旨憿?6761455,??????
1315,?箏?撣??∪?,???,暽賢?165-1??120.0891,23.1512,?箏?撣??∪?暽賢?蝷曉?瘣餃?銝剖?,暽賢???138,"瘞渡,?",?瓷??06-7800174,??????
1316,?箏?撣???,皞芰???皞芰?71??120.2843,23.1512,?箏?撣???皞芰?蝷曉?瘣餃?銝剖?,皞芰???300,"瘞渡,?",?賢???06-5850620,??????
1317,?箏?撣蔔??,?桀控??隞?頝?07??120.1794,23.1532,?箏?撣蔔??隞???,?桀控??1700,"瘞渡,?",璆???⊿,06-7222227#800,??????
1318,?箏?撣???,?啣祚???啣祚??5?啣?祚168銋???120.3041,23.1533,?箏?撣????啣祚?暑?葉敹??剖??撖桅?,300,瘞渡,璆憛?06-5838449,??????
1319,?箏?撣??∪?,銝剖祚??銝剖祚63-2??120.1083,23.1546,?箏?撣??∪?銝剖祚蝷曉?瘣餃?銝剖?,銝剖祚??331,"瘞渡,?",閮勗??06-7800071,??????
1320,?箏?撣??∪?,????16-3??120.1085,23.1546,?箏?撣??∪???暑?葉敹????104,"瘞渡,?",??璅?06-7943168,??????
1321,?箏?撣???,?剖噸???剖?撖?27銋???120.304,23.1552,?箏?撣????剖噸?暑?葉敹??剖噸??140,"瘞渡,?",?剖???06-5838753,??????
1322,?箏?撣???,?剖噸???剖?撖?00??120.3057,23.1555,?箏?撣???憭批???,?望????,500,"瘞渡,?",?單???06-5837352,??????
1323,?箏?撣正皜臬?,镼踵葛??銝剖控頝?70??120.2023,23.1556,?箏?撣正皜臬??擗?镼踵葛??210,瘞渡,摨瑟???06-7951840,??????
1324,?箏?撣正皜臬?,?????摮?0-1??120.205562,23.156565,?箏?撣正皜臬?敺??????,????290,"瘞渡,?",雓??06-7221655#11,??????
1325,?箸蝮???,敹???"?誨頝??o.8, Chengguang Rd., Chenggong Township, Taitung County 961, Taiwan R.O.C.",121.399532,23.156879,"???桀?摮?瘞?摮?Jhong-Hsiao Elementary School, Chenggon Township",敹???150,"瘞渡,?瘚?,????089-871109,??????
1326,?箸蝮???,敹???"?誨頝??o.7, Chengguang Rd., Chenggong Township, Taitung County 961, Taiwan R.O.C.",121.400891,23.157523,撠葛瘣餃?銝剖? Siao-Gang Community Center,敹???20,"瘞渡,?瘚?,?偶??8985100436,??????
1327,?箏?撣蔔??,撱箏???摰?頝?23??120.1707,23.1577,?箏?撣蔔??雿喲??葉,?典?,3600,"瘞渡,?",?喃輔?踵??06-7222244#218,??????
1328,?箏?撣??∪?,蝭文???蝭文?47-7??120.1277,23.1592,?箏?撣??∪?蝭文?蝷曉?瘣餃?銝剖?,蝭文???238,"瘞渡,?",?梁鞎?06-7873772,??????
1329,?箏?撣蔔??,敹???靽∠儔頝?36??120.1821,23.1596,?箏?撣蔔??靽∠儔??,敹??撖折?,1700,"瘞渡,?",暺窄憛??06-7211918#100,??????
1330,擃?撣?皞?,獢????脣毽50??120.765756,23.160472,擃?撣?皞?獢???撠飛,獢???2871,"瘞渡,?",雓概摮?07-6861132,??????
1331,擃?撣?皞?,獢????脣毽50??120.7658,23.1605,獢??擗?獢???150,"瘞渡,瘚瑕",?擃?皞??凳鈭?撌批?,07-6861089,??????
1332,?梯蝮????,撖???撖?????2-1??121.2399,23.1612,?窄摰?撖???20,"瘞渡,?瘚?,?找輔??03-8831822,??????
1333,?箏?撣獄鞊?,摰正??摰平272-3??120.2446,23.1613,?箏?撣獄鞊?憭芸?摰桅???摰??璆剝???镼輸???摰??葉瘞???甇????鈭?,1200,瘞渡,?賢?鞎?06-5711181,??????
1334,?箏?撣蔔??,敹???雿單頝?27撌?0??120.1826,23.1616,?箏?撣蔔???剝?瘣餃?銝剖?,?典?,400,"瘞渡,?",?劓蝧?921286689,??????
1335,?箏?撣蔔??,摰正???砍?頝?45??120.1723,23.1639,?箏?撣蔔??雿喲???,摰正??1750,"瘞渡,?",摨瑞?銝剜??06-7221400#701,??????
1336,?箔葉撣云撟喳?,憭扯????隞?頝?5??121.0434,23.1671,?芣???????璅?摰?蝬??恕.蝐??氬?憭扯?,58,瘞渡,??隞?04-23924646,??????
1337,?箸蝮?絲蝡舫?,?折嘀??3?圈暽?7??121.043335,23.16749,?暽踵???,?折嘀??50,"瘞渡,?,?瘚?瘚瑕",暺??089-935074,??????
1338,?箏?撣蔔??,?剖????剖?269??120.1766,23.1675,?箏?撣蔔????擃葉,?典?,2460,"瘞渡,?",?望偌瘞豢??06-7234421#210,??????
1339,?箸蝮?絲蝡舫?,?折嘀??"2??2?o.12, Wulu, Haiduan Township, Taitung County 957, Taiwan",121.0415684,23.16932024,?折嘀??Wulu Elementary School,?折嘀??180,"瘞渡,?,?瘚?瘚瑕",?勗???089-935053,??????
1340,?箏?撣??∪?,镼踹祚??镼踹祚1-3??120.097,23.1701,?箏?撣??∪?镼踹祚蝷曉?瘣餃?銝剖?,镼踹祚??316,"瘞渡,?",?喲?雓,06-7800262,??????
1341,?箏?撣??啣?,??????77??1,120.3266,23.1708,?箏?撣??啣?皜⊥???,???腹?剝?,550,"瘞渡,?",????06-5791118#173,??????
1342,?梯蝮????,瘞貉???瘞貉?10??0-1??121.2565,23.1714,瘞貉?蝷曉?瘣餃?銝剖?,瘞貉???50,"瘞渡,?瘚?,暺???03-8831821,??????
1343,擃?撣?皞?,獢????帖?祈楝銝挾 201 ??120.774908,23.171435,擃?撣?獢???銝剖飛,獢???329,"瘞渡,?",雓概摮?07-6861132,??????
1344,擃?撣?皞?,?文????帖?祈楝3畾萄像?啣毽36??120.7756,23.1716,?文?瘣餃?銝剖?,?文???80,"瘞渡,瘚瑕",??舀?樴??凳鈭?撌批?,07-6861115,??????
1345,?箏?撣???,?控???控84-3??120.5949,23.1735,?箏?撣????控?暑?葉敹??控??90,"瘞渡,?,?瘚?,雓???06-5770095,??????
1346,?箏?撣???,?控???控96??120.5953,23.1736,?箏?撣????陸??,?控??30,"瘞渡,?,?瘚?,雓???06-5770095,??????
1347,?箏?撣蔔??,銝???瞏剖?5??120.202,23.1739,?箏?撣蔔??摮???,摮???????摰?,1680,"瘞渡,?",?剛輯??⊿,06-7262913#11,??????
1348,?箏?撣?镼踹?,璆正??銝剜迤頝?30??120.48633,23.17414,?箏?撣?镼踹??祆?,?典??急撅勗????40,"瘞渡,?瘚?,瘙??芾玨?瑯???,06-5751615,??????
1349,?箏?撣?镼踹?,璆正???雁頝?9??120.484764,23.174264,?箏?撣?镼踹?璆正??,?典??撅勗????690,"瘞渡,?,?瘚?,??撱箔蜓隞颯?蝘?,5751062,??????
1350,?梯蝮????,撖???銝剖控頝?05??121.247624,23.174527,撖??犖?熒銝剖?,撖???100,"瘞渡,?瘚?,?斗??03-8831048,??????
1351,?箏?撣蔔??,?剖????剖?117??120.1799,23.1757,?箏?撣蔔????颲脣極,?典?,2470,"瘞渡,?",撘萇?蟡交??06-7261713#200,??????
1352,?箏?撣獄鞊?,樴???皞?憓?0??120.257,23.178,?箏?撣獄鞊?樴?蝷曉?瘣餃?銝剖???,樴???瘙??蜇璁桅?,50,瘞渡,??璅?06-5724926,??????
1353,?梯蝮??皞芷?,?日◢??23??6-1??121.2359,23.1784,?喳像蝷曉?瘣餃?銝剖?,?日◢?撟喟冗?,50,"瘞渡,?瘚?,????03-8881852,??????
1354,?箏?撣蔔??,??????136??120.1526,23.1785,?箏?撣蔔??撱嗅像??,瞍單散?絲瞉???蝳??????1550,"瘞渡,?",雿?脫??06-7233348#10,??????
1355,?梯蝮????,撖???銝剖控頝?76??121.2503,23.1795,撖???2璅?撖???100,"瘞渡,?瘚?,?喃摩??03-8831111,??????
1356,?箏?撣?镼踹?,璆正??瘞?頝?28??120.483134,23.180566,?箏?撣?镼踹??犖?熒瘣餃?銝剖?,?典??急撅勗????80,"瘞渡,?瘚?,瘙??芥???,06-5751615,??????
1357,?箏?撣??∪?,?控???控144-3??120.1122,23.1815,?箏?撣??∪??控??瘞暑?葉敹??控??121,"瘞渡,?",?喃?敺?06-7800068,??????
1358,?箏?撣??啣?,蝷曉???2?啁冗摮?1??120.3595,23.1818,?箏?撣??啣?蝷曉?蝷曉?瘣餃?銝剖?,蝷曉???30,瘞渡,????06-5791118#173,??????
1359,?箏?撣?镼踹?,璆正??銝剛頝?70??120.482457,23.182021,?箏?撣?镼踹??征瘜笑,?典??急撅勗????50,"瘞渡,?瘚?,瘙???暺???06-5751615,??????
1360,?箏?撣?镼踹?,璆正??銝剛?頝?07??120.484334,23.182736,?箏?撣?镼踹?璆正?葉,?典??撅勗????630,"瘞渡,?,?瘚?,璅踹??⊿???像,06-5751712,??????
1361,?箏?撣蔔??,瘞????啣?34-1??120.1959,23.1829,?箏?撣蔔??雿唾??葉,雿喳???摰?????,1950,"瘞渡,?",瘙?鞈Ｘ??06-7260291#11,??????
1362,?箏?撣獄鞊?,????36??120.259982,23.183514,暻餉??葉摮貊?瘣餃?銝剖?,??,400,?,暺憭?06-5722128#31,??????
1363,?箏?撣獄鞊?,?梯???敹?頝?50??120.2585,23.1846,?箏?撣獄鞊??祆?3璅????典?,200,瘞渡,?梢?摰?06-5721131,??????
1364,?箏?撣獄鞊?,????168??120.2677,23.1847,?箏?撣獄鞊??啁擐?憭批飛??憭扳?6璅???撖????ａ?,300,瘞渡,暺???06-5718888#461,??????
1365,?箏?撣??啣?,摰??摰315??120.3391,23.1855,?箏?撣??啣?摰蝷曉?瘣餃?銝剖?,摰??90,瘞渡,????06-5791118#173,??????
1366,?箏?撣獄鞊?,????1??120.2627,23.1872,???暹?擃?颲脣極?瑟平摮豢?摰文??輸??,?典?,1300,?,撘菜旨敺?06-5721137#503,??????
1367,?箏?撣蔔??,??????545-11??120.186,23.1873,?箏?撣蔔????蝷曉?瘣餃?銝剖?,???旨??,350,"瘞渡,?",??蝘??,06-7260873,??????
1368,?箏?撣??∪?,憭扳蔬???箸蔬1??120.134384,23.187513,?箏?撣??∪?敺葛???,憭扳蔬??600,?,暺?靽?06-7941305,??????
1369,?箏?撣??∪?,憭扳蔬???蔬93??120.134441,23.188062,?箏?撣??∪?敺葛?葉?,憭扳蔬??200,?,?唾??06-7941357,??????
1370,?箏?撣??∪?,憭扳蔬???唳蔬28-6??120.1327,23.1881,?箏?撣??∪?憭扳蔬??瘞暑?葉敹?憭扳蔬??177,"瘞渡,?",閮梢筋蝧?06-7941118,??????
1371,?箏?撣??啣?,?勗???镼踹?125??2,120.2964,23.1881,?箏?撣??啣??梯正摨冗?瘣餃?銝剖?,?勗??正摨?,70,瘞渡,????06-5791118#173,??????
1372,?箏?撣??啣?,???銝?頝?9??120.315915,23.18904,?箏?撣??啣?摰??銝剖飛,?典?,2890,"瘞渡,?",????06-5791118#173,??????
1373,?箏?撣蔔??,雿喳???雿喳?214??120.1928,23.1891,?箏?撣蔔??雿唾???,雿喳??旨???????漯撌?,1440,"瘞渡,?",?喃摩?扳??06-7263432#5,??????
1374,?箏?撣?頠?,攳日???攳日?236??120.0911,23.1899,?箏?撣?頠??予摰?攳日??砟皞?,50,瘞渡,?函???06-7920722,??????
1375,?箏?撣獄鞊?,?????撱?0??120.2601,23.1902,?箏?撣獄鞊?隞?予摨蜇蝡?蝛????摰??閫???瘙??毽????葉????颲脤??撱粹??硃頠????ａ??之???蜇璁桅???瘜????ａ??祚????,2100,瘞渡,?喃葉撅?06-5722133,??????
1376,?箏?撣??啣?,憭批???4?啣之撏?0??6,120.3707,23.1906,?箏?撣??啣?憭批?蝷曉?瘣餃?銝剖?,憭批???60,瘞渡,????06-5791118#173,??????
1377,?箏?撣??啣?,???銝剖控頝臭?畾?29??120.3141,23.1923,?箏?撣??啣????瘣餃?銝剖?,???1000,"瘞渡,?",????06-5791118#173,??????
1378,?箸蝮???,????"??頝?6?o.56, Chongan Rd., Chenggong Township, Taitung County 961, Taiwan R.O.C.",121.395353,23.192472,?箇?瑁??he Presbyterian Church嚗?????Bo-ai Church嚗?????50,"瘞渡,?瘚?,?撣?918666048,??????
1379,?梯蝮????,?喟???8?啣???4-2??121.2643,23.1928,?喟?蝷曉?瘣餃?銝剖?,?喟???30,"瘞渡,?瘚?,??鈭?03-8831323,??????
1380,?箏?撣??啣?,???銝?頝?5??120.315519,23.193074,?箏?撣??啣?擃?砍?,????祇?,280,?,????06-5791118#173,??????
1381,瞉?蝮??蝢?,?葛??1??3??119.425916,23.193387,?葛蝷曉?瘣餃?銝剖?,瘚瑁????葛??200,"瘞渡,瘚瑕",閮梢???69971007,??????
1382,?箏?撣??啣?,?????銵?3??120.3159,23.1977,?箏?撣??啣???暑?葉敹????60,瘞渡,????06-5791118#173,??????
1383,?箏?撣?頠?,?瑟旨???瑟旨4??120.1594,23.1978,?箏?撣?頠?瞍悸??,攳日??砟皞?,300,"瘞渡,?,瘚瑕",?餌朮蟡?06-7942012,??????
1384,?箏?撣?頠?,?瑟旨???瑟旨4??120.1594,23.1978,?箏?撣?頠?瞍悸??,敹??????璁桅??正???正?舫?,300,"瘞渡,?,瘚瑕",暺???06-7942012,??????
1385,?箏?撣蔔??,??????102??120.1918,23.1987,?箏?撣蔔????蝷曉?瘣餃?銝剖?,????300,"瘞渡,?",??瘝駁???06-7260953,??????
1386,?梯蝮????,????3?唳???7??121.2522,23.1998,??蝷曉?瘣餃?銝剖?,????50,"瘞渡,?瘚?,敺孕撖?03-8846057,??????
1387,?箏?撣?頠?,敹???敹?180-50??120.1606,23.201,?箏?撣?頠??犖?熒瘣餃?銝剖?,銝???撖???鞎湧?,200,"瘞渡,?,瘚瑕",雓蔗??06-7944851,??????
1388,?箏?撣?頠?,敹???敹?180-50??120.1606,23.201,?箏?撣?頠??犖?熒瘣餃?銝剖?,敹??????璁桅??正???正?舫?????皞??????????瑟??像瘝??砟攳??砟皞?撠???鞎湧???????撅梢??誨撅梢?,200,"瘞渡,?,瘚瑕",雓蔗??06-7944851,??????
1389,?梯蝮????,蝢控??9?唳皝?9??121.2776,23.2021,蝢控蝮梁恣??蝢控??50,"瘞渡,?瘚?,敺孕撖?03-8821330,??????
1390,瞉?蝮??蝢?,銝剖???銝剖???0??5??119.428683,23.202412,銝??犖?熒?犖銝剖?,銝剖??像???祇?銝餉??賣??嗅捆??,600,"瘞渡,瘚瑕",?噶蝒?06-9971007,??????
1391,瞉?蝮??蝢?,銝剖???銝剖???????119.4286,23.2025,銝???閬?恕,銝剖???46,"瘞渡,?,瘚瑕",?單?蝢?06-9971003,??????
1392,?箏?撣獄鞊?,瘚瑕???瘚瑕?80-1??120.2122,23.2032,?箏?撣獄鞊?瘚瑕?瘙?摨???撠??剝??之撅梢??絲????蝳桅??葛撠暸??獄???,300,瘞渡,撘萄???06-5701256,??????
1393,?箏?撣獄鞊?,皜臬偏??皜臬?撠?8銋???120.2036,23.2042,?箏?撣獄鞊?皜臬偏蝷曉?瘣餃?銝剖???,皜臬偏?絲????蝳桅?,50,瘞渡,?⊥?蝬?06-5701592,??????
1394,?箏?撣蔔??,皞芸???皞芸?2-1??120.184,23.2047,?箏?撣蔔??皞芸?蝷曉?瘣餃?銝剖?,皞芸???300,"瘞渡,?",?喲脫??,06-7261120,??????
1395,瞉?蝮??蝢?,瘚瑁???瘚瑁?????-1??119.4335,23.2056,瘚瑁?蝷曉?瘣餃?銝剖?,瘚瑁???47,"瘞渡,?",?喳振頛?06-9971015,??????
1396,瞉?蝮??蝢?,銝剖???銝剖?????1-1??119.4295,23.2058,銝剖??冗?瘣餃?銝剖?,銝剖???54,"瘞渡,?,瘚瑕",撘萇?瘞?06-9971006,??????
1397,?箏?撣?頠?,?????像1-1??120.1507,23.206,?箏?撣?頠?撠??葉,?控?誨撅梢?,300,"瘞渡,?,瘚瑕",????06-7942042,??????
1398,?箏?撣?頠?,?????像1-1??120.1507,23.206,?箏?撣?頠?撠??葉,?瑟??像瘝??砟攳??砟皞?,300,"瘞渡,?,瘚瑕",????06-7942042,??????
1399,?箏?撣?頠?,銝???銝?34??120.1341,23.2068,?箏?撣?頠?銝?蝷曉?瘣餃?銝剖?,銝???50,瘞渡,閮望?頛?06-7944815,??????
1400,瞉?蝮??蝢?,撟喳???撟喳?????3-1,119.4286,23.2069,撟喳?蝷曉?瘣餃?銝剖?,撟喳???58,"瘞渡,?,瘚瑕",?∠???06-9971009,??????
1401,?箏?撣???,镼輸??,镼踹祚13銋?5??120.2632,23.2082,?箏?撣????犖隡?瘣餃?銝剖?,镼輸??,50,瘞渡,??蟡?06-6898715,??????
1402,?箸蝮???,????"摰頝?08?o.108, Yiwan Rd., Chenggong Township, Taitung County 961, Taiwan R.O.C.",121.400535,23.210374,摰憭拐蜓?i-Wan Catholic Church,????30,"瘞渡,?瘚?,撘萇???089-871100,??????
1403,?箏?撣?頠?,?控???控79-5??120.1232,23.2109,?箏?撣?頠??控蝷曉?瘣餃?銝剖?,?控??100,"瘞渡,?",?喳予??06-7930829,??????
1404,瞉?蝮??蝢?,镼踵???镼踵?????8??119.4376,23.211,镼踵?蝷曉?瘣餃?銝剖?,镼踵???49,"瘞渡,?",閮梢脣?,06-9971012,??????
1405,瞉?蝮??蝢?,?望???3??9-1??119.437357,23.211082,?望?蝷曉??刻噙瞍?瘣餃?銝剖?,?望???镼踵???200,"瘞渡,瘚瑕",??憡?69971007,??????
1406,?箏?撣??啣?,????5?啣??65??2,120.3046,23.2116,?箏?撣??啣????暑?葉敹?????110,瘞渡,????06-5791118#173,??????
1407,?箏?撣???,????銝剔?270??120.2764,23.213,?箏?撣???銝剔???瘣餃?銝剖?,????200,"瘞渡,?",??敺?06-6790162,??????
1408,瞉?蝮??蝢?,銝剖???銝剖???????119.4287,23.2135,銝??葉摮貊?瘣餃?銝剖?,銝剖???300,"瘞渡,?,瘚瑕",憭噸皜?06-9971019,??????
1409,?箏?撣?頠?,撠眼??撠眼58??120.13448,23.21436,?箏?撣?頠?撠???,撠???鞎湧?,300,"瘞渡,?",暺?閰?06-7942034,??????
1410,?箏?撣?頠?,撠眼??撠眼58??120.13448,23.21436,?箏?撣?頠?撠???,撠???鞎湧???????撅梢??誨撅梢?,300,"瘞渡,?",暺?閰?06-7942034,??????
1411,瞉?蝮??蝢?,镼踵???镼踵???????119.4294,23.2148,????摮貊?瘣餃?銝剖?,镼踵???85,"瘞渡,?",??蝢?06-9971018,??????
1412,?箏?撣??啣?,鈭??8?唬???8??1,120.3296,23.2168,?箏?撣??啣?鈭蝷曉?瘣餃?銝剖?,鈭??200,瘞渡,????06-5791118#173,??????
1413,擃?撣?芸??,??擳舫?,?控撌?1??120.6927,23.2173,瘞?撟喳?輸撅??箄????嚗摰孵?瘝陌??180,"瘞渡,?,?瘚?瘚瑕",??擳舫??瑕撐頛,935815770,??????
1414,?箏?撣??啣?,?????剔?樴????楝301??120.365156,23.217484,?箏?撣?脣?????撠飛,????撅梢?,400,"瘞渡,?",????06-5791118-173,??????
1415,?箏?撣?頠?,靽?????65-25??120.1657,23.2175,?箏?撣?頠???蝷曉?瘣餃?銝剖?,靽???50,瘞渡,雿???06-7942235,??????
1416,擃?撣?皞?,敺抵?????頝?9??120.8046,23.218,?啁?箇?瑁???撣葉?儔????敺抵???60,"瘞渡,瘚瑕",撘萇◣撱?6866083,??????
1417,擃?撣?皞?,敺抵?????頝?8??120.8046,23.218,擃?撣?皞?璅控??撠飛敺抵??,敺抵???250,"瘞渡,瘚瑕",?瘙雁???凳鈭?撱箏?,07-6866209,??????
1418,?箏?撣???,????銝剔?242??120.276,23.2181,?箏?撣???銝剔???蝷曉?瘣餃?銝剖?,銝剔???50,瘞渡,?單???06-6892494,??????
1419,?箏?撣?頠?,?瑟????瑟?24-30??120.095,23.2182,?箏?撣?頠?擐祆?皞膨瘚瑟暑?葉敹??瑟??像瘝?,50,瘞渡,雓?撌?06-7931099,??????
1420,擃?撣?皞?,敺抵???敺抵?撌?3??120.8062,23.2187,鞎∪?瘜犖?箇敺抵摰?交?????敺抵???,敺抵???60,"瘞渡,瘚瑕",?勗?撅?6866295,??????
1421,?箏?撣?脣?,憭找???憭找????晷?箸???120.4369,23.2191,?箏?撣?脣?憭找??暑?葉敹?憭找???50,瘞渡,????06-6988386,??????
1422,?梯蝮??皞芷?,?日◢??撏予18??121.2645,23.2192,?日◢??,?日◢??憭?100,"瘞渡,?瘚?,暺樴?03-8846058,??????
1423,?箏?撣?頠?,??????132??120.161368,23.219838,?箏?撣?頠?????,?瑟??像瘝?,300,"瘞渡,?,瘚瑕",?望眾皜?06-7942031,??????
1424,?箏?撣?頠?,??????132??120.161368,23.219838,?箏?撣?頠?????,????皞?????????,300,"瘞渡,?,瘚瑕",?望眾皜?06-7942031,??????
1425,?箏?撣???,?葛???葛撠?1-1??120.2839,23.22,?箏?撣???銝剔??啣?瘞瘣餃?銝剖?,?葛??260,瘞渡,擐格?蝢?06-6892622,??????
1426,?梯蝮??皞芷?,?日◢??1??0??121.2649,23.2202,撏予蝷曉?瘣餃?銝剖?,?日◢??憭拍冗?,50,"瘞渡,?瘚?,????03-8881852,??????
1427,?箏?撣?頠?,??????12-1??120.1669,23.2206,?箏?撣?頠???蝷曉?瘣餃?銝剖?,????100,"瘞渡,?",暺?瞉?06-7942998,??????
1428,?箏?撣?頠?,撱?控??撱?控97??120.1162,23.221,?箏?撣?頠?撱??摰?撱?控??50,瘞渡,?喲瞍?06-7931071,??????
1429,?箏?撣?脣?,銝??銝銵?9撌???120.3454,23.2223,?箏?撣?脣?銝樴??臬?憭??賣暑?葉敹?銝??皝?,100,瘞渡,暺噸??06-6982032,??????
1430,?箏?撣?頠?,??????94??120.1491,23.2224,?箏?撣?頠???蝷曉?瘣餃?銝剖?,????100,"瘞渡,?",靘航迂??,06-7942968,??????
1431,?箸蝮?瞈梢?,撖批???16??-3??121.414327,23.223299,?賣蝷曉?瘣餃?銝剖?,撖批???100,"瘞渡,?,?瘚?瘚瑕",?唾??089-801061,??????
1432,?箏?撣?頠?,隞???隞毽56??120.1596,23.2239,?箏?撣?頠?撌瑕蝷曉?瘣餃?銝剖?,隞???100,"瘞渡,?",雓郎敺?06-7940929,??????
1433,?箏?撣?脣?,?剔??銝剜迤頝?19??120.3503,23.2256,?箏?撣?脣??剔??,?剔???,500,瘞渡,?喳?撘?06-6982041,??????
1434,?梯蝮????,蝡寧??1?唳蝡?0??121.2899,23.2261,?啗?蝡寧?臬?蝷曉?瘣餃?銝剖?,?啗???80,"瘞渡,?瘚?,?喲???03-8821423,??????
1435,?箏?撣?脣?,????芸???9-1???祆???120.4002,23.2266,?箏?撣?脣???暑?葉敹????100,瘞渡,?∪?蟡?06-6983591,??????
1436,?箏?撣?脣?,?脣?????頝?7撌?-1??120.3526,23.2267,?箏?撣?脣??脣??暑?葉敹??脣???100,瘞渡,??鞈?06-6982030,??????
1437,?箏?撣?脣?,?剔??瘞?銵?3??120.3489,23.2271,?箏?撣?脣??剔?葉,鈭??皝?,400,瘞渡,暺溶??06-6892040,??????
1438,?箏?撣?脣?,鈭??撱箏極銵?66??120.3461,23.2278,?箏?撣?脣?鈭?暑?葉敹?鈭??50,瘞渡,???06-6982034,??????
1439,?箏?撣飛?脣?,?????臬?頝?60??120.1835,23.2279,?箏?撣飛?脣??梢??瘣餃?銝剖?,?圈??璁桅?,500,"瘞渡,?",?⊥???06-7833322,??????
1440,?箏?撣?脣?,?剔??靽∠儔銵?38撌?4撘?7??120.3493,23.2295,?箏?撣?脣??剔?暑?葉敹??剔??200,"瘞渡,?",?暑璁?06-6982028,??????
1441,?箏?撣飛?脣?,隞???撱箏?頝?7-7??120.181455,23.229895,摮貊?蝬?擃擗?憭抒???園?,250,瘞渡,?單???7832100#103,??????
1442,?箏?撣飛?脣?,隞???撱箏?頝?6??120.1822,23.2299,?箏?撣飛?脰???蝷粹尹,撟喳???150,瘞渡,????06-7832100#106,??????
1443,?箏?撣飛?脣?,隞????臬?頝?13??120.18247,23.230484,?箏?撣飛?脣??祆?,隞???皜舫?,300,"瘞渡,?",?喃縑鈭?06-7832100#152,??????
1444,?箏?撣飛?脣?,????瘞?頝???120.1836,23.2312,?箏?撣飛?脣????暑?葉敹?????90,瘞渡,???06-7821803,??????
1445,?箏?撣?脣?,?脫??敹?銵?15??120.3553,23.2313,?箏?撣?脣??脫?暑?葉敹??脫??30,瘞渡,憿???06-6982029,??????
1446,?箏?撣?脣?,瘞湔???銝剖控頝?02??120.3475,23.2315,?箏?撣?脣??祆?,瘞湔???100,瘞渡,?∠???06-6982001,??????
1447,?箏?撣?脣?,鈭???像銵?79??120.344149,23.232106,?箏?撣?脣?憭??賡?????剔??典?,500,?,?∠???06-6982001,??????
1448,?箏?撣???,隞???銝剖控頝臭?畾?2??120.2606,23.2322,?箏?撣???銝???瘣餃?銝剖?,隞???400,"瘞渡,?",璆???06-6898129,??????
1449,?箏?撣飛?脣?,????瞈?頝?70??120.1805,23.2335,?箏?撣飛?脣???摰?????180,瘞渡,?噸甈?06-7836110#15,??????
1450,?箏?撣?脣?,瘞湔???瘞?銵?69??120.3466,23.2335,?箏?撣?脣?瘞湔??暑?葉敹?瘞湔???100,瘞渡,????06-6982035,??????
1451,?箏?撣???,憭批扈??憭批扈撖?3銋???120.2388,23.2343,?箏?撣???憭批扈蝷曉?瘣餃?銝剖?,憭批扈??160,瘞渡,????06-6892473,??????
1452,?箏?撣???,銝???銝剖控頝臭?畾???120.26102,23.235185,?箏?撣???銝?銝?撱?銝???170,瘞渡,憪???06-6791686,??????
1453,?箸蝮?瞈梢?,撖批???12??1-2??121.413271,23.235256,?曌餌冗?瘣餃?銝剖?,撖批???60,"瘞渡,?,?瘚?瘚瑕",??敹?089-801029,??????
1454,?箏?撣?脣?,??????83??120.3025,23.2359,?箏?撣?脣????暑?葉敹?????150,瘞渡,?⊥???06-6988803,??????
1455,?箏?撣?脣?,銝剔冗??銝剔冗351??120.3258,23.237,?箏?撣?脣?銝剔冗?暑?葉敹?銝剔冗??100,瘞渡,?喃???06-6982118,??????
1456,?箏?撣飛?脣?,蝘??,銝蝘30??120.1745,23.2378,?箏?撣飛?脣?摮貊??擃擗?蝘??????,300,瘞渡,?∠???06-7833220,??????
1457,?箏?撣???,銝???95??120.1121,23.2385,?箏?撣????梢?摰?隞??葉璅???????摰?,200,"瘞渡,瘚瑕",?喳?皞?06-7850136,??????
1458,?箏?撣???,?啗???銝剖控頝臭?畾?12??120.2715,23.2387,?箏?撣???銝??葉瘣餃?銝剖?,?啗???550,"瘞渡,?",?單旨暾?06-6897418,??????
1459,?箏?撣?脣?,銝剔冗??銝剔冗240??120.3257,23.239,?箏?撣?脣??陶??,銝剔冗??曈喲?,300,瘞渡,??璁?06-6983583,??????
1460,擃?撣?皞?,???剝?,?帖?祈楝5畾?08??120.8116,23.239,???剝?瘣餃?銝剖?,???剝?,70,"瘞渡,瘚瑕",?擃????凳鈭?撱箏?,0928134763/0987852551,??????
1461,?箏?撣???,敺???憭批?銵???120.2625,23.2418,?箏?撣???銝??啣?瘞瘣餃?銝剖?,敺???200,瘞渡,瘣芣旨??06-6793101,??????
1462,?箸蝮?瞈梢?,撖批???10??1??121.414152,23.244341,撖批???撠飛,撖批???140,"瘞渡,?,?瘚?瘚瑕",?⊿ ??瘜?089-801082#221,??????
1463,?箸蝮?瞈梢?,?瑟膨??4????121.416268,23.244736,?瑟膨?臬??齒?祈?,?瑟膨??70,"瘞渡,?,?瘚?瘚瑕",??鈭?089-831060,??????
1464,?箸蝮?瞈梢?,撖批???10??5??121.416268,23.244736,撖批?蝷曉?瘣餃?銝剖?,撖批???120,"?,?瘚?,????089-801367,??????
1465,?箸蝮?瞈梢?,蝡寞???10??4??121.416268,23.244736,蝡寞???撠飛,蝡寞???140,"瘞渡,?,?瘚?瘚瑕",?⊿ 撱?隡?089-831295#12,??????
1466,?箸蝮?瞈梢?,璅???1????121.416268,23.244736,璅???撠飛,璅???140,"瘞渡,?,?瘚?瘚瑕",?⊿ ????089-881019,??????
1467,?箏?撣飛?脣?,???銝剜散645??120.1599,23.2451,?箏?撣飛?脣?銝剜散??蝳桀?,銝剜散???舫?,350,"瘞渡,?",擐桅???06-7833214,??????
1468,?箏?撣???,蝝???蝝???7??120.2671,23.2455,?箏?撣???蝝?蝷曉?瘣餃?銝剖?,蝝???80,瘞渡,憿旨瘜?06-6899363,??????
1469,?箸蝮?瞈梢?,撖批???00??0??121.413361,23.247318,?旨蝷曉?瘣餃?銝剖?,撖批???100,"瘞渡,?,?瘚?瘚瑕",撘菔戭?089-832139,??????
1470,擃?撣?芸??,?芷???撟喳?撌?20??120.7021,23.2478,擃?撣?芸??瘞???撠飛,?芷???300,"瘞渡,?,?瘚?,?芷???⊿?蝳?937492360,??????
1471,?儔蝮?之??,镼輯?????????2,120.5732,23.2491,镼輯??暑?葉敹?憭批??正??,32,?瘚?镼輯??凳鈭?05-252131028,??????
1472,?箏?撣?脣?,樴葛??樴?皜?0撌?8撘???120.3084,23.2499,?箏?撣?脣?樴葛?暑?葉敹?樴葛??100,瘞渡,閮梯??06-6982117,??????
1473,?箏?撣???,?脖葉?????9-1??120.274,23.2504,?箏?撣????脖葉?暑?葉敹??脖葉??90,瘞渡,憿瓷蝳?06-6891163,??????
1474,?梯蝮????,?砍祐??7?圈撖?00??121.2982,23.251,?砍祐蝷曉?瘣餃?銝剖?,?砍祐??50,"瘞渡,?瘚?,敶剖振??03-8861120,??????
1475,擃?撣?皞?,???剝?,?帖?祈楝鈭挾440??120.819366,23.252766,擃?撣?皞?璅控??撠飛,???剝?,393,"瘞渡,?",?遣??07-6861132,??????
1476,?箸蝮?瞈梢?,撖批???35??121.418162,23.253252,?急?摰冗?蝷暹暑?葉敹?撖批???110,"瘞渡,?,?瘚?瘚瑕",????089-801571,??????
1477,?箏?撣???,鞈撱粹?,暻餉?撖?9??120.2969,23.2541,?箏?撣???鞈撱箏?撠暑?葉敹?鞈撱粹?,200,瘞渡,?舐???06-6791890,??????
1478,?箏?撣厭瘞游?,?葛???葛202??120.2498,23.2557,?箏?撣厭瘞游???剜葛??,瘝喳???皜舫??之鞊?????,250,"瘞渡,?",????06-6892014,??????
1479,?箏?撣??,蟡噙??蟡噙284-5??120.3672,23.2571,?箏?撣????敺??暑?葉敹誨??????颲脤?嚗??,100,?,??甇?06-6221245,??????
1480,?箏?撣??,蟡噙??蟡噙284-5??120.3672,23.2571,?箏?撣????敺??暑?葉敹??剖控??瘥???颲脤?,100,"瘞渡,?",??甇?06-6221245,??????
1481,?箏?撣??,??????61??120.3719,23.2577,?箏?撣???????????剖控??瘥???颲脤?嚗??,600,?,?冽?瘥?06-6231310,??????
1482,?箏?撣??,?萇????萇?1??120.2684,23.2649,?箏?撣???唳???撠飛,?萇?????,650,"瘞渡,?",瘣芸?鞈,06-6581343#12,??????
1483,擃?撣?皞?,璇控??璇控35銋???120.8248,23.2658,擐祈???????,璇控??200,"瘞渡,?,?瘚?瘚瑕",????/?凳鈭?撱箏?,0925517693/0987852551,??????
1484,?箏?撣撅勗?,瘞湧??瘞湧29??120.4183,23.2667,?箏?撣撅勗?瘞湧瘣餃?銝剖?,瘞湧??40,瘞渡,?喟???06-6230315,??????
1485,?箏?撣??,憯急????喟?頝臭?畾?55??120.310478,23.266707,?箏?撣???喟???????鈭箏??蝧??ㄚ????蝳?????葉??,400,?,撘菔??,06-6222124,??????
1486,?箏?撣厭瘞游?,蝡孵???蝡孵?92-1??120.2462,23.267,?箏?撣厭瘞游?蝡孵???,蝡孵???撖桅??ㄞ摨?,280,"瘞渡,?",?勗銝,06-6551001,??????
1487,?梯蝮????,?梢???1?啁?摰楝6-1??121.3052,23.2673,?梢?蝷曉?瘣餃?銝剖?,?梢???50,"瘞渡,?瘚?,撱雁甇?03-8861165,??????
1488,?箏?撣???,瘞賊???44??120.1238,23.2694,?箏?撣???瘞賊?摰??葛????偶???偶?舫?,200,"瘞渡,瘚瑕",?⊥郎??06-7862364,??????
1489,?箏?撣???,????66??120.1213,23.2707,?箏?撣????犖?熒瘣餃?銝剖?,???偶???偶?舫?,280,"瘞渡,?,瘚瑕",瘣芣?鞈?06-7862001,??????
1490,?儔撣正?,??????131??120.250364,23.274909,??蝷曉?瘣餃?銝剖?,????30,,雓?蟡?2366576,??????
1491,?箏?撣??,憪??憪52??120.2589,23.2752,?箏?撣???啁???撠飛,憪??550,"瘞渡,?",?喃?撅?06-6552524#12,??????
1492,?儔撣正?,蝳????唳?頝?01??120.262468,23.27536,瘞???銝剖飛,蝳???1192,"瘞渡,?,?瘚?瘚瑕,?詨?鈭?",?單????05-2855331,??????
1493,?箏?撣撅勗?,?漯???漯14-11??120.399,23.2754,?箏?撣撅勗??漯瘣餃?銝剖?,?漯??40,瘞渡,瘣芸?敹?06-6232983,??????
1494,?箸蝮?瞈梢?,蝡寞???17??4??121.421409,23.275404,?姘皝冗瘣餃?銝剖?,蝡寞???80,"瘞渡,?,?瘚?,?⊥???089-831471,??????
1495,?梯蝮???,?瑁???瑁143-1??121.2878,23.2768,?瑁蝷曉?瘣餃?銝剖?,?瑁??20,"瘞渡,?瘚?,?喳???03-8801450,??????
1496,?箏?撣??,憯急????喟?頝臭?畾?9??120.3124,23.2773,?箏?撣???擗?鈭箏??蝧??ㄚ????蝳?????葉??,50,"瘞渡,?",????06-6221245,??????
1497,?箏?撣??,憯急????喟?頝臭?畾?9??120.3124,23.2773,?箏?撣???祆?,鈭箏??蝧??ㄚ????蝳?????葉??,50,"瘞渡,?",??蝬?06-6221245,??????
1498,?箏?撣??,?望???銝剖控镼輯楝鈭挾19撌?5??120.3178,23.2775,?箏?撣???喟??臬?瘣餃?銝剖?,??????葉???云摨琿?,200,"瘞渡,?",?剝???06-6223577,??????
1499,?箏?撣??,?望???銝剖控镼輯楝鈭挾19撌?5??120.3178,23.2775,?箏?撣???臬?瘣餃?銝剖?撱?,??????葉??嚗??,300,?,?剝???06-6221245,??????
1500,?梯蝮??皞芷?,????1??3??121.2725,23.2775,皜偌蝷曉?瘣餃?銝剖?,????瘞?50,"瘞渡,?瘚?,????03-8885593,??????
1501,?梯蝮????,?單???6?啣瘙?5-3??121.3227,23.2787,?單?蝷曉?瘣餃?銝剖?,?單???70,"瘞渡,?瘚?,敶剖振??03-8861180,??????
1502,?箏?撣撅勗?,?控???控31-1??120.4682,23.279,?箏?撣撅勗??控瘣餃?銝剖?,?控??50,瘞渡,?迤??06-6861658,??????
1503,?箏?撣??,?望????望?563??120.3315,23.2794,?箏?撣???喟??葉????憭芸熒??蝳?????葉蝔?嚗??,600,?,?冽蝡??06-6223209,??????
1504,擃?撣?芸??,??芰??憭批?撌?16??120.7196,23.2796,憭批???,??芰??300,"瘞渡,?,?瘚?瘚瑕",?閮梯???919154312,??????
1505,?箏?撣撅勗?,擃???2?圈???4-2??120.4703,23.2808,?箏?撣撅勗?擃?瘣餃?銝剖?,擃???165,瘞渡,?剖?隞?06-6803077,??????
1506,?箸蝮?瞈梢?,蝡寞???11??3-3??121.4262,23.282134,蝡寞?瘣餃?銝剖?,蝡寞???70,"瘞渡,?,?瘚?瘚瑕",?單郎??089-831327,??????
1507,?箏?撣撅勗?,?勗????勗?8??120.4397,23.2828,?箏?撣撅勗??勗??犖瘣餃?銝剖?,?勗???摰??飯?????ａ???撅梢?????,150,"瘞渡,?瘚?,??鈭?06-6861310,??????
1508,?儔撣正?,憭扳漯??憭扳漯?楝593????120.241078,23.285036,憭扳漯蝷曉?瘣餃?銝剖?,憭扳漯??50,瘞渡,????2850878,??????
1509,?箏?撣??,?漯???漯1??120.3641,23.2859,?箏?撣???漯???????漯?砟颲脤??之颲脤?嚗??,600,?,憪???06-6231824,??????
1510,?箏?撣???,?勗???760??120.1362,23.2862,?箏?撣???靽?摰??勗???50,"瘞渡,瘚瑕",瘣芰?璁?06-7863049,??????
1511,?箏?撣???,攳斗???976??120.1434,23.2863,?箏?撣????砟攳誨憭拙?,?行????仿??砟瘙?????,600,"瘞渡,瘚瑕",靘臬???06-7863711,??????
1512,?箏?撣??,憭芸???憭芸?316??120.2761,23.2867,?箏?撣???啗???撠飛,憭芸??????300,"瘞渡,?",?蔔??06-6523779#13,??????
1513,?箏?撣撅勗?,?勗????剛??勗?39??120.44937,23.28672,???梢??曉井靽望????控???????ａ?,50,?瘚??剖???06-6862208,??????
1514,?箏?撣??,蝭方噙??蝭方噙226-1??120.368,23.2902,?箏?撣??撠?踹??暑?葉敹誨???漯?砟颲脤??之颲脤?嚗??,100,?,雓?蝘?06-6221245,??????
1515,?箏?撣??,蝭方噙??蝭方噙226-1??120.368,23.2902,?箏?撣??撠?踹??暑?葉敹??漯?砟颲脤??之颲脤??撅梢?,200,"瘞渡,?",雓?蝘?06-6221245,??????
1516,?箏?撣??,憭芸熒??憭芸熒4-1??120.3294,23.2904,?箏?撣??憭芸熒??????鈭箏??云摨琿?嚗??,200,?,擳???06-6220684,??????
1517,?箏?撣??,憭芸???憭芸?140銋?1??120.2721,23.2913,?箏?撣??憭芸???銝剖飛,閫葆??400,"瘞渡,?",?寧?隞?06-6524762,??????
1518,?箏?撣厭瘞游?,甇⊿???甇⊿?31??120.2434,23.2923,?箏?撣厭瘞游?甇⊿???,?啣祚?迭???之??,100,"瘞渡,?",暺???06-6552558,??????
1519,?儔蝮?之??,?????姘??5??120.591,23.2933,憭批??葉撠?銝剖恕?????137,"瘞渡,?,?瘚?,蝮賢?銝颱遙,05-2521014-203,??????
1520,?儔蝮?之??,?????姘??5??120.591,23.2933,憭批??葉撠?銝剖恕憭????200,?,蝮賢?銝颱遙,05-2521334,??????
1521,?儔蝮?之??,???8?啣??4??120.5857,23.2934,憭批??葉撠????摰文,???54,"瘞渡,?瘚?,??凳鈭?05-2521310頧?8,??????
1522,?儔蝮?之??,?????姘??38銋???120.5902,23.2938,?瘣餃?銝剖?,???34,瘞渡,??凳鈭?05-2521024-103,??????
1523,?儔蝮?之??,憭批???憭批???7??120.5917,23.2944,憭批??葉撠?撠恕??憭批???50,"瘞渡,?瘚?,蝮賢?銝颱遙,05-2521024,??????
1524,?儔蝮?之??,憭批???憭批???7??120.5917,23.2944,憭批??葉撠?撠恕憭?憭批???200,?,蝮賢?銝颱遙,05-2521310頧?9,??????
1525,?箏?撣撅勗?,?望眾??2?唳瘝?6-1??120.3857,23.2945,?箏?撣撅勗??望眾瘣餃?銝剖?,?望眾??70,瘞渡,?喟??06-6232966,??????
1526,?儔蝮?之??,憭批???607?儔蝮?之??53銋???120.5932,23.2949,憭批??擗?憭批???20,瘞渡,暺???05-2521310頧?6,??????
1527,?箏?撣??,憭芸???憭芸?摰?5-2??5-9??120.2743,23.2955,?箏?撣??憭芸??箏?擐恥憭扳?,??云??,150,"瘞渡,?",?暹?鞎?06-6524038,??????
1528,?梯蝮??皞芷?,????12??8??121.2703,23.2956,??蝷曉?瘣餃?銝剖?,????璅冗?,50,"瘞渡,?瘚?,????03-8885593,??????
1529,?箸蝮?瞈梢?,蝡寞???2?唳偶蝳?6-2??121.434067,23.296186,瘞貊?蝷曉?瘣餃?銝剖?,蝡寞???140,"瘞渡,?,?瘚?瘚瑕",?∪??089-831930,??????
1530,?儔蝮??控???嗅控??3??7??120.666773,23.298248,?嗅控??摰文,?嗅控??30,"瘞渡,?",?喃???05-2513014,??????
1531,?儔蝮?之??,憭批???162-9??120.5938,23.2986,憭批??嗅?祆?撣,憭批???123,瘞渡,?蔔??05-2522178,??????
1532,?箏?撣??,????撱箸平頝?91??120.298,23.299,?箏?撣??????撠飛,????蝝?,700,"瘞渡,?",??撅?06-6562904,??????
1533,?儔蝮?之??,憭批???憭批???37??120.5942,23.2991,?扔畾?憭批???13,?瘚??桀???瘙頛?05-2521093/05-2522123,??????
1534,?箏?撣厭瘞游?,??????117??120.25746,23.299369,?箏?撣厭瘞游?隞???,????撖桅?,220,"瘞渡,?",?喳眾??06-6523620,??????
1535,?箏?撣??,?平???祈?銵???120.3189,23.3036,?箏?撣???祈???撠飛,瘞貊???璆剝???摰??葉??,650,"瘞渡,?",?單???06-6323071#804,??????
1536,?箏?撣??,撱嗅像???砍?頝臭?畾?36??120.3063,23.3052,?箏?撣???唳???撠飛,瘞旨?末撟喲??辣撟喲????,500,"瘞渡,?",????06-6562152#204,??????
1537,?箏?撣??,瘞???銝剜迤頝???120.3165,23.3062,?箏?撣???啁???撠飛,瘞???1150,"瘞渡,?",暺?瞍?06-6320374,??????
1538,?儔蝮?儔蝡寥?,镼輸???279??120.2082,23.3064,?楝??-摰文,?梢? 镼輸? 摰? 摰?,30,瘞渡,雓????05-3437884,??????
1539,?儔蝮?儔蝡寥?,镼輸???279??120.2082,23.3064,?楝??-摰文?,?梢??正??????300,?,雓???3420104,??????
1540,?儔蝮?儔蝡寥?,摰???356??120.1817,23.3067,????-摰文?,摰? 摰?,200,?,撘菜??舀??3427394,??????
1541,?箸蝮?瞈梢?,?瑟膨??37??121.440989,23.307393,?啁??嗥???,?瑟膨??80,"瘞渡,?,?瘚?瘚瑕",????089-832469,??????
1542,?箏?撣??,憭批???瘞?頝?1-62??120.3181,23.3085,?箏?撣??憭批??蝷曉?瘣餃?銝剖?,憭批???150,瘞渡,????06-6373770,??????
1543,?箏?撣??,瘞???瘞祥頝?5??120.3088,23.3092,?箏?撣?????銝剖飛,銝????????,1450,"瘞渡,?",瘝?銵?06-6563129#15,??????
1544,?箏?撣瘝喳?,?剜漯???剜漯26??120.4595,23.3092,瘝單???剜漯?,?剜漯??112,"瘞渡,?瘚?,?∟隢?06-6852442,??????
1545,?箏?撣撅勗?,?郭??19?啗?鞈?0-4??120.3472,23.3096,?箏?撣撅勗??郭???唳暑?葉敹??郭??72,瘞渡,???,06-6331119,??????
1546,?箏?撣??,憭批???銝剜迤頝?0??120.3166,23.31,?箏?撣???祆?,???150,瘞渡,憿???06-6322015#221,??????
1547,?箸蝮?瞈梢?,?瑟膨??15??80??121.458956,23.314728,?瑟膨?葉,?瑟膨??140,"瘞渡,?,?瘚?瘚瑕",?⊿?葉??089-831017,??????
1548,?箏?撣??,敹??銝剜迤頝?1??120.3164,23.315,?箏?撣???圈脣?瘞?摮?敹?撖桅??風?桅?,850,"瘞渡,?",閮勗??06-6322378#103,??????
1549,?儔蝮?之??,瘞豢???4?啣???3-1??120.5801,23.3156,?????,瘞豢???17,"瘞渡,?瘚?,瘞豢??凳鈭?05-2521310頧?8,??????
1550,?箏?撣??,?唳???勗飛頝?7??120.3273,23.3161,?箏?撣???唳陸??撠飛,?唳??300,"瘞渡,?",?蔔??06-6330496#804,??????
1551,?箏?撣撅勗?,?曹葉????頝臭?畾?32??120.4031,23.3166,?箏?撣撅勗??勗控?葉,?典?,1000,"瘞渡,?",暺??06-6802175,??????
1552,?箏?撣厭瘞游?,璈????揖頝?6??120.2663,23.3168,?箏?撣厭瘞游??揖??,璈??????硫?折??重????撖桅?,770,"瘞渡,?",璆???06-6521113,??????
1553,?箏?撣撅勗?,?郭??9?啗?鞈?6-3??120.3655,23.3169,?箏?撣撅勗??撖格?蝳悅,?郭??72,瘞渡,?梢?甇?06-6330549,??????
1554,?箏?撣厭瘞游?,璈???瘝餅偌頝?54-1??120.2635,23.3179,?箏?撣厭瘞游??犖?熒銝剖?,敺??偌甇????銝剝?,150,瘞渡,璆憒?06-6521038#115,??????
1555,?梯蝮???,璅???璅?65-5??121.345,23.3183,璅?蝷曉?瘣餃?銝剖?,璅???35,"瘞渡,?瘚?,?喲瘣?03-8887126,??????
1556,?箏?撣厭瘞游?,瘞港???銝剖控頝?7??120.2662,23.3197,?箏?撣厭瘞游??祆?,銝剖??惚瘞湧?,180,瘞渡,撘萇?,06-6521038#110,??????
1557,?箏?撣??,?澈???澈71銋???120.3452,23.3197,?箏?撣???澈??撠飛,?澈??300,?,?剖膝??06-6362323#112,??????
1558,?箏?撣厭瘞游?,銝剖???銝?頝?3??120.2631,23.3213,?箏?撣厭瘞游?暽賣偌?葉,甇血??硫?折??葉憓??偌隞?,530,"瘞渡,?",?孵???06-6521075,??????
1559,?梯蝮???,皞???瘞湔?57-1??121.3004,23.3219,皞?蝷曉?瘣餃?銝剖?,皞???35,"瘞渡,?瘚?,敺偶??03-8889333,??????
1560,?箏?撣厭瘞游?,瘞渡????頝?37??120.2707,23.3226,?箏?撣厭瘞游?暽賣偌??,瘙急偌?偌蝘??敺??硫?折?????,390,"瘞渡,?",?批膝鞈?06-6521046,??????
1561,?箏?撣撅勗?,?曹葉????頝臭?畾?9??120.4048,23.3234,?箏?撣撅勗??勗控??,?典?,800,"瘞渡,?",?⊿??,06-6802274,??????
1562,?箏?撣撅勗?,?勗控??12?唳撅?18??120.4038,23.3252,?箏?撣撅勗?蝣扯?撖??勗控?銝剝??甇???????之摰ａ???璁桅???皞芷??偌?脤?,300,"瘞渡,?瘚?,?喲???06-6801009,??????
1563,?箸蝮?瞈梢?,銝???2??2??121.439437,23.32597,??蝷曉?瘣餃?銝剖?,銝???100,"瘞渡,?,?瘚?瘚瑕",擃???089-831567,??????
1564,?梯蝮???,銝剖???靽∠儔頝???121.3139,23.3275,??????銝剖???40,"瘞渡,?瘚?,雿迤??03-8882921,??????
1565,?箏?撣?憯?,蝳???蝳?170-2??120.3567,23.3288,?箏?撣?憯?蝳?蝷曉?瘣餃?銝剖?,蝳???45,瘞渡,撱?樴?06-6872284#303,??????
1566,?箸蝮?瞈梢?,?瑟膨??24?圈??05-1??121.461868,23.329484,?瑕?蝷曉?瘣餃?銝剖?,?瑟膨??110,"瘞渡,?,?瘚?瘚瑕",擃噸??089-831923,??????
1567,?箏?撣厭瘞游?,撗詨???啣硫??6??120.2609,23.3295,?箏?撣厭瘞游?撗詨??,蝢拍???銝剝?,50,"瘞渡,?",??憡?06-6524651,??????
1568,?儔蝮??鋡,?唳????啣＃374??120.1606,23.3303,?啣＃??-摰文,?唳???193,瘞渡,?典尿??05-3431064,??????
1569,?儔蝮??鋡,?唳????啣＃374??120.160148,23.330464,?啣＃??-摰文?,?唳??儔??,1139,?,雓???05-3431064,??????
1570,?箏?撣瘝喳?,?飯???飯94銋???120.5074,23.3307,隞????飯?,?飯??1033,?,暺???06-6822317,??????
1571,?箸蝮?瞈梢?,敹???58??121.43699,23.331466,敹???,敹???130,"瘞渡,?,?瘚?,瞏???089-832412,??????
1572,?箏?撣?憯?,?瑕????瑕?105-1??120.3564,23.3323,?箏?撣?憯??瑕?蝷曉?瘣餃?銝剖?,?瑕???50,瘞渡,暺?璇?06-6872284#303,??????
1573,?箏?撣?憯?,??????91-1??120.3525,23.3327,?箏?撣?憯???蝷曉?瘣餃?銝剖?,????150,瘞渡,????06-6872284#303,??????
1574,?儔蝮?儔蝡寥?,隞???333-1??120.241899,23.33444,蝢拍姘?犖?熒銝剖?,"?券?,",50,瘞渡,憿?瘛?,05-3412001,??????
1575,?箏?撣?憯?,?邦???邦78??120.3777,23.3347,?箏?撣?憯??邦蝷曉?瘣餃?銝剖?,?邦??20,"瘞渡,?",閰孵???06-6872284#303,??????
1576,?梯蝮???,瘜唳???銝剜迤頝?44??121.3153,23.3352,銝剜迤???郎?陸????璅⊿??偶??100,"瘞渡,?瘚?,?勗?撜?03-8883166206,??????
1577,?儔蝮?儔蝡寥?,?剜???245-10??120.2434,23.3357,蝢拍姘?耨蝺?扛撖??券?,50,瘞渡,?∩蜓憪?敺?05-3412144,??????
1578,?箏?撣瘝喳?,憭扳???瑼典???0銋?6??120.4412,23.3357,憭扳?蝷曉?瘣餃?銝剖?,憭扳???65,"瘞渡,?瘚?,?暸?憓?06-6858659,??????
1579,?儔蝮?儔蝡寥?,?剜???220-1??120.2443,23.3358,蝢拍姘??撖??券?,50,瘞渡,蝧旨??05-3412204,??????
1580,?儔蝮?儔蝡寥?,?剜???208??120.2456,23.3359,蝢拍姘??銝剜迤???券?,250,?,憿?瘛?,05-3412001,??????
1581,?儔蝮?儔蝡寥?,?剜???208??120.2456,23.3359,蝢拍姘??-摰文?,?券?,1000,?,??瑟?頛?05-3412025,??????
1582,?儔蝮?儔蝡寥?,撟單漯??1??120.2463,23.3368,?????梯?-摰文,敺 撟單漯 ?啣? ?,40,瘞渡,?∪?璁格??05-3427394,??????
1583,?儔蝮?儔蝡寥?,撟單漯??1??120.2463,23.3368,?????梯?-摰文?,敺 撟單漯 ?啣? ?,100,?,?⊥?瑕?璁?05-3426194,??????
1584,?儔蝮?之??,瘞豢????祚4??120.5552,23.3369,?祚??砍??誨?????150,"瘞渡,?",瘞豢??凳鈭?05-2521310頧?8,??????
1585,?儔蝮??鋡,憟賜????偏撖?06??120.13813,23.337005,憟賜???-摰文?,憟賜???856,?,?⊥摰?05-3431524,??????
1586,?儔蝮??鋡,憟賜????偏撖?06??120.1379,23.3373,憟賜???-摰文,憟賜???45,瘞渡,?⊥摰?05-3431524,??????
1587,?箏?撣?憯?,?唳???唳144??120.3323,23.3377,?箏?撣?憯??唳?瑁??????唳??165,瘞渡,?單??06-6872284#303,??????
1588,?儔蝮??控???啁???4??8??120.683345,23.337733,?啁???摰文,?啁???160,"瘞渡,?",???05-2513015,??????
1589,?梯蝮???,?梯????梯??喳瓷32銋???121.3399,23.3389,?梯?蝷曉?瘣餃?銝剖?,?梯???25,"瘞渡,?瘚?,暺??03-8883720,??????
1590,?儔蝮?儔蝡寥?,?啣???77??120.1928,23.3408,????-摰文?,?啣? ? 撟單漯,240,?,?∪?璁格??05-3412025,??????
1591,?儔蝮??鋡,?啣????剖?撖???26,120.171569,23.340872,?啣?蝷曉?瘣餃?銝剖?,?啣???62,瘞渡,?∟???911779708,??????
1592,?箏?撣?憯?,蝡寞??蝡寞33??120.3013,23.3422,?箏?撣?憯??啣?瘣餃?銝剖?,蝡寞???,40,"瘞渡,?",????06-6872284,??????
1593,?儔蝮?儔蝡寥?,撗貉??59-2??120.24985,23.34264,蝢拍姘?葉-摰文?,撗貉 蝢拍姘 隞? ?剜? ?唾,1000,?,?曉?鞈?05-3412025,??????
1594,?儔蝮??鋡,?啣????剖?撖???120.174442,23.34271,?啣???-摰文?,?啣???134,?,雓?憒?05-3431525,??????
1595,?箏?撣?憯?,蝡寞??蝡寞106??120.3023,23.3433,?箏?撣?憯?蝡寞蝷曉?瘣餃?銝剖?,蝡寞??70,瘞渡,????06-6872284#303,??????
1596,?箏?撣瘝喳?,隞???隞?22??120.4738,23.3439,隞???,隞???166,"瘞渡,?瘚?,????06-6854144,??????
1597,?箏?撣瘝喳?,瘝單??瘝單83-1??120.4378,23.3443,瘝單??,瘝單?之????撅梢????剝?,405,?,?剜???06-6852527,??????
1598,?箏?撣?憯?,?啣????啣?210-2??120.316,23.3444,?箏?撣?憯??啣???,?啣???400,"瘞渡,?",?擏?06-6621981,??????
1599,?箏?撣瘝喳?,隞???隞???銋???120.4734,23.3449,隞?蝷曉?瘣餃?銝剖?,隞???30,"瘞渡,?瘚?,雓???06-6831963,??????
1600,?箏?撣瘝喳?,瘝單??蝟?皝?0銋?9??120.4365,23.3456,瘝單颲脫?蝷曉?瘣餃?銝剖?,瘝單?之????撅梢????剝?,200,"瘞渡,?瘚?,?單???06-6830453,??????
1601,?梯蝮??皞芷?,?漯??7??3??121.3038,23.3457,?漯憭??賣暑?葉敹??漯??50,"瘞渡,?瘚?,?賣??03-8980525,??????
1602,?箏?撣?憯?,????67-2??120.3637,23.351,?箏?撣?憯??蝷曉?瘣餃?銝剖?,???120,瘞渡,??敶?06-6872284#303,??????
1603,?箏?撣瘝喳?,瘞詨???銝?頝?81??120.4157,23.351,?賣眾??祆?,?賣眾?偶摰???蟡???閫?,50,"瘞渡,?瘚?,霅?瞉?06-6855102,??????
1604,?箏?撣瘝喳?,瘞詨???銝?頝?48??120.4157,23.351,?賣眾??,?賣眾?偶摰???蟡???閫?,200,"瘞渡,?瘚?,?????06-6852177,??????
1605,?箏?撣瘝喳?,瘞詨????啗?頝?28??120.4164,23.3527,?賣眾?極,?賣眾?偶摰???蟡???閫?,265,"瘞渡,?瘚?,?梢脰?,06-6852054,??????
1606,?箏?撣?憯?,隞???隞?72??120.32,23.3539,?箏?撣?憯?隞?蝷曉?瘣餃?銝剖?,隞???200,"瘞渡,?",撱隢?06-6872284#303,??????
1607,?箸蝮?瞈梢?,?瑟膨??7??8??121.469004,23.355514,?瑟膨?犖?尹,?瑟膨??80,"瘞渡,?瘚?瘚瑕",?單??089-832596,??????
1608,?箸蝮?瞈梢?,銝???7??6??121.467768,23.35573,銝???撠飛,銝???110,"瘞渡,?,?瘚?瘚瑕",?⊿????089-831306#204,??????
1609,?儔蝮?葉??,???????撖?4??120.5413,23.3558,銝剖控?文祚?蝡亥??????恕-摰文,????50,?瘚?????05-2531684,??????
1610,?儔蝮?頝舫?,?控??瘞貉?22??120.5914,23.3566,憭批???瘞貉????-摰文,?控??22,?瘚??剜偶蝡?05-2931013,??????
1611,?儔蝮??鋡,?儔???剜?撖?0??120.1809,23.3595,撣??葉-摰文,?儔??187,瘞渡,撘菜??05-3472044,??????
1612,?儔蝮??鋡,?儔???剜?撖?0??120.1809,23.3595,撣??葉-摰文?,?儔?偶摰?,424,?,?萄??05-3472044,??????
1613,瞉?蝮??摰?,镼踹???镼踹???6-1??119.496973,23.361206,?????瘣餃?銝剖?,????150,,甇???06-9991311,??????
1614,?箏?撣瘝喳?,????銝???20??120.4239,23.3614,?賣眾?葉,?????折?,250,"瘞渡,?瘚?,鈭???06-6852067,??????
1615,?儔蝮?葉??,????2????120.5476,23.3627,蝷曉?? 摰文?,???冗???,50,?瘚??勗振頛?05-2531094#113,??????
1616,?箏?撣?憯?,撟喳???撟喳?58-5??120.3334,23.3632,?箏?撣?憯?撟喳?蝷曉?瘣餃?銝剖?,撟喳???70,瘞渡,撱??06-6622190,??????
1617,?箏?撣?憯?,敺???敺?129??120.362,23.3658,?箏?撣?憯??祆?蝮賜?,蝮賜?,120,"瘞渡,?",??甇?06-6872284#303,??????
1618,?箏?撣?憯?,????瑞璅?8??120.3293,23.3659,?箏?撣?憯??蝷曉?瘣餃?銝剖?,???40,瘞渡,?剖???06-6872284#303,??????
1619,敶啣?蝮???,镼踹像???銵?6??120.366378,23.366378,镼踹像蝷曉?瘣餃?銝剖?,?祇?,18,"瘞渡,?瘚?瘚瑕",????48960778,??????
1620,敶啣?蝮???,擐????頝?0-1??120.366378,23.366378,擐??,擐??60,"瘞渡,?,?瘚?瘚瑕",?喲?璇?48967708,??????
1621,敶啣?蝮???,銝剛正??銝凋?頝???120.366378,23.366378,銝剛正蝷曉?瘣餃?銝剖?,?祆?,60,"瘞渡,?瘚?瘚瑕",瘣芣迤??48967561,??????
1622,敶啣?蝮???,撱????撱??撌?-1??120.366378,23.366378,撱????,撱????75,"瘞渡,?,?瘚?瘚瑕",閰寥?瘞?48955009,??????
1623,敶啣?蝮???,?像???噸銵?49??120.366378,23.366378,?犖?熒瘣餃?銝剖?,?祆?,303,"瘞渡,?瘚?瘚瑕",?喳??48961008,??????
1624,?箏?撣?憯?,敺???敺?193??120.3664,23.3673,?箏?撣?憯?敺?靘臭摩蝷曉?瘣餃?銝剖?,敺??劑隡舫?,150,瘞渡,?喳???06-6872284#303,??????
1625,?箏?撣瘝喳?,憭抒姘??憭抒姘3??120.4127,23.3683,憭抒姘??,憭抒姘??30,"瘞渡,?瘚?,?迤敹?06-6852508,??????
1626,?儔蝮?葉??,??????撅梢?25??120.509,23.3703,???瘣餃?銝剖?-摰文,???100,?瘚?暺??05-2394042,??????
1627,?儔蝮?葉??,銝剖???銝剜迤頝???120.509,23.3703,銝剖???-摰文?,銝剖?????????????2500,?,??甈?05-2531003,??????
1628,?儔蝮?葉??,銝剖???銝剖???77??120.4975,23.3707,銝剖??葉瘣餃?銝剖?-摰文,銝剖???500,?瘚?雿?蝧?05-2531002,??????
1629,?箏?撣?憯?,?啣????啣?172??120.3103,23.3721,?箏?撣?憯??啣?蝷曉?瘣餃?銝剖?,?啣???55,瘞渡,撘萇敦??06-6872284#303,??????
1630,?箏?撣?憯?,隞???隞?81??120.3095,23.3727,?箏?撣?憯??唳??,隞???400,"瘞渡,?",??蝢?06-6320902,??????
1631,?箏?撣?憯?,??????56-18??120.3872,23.3734,?箏?撣?憯???蝷曉?瘣餃?銝剖?,????150,瘞渡,?撌?06-6872284#303,??????
1632,?儔蝮?嘀??,?蔬??196??120.28601,23.373691,銝蔬??摰文?,?蔬??250,?,雓隞?05-3651544-10,??????
1633,?儔蝮?頝舫?,?控??22??120.6371,23.3745,?????控???-摰文,?控??22,?瘚?????05-2586331,??????
1634,?儔蝮?嘀??,?蔬??196??120.286841,23.374584,銝蔬蝷曉?瘣餃?銝剖?,?祇?,180,瘞渡,?剜絲??05-3651326,??????
1635,?箏?撣瘝喳?,蝡寥???蝡寥?113??120.445,23.3766,蝡寥???,蝡寥??探?剝????折?,95,"瘞渡,?瘚?,???06-6851290,??????
1636,?儔蝮??鋡,撗望????唳眾銵???120.1565,23.3773,銋?蝷曉?瘣餃?銝剖?,撗望???49,瘞渡,暺偌銝?05-3475835,??????
1637,?箏?撣?憯?,?祚???祚77??120.3351,23.3785,?箏?撣?憯??祚憓冽?蝷曉?瘣餃?銝剖?,?祚??100,瘞渡,璆垢蝡?06-6872284#303,??????
1638,?箏?撣?憯?,憓冽???憓冽?282??120.339,23.3787,?箏?撣?憯??祚??,憓冽???撖桅??????400,"瘞渡,?",?湔?憡?06-6621271,??????
1639,?儔蝮??鋡,撗絲????銵?1??120.1522,23.3788,撣??-摰文,撗絲??133,瘞渡,?喲???05-3476886,??????
1640,?箏?撣?憯?,??????68-3??120.3469,23.3788,?箏?撣?憯???蝷曉?瘣餃?銝剖?,????200,瘞渡,璆?撟?06-6872284#303,??????
1641,?儔蝮??鋡,撗絲????銵?1??120.152166,23.378925,撣??-摰文?,撗絲??1003,?,?喲???05-3476886,??????
1642,?儔蝮?儔蝡寥?,?勗???64??120.2474,23.3795,?旨??-摰文,?勗? ?望旨 皞芣散 樴?,70,瘞渡,???望?琿?靽?銝颱遙,05-3420104,??????
1643,?儔蝮?儔蝡寥?,?勗???64??120.2474,23.3795,?旨??-摰文?,?勗??璁柴漯瘣脯???280,?,????05-3420104,??????
1644,?箏?撣瘝喳?,??????85??120.4159,23.3802,????,???誨摰???摰??瞏剝?,50,"瘞渡,?瘚?,蝝蝢?,06-6852524,??????
1645,?梯蝮???,憭抒此??憭抒此226??121.3289,23.3805,憭抒此蝷曉?瘣餃?銝剖?,憭抒此??40,"瘞渡,?瘚?,撘菜溶撖?03-8886293,??????
1646,?箏?撣?憯?,憓冽???憓冽?321??120.3358,23.3808,?箏?撣?憯?敺琿成摰?憓冽???120,瘞渡,畾瑞??06-6872284#303,??????
1647,?儔蝮?葉??,銝剖???銝剖??葉甇?楝1??120.5307,23.3815,銝剖???瘣餃?銝剖?-摰文,銝剖???,100,?瘚??喳???05-2531003,??????
1648,?儔蝮?葉??,??????24??120.5307,23.3815,???? 摰文?,????鞊?,600,?,撘萄???05-2531205#105,??????
1649,?箏?撣?憯?,撏???撏?38-2??120.3451,23.3818,?箏?撣?憯?撏?蝷曉?瘣餃?銝剖?,撏???100,瘞渡,暺???06-6872284#303,??????
1650,?儔蝮??鋡,?望葛???望葛130??21,120.191066,23.381869,撣??桃?撟澆????望葛??96,瘞渡,?典?蝛?05-3478391,??????
1651,?儔蝮??鋡,閬????抒2??4,120.1808,23.382,閬?蝷曉?瘣餃?銝剖?,閬???55,瘞渡,?勗?瘥?921551168,??????
1652,?儔蝮??鋡,?啣???65??120.1712,23.3824,撣???-摰文,?啣???140,瘞渡,?予霈?05-3472007,??????
1653,?儔蝮??鋡,?啣????啣?隞?5??120.1712,23.3824,撣???-摰文?,樴??????樴???敺拚???銝剝?,1407,?,?予霈?05-3472007,??????
1654,?儔蝮??鋡,?望葛???望葛136??120.1933,23.3827,?臬控??-摰文?,?望葛?撖桅??岫??撅梢?,396,?,?⊥???05-3472734,??????
1655,?儔蝮??控??撅梁???61??120.668975,23.383138,撅梁???摰文,撅梁???100,"瘞渡,?",皞恍???05-2586520,??????
1656,?儔蝮?嘀??,蝣扳蔬??18銋???120.297035,23.38451,蝣扳蔬蝷曉?瘣餃?銝剖?,?祇?,50,瘞渡,??頠?05-3651608,??????
1657,?箏?撣?憯?,敺???敺?49-1??120.3373,23.3846,?箏?撣?憯?敺?蝷曉?瘣餃?銝剖?,敺???60,瘞渡,暺迤??06-6872284#303,??????
1658,?儔蝮?嘀??,蝣扳蔬??184??120.299389,23.386773,蝣扳蔬??摰文?,蝣扳蔬??300,?,????05-3652001,??????
1659,?箏?撣?憯?,????76??120.3825,23.3868,?箏?撣?憯????蝷曉?瘣餃?銝剖?,???瘞?,150,瘞渡,??蝳?06-6872284#303,??????
1660,?儔蝮?葉??,瘝偌??瘝偌?姘?剖?20??120.5195,23.3927,瘝偌蝷曉?瘣餃?銝剖?,瘝偌??30,?瘚??喲???05-2693667,??????
1661,?儔蝮?嘀??,?祚??160??120.315098,23.393291,?祚??摰文?,?祚??350,?,蝧?蟡?05-3752544,??????
1662,?梯蝮???,閫?喲?,閫??-1??121.3573,23.3951,閫?喟冗?瘣餃?銝剖?,閫?喲?,0,"瘞渡,?瘚?,?眼蝳?8851223,??????
1663,?儔蝮?葉??,??蔬??17??-1??120.5333,23.3968,??蔬?? 摰文?,??蔬??140,?瘚??⊥旨??05-2531660#222,??????
1664,?箏?撣瘝喳?,?扯????扯?1??120.4409,23.3973,?扯???,?扯???摨???摰?,280,"瘞渡,?瘚?,敺???06-6817363,??????
1665,?儔蝮?葉??,?????????45??120.5266,23.3992,??蝷曉?瘣餃?銝剖?,????30,?瘚?????05-2536830,??????
1666,?儔蝮?葉??,????????隞?-9??120.5121,23.4006,?控???,????50,?瘚??喃?隞?05-2301518,??????
1667,?儔蝮?葉??,????敺?16??120.5121,23.4036,??? 摰文?,?????行?????,600,?,?曇???05-2304511#129,??????
1668,?儔蝮?葉??,??????頝?1??120.5121,23.4036,????-摰文?,?????行?????,1000,?,?喲暑鞈?05-2306717#02,??????
1669,?儔蝮?嘀??,?祚??15??9銋???120.341819,23.404675,?祚蝷曉?瘣餃?銝剖?,?祇?,50,瘞渡,敺???05-3750616,??????
1670,?儔蝮?嘀??,敺???65銋???120.341819,23.404675,敺?蝷曉?瘣餃?銝剖?,?祇?,60,瘞渡,?∩澈??05-3751389,??????
1671,?儔蝮??控???蔔??20??1??120.720934,23.405245,????蔔?摰文,?蔔??10,"瘞渡,?",皞急?蝢?972343350,??????
1672,?梯蝮??皞芷?,憭芸像??1????121.3205,23.406,憭芸像??,憭芸像??100,"瘞渡,?瘚?,?脫?,03-8888713,??????
1673,?梯蝮??皞芷?,憭芸像??6??9-1??121.3166,23.4071,憭芸像蝷曉?瘣餃?銝剖?,憭芸像??50,"瘞渡,?瘚?,瞏蔔撅?03-8841364,??????
1674,?儔蝮?葉??,?????????啣??楝40撌???120.5122,23.4072,??蝷曉?瘣餃?銝剖?,????100,?瘚??∪靽?05-2301768,??????
1675,?儔蝮?摮?,璇??????-20??120.2587,23.408,璇瘣餃?銝剖?,璇??舫??摨???蝡寥??噸摰園?,44,瘞渡,?喳???05-3795102-87,??????
1676,?儔蝮?嘀??,暽輯???439??120.3129,23.4099,暽輯??葉摰文?,暽輯??正鈭?,1500,?,?剖?瘛?05-3752037-13,??????
1677,?儔蝮?嘀??,暽輯???439??120.31309,23.410697,暽輯??葉摰文,暽輯??正鈭?,80,瘞渡,?剖?瘛?05-3752037-13,??????
1678,?儔蝮?葉??,????????1?啣?隞?64??5,120.5488,23.4108,??蝷曉?瘣餃?銝剖?,????30,?瘚?閮梯??05-2688617,??????
1679,?儔蝮?偌銝?,????46??120.3774,23.4109,????-摰文?,????880,?,蝮賢?銝颱遙撱陸??05-2682004,??????
1680,?儔蝮?摮?,?曇??345??120.2505,23.4114,?暹???[摰文?],?曇???舫?,400,?,暺?撘瑟??05-3691083,??????
1681,?儔蝮?嘀??,镼蹂???296??120.306853,23.41157,暽輯???摰文?,暽輯??正鈭?,400,?,????05-3752004-203,??????
1682,?儔蝮?葉??,???????葉甇?楝515??120.5299,23.4125,??蝷曉?瘣餃?銝剖?,????30,?瘚??喳??05-2535949,??????
1683,?儔蝮?葉??,????????3?啣??楝91??120.5103,23.4129,?????擗?摰文,????,100,?瘚??尿?,2306717,??????
1684,?儔蝮?偌銝?,蝢抵???2??7-1??120.422844,23.418214,蝢抵??暑?葉敹?蝢抵???100,瘞渡,?凳鈭?支蓿,05-2680620,??????
1685,?儔蝮?偌銝?,蝢抵???2-1??120.4258,23.4184,蝢抵???-摰文?,蝢抵???260,?,蝮賢?銝颱遙??瘞?05-2890096#12,??????
1686,?儔蝮??鋡,銝剖?????1??120.183067,23.419651,????-摰文,銝剖???351,瘞渡,?予鞈?05-3451010,??????
1687,?儔蝮??鋡,璅寞???82??120.214244,23.419879,鞎湔???-摰文?,璅寞??眼??,128,?,?∪兢??05-3451641,??????
1688,?儔蝮??鋡,銝剖???????11??2,120.1822,23.4204,??憭??賣暑?葉敹?銝剖???226,瘞渡,??蝳?05-3454199,??????
1689,?儔蝮?葉??,樴???樴???撅?33??120.517993,23.42188,樴?蝷曉?瘣餃?銝剖?,樴???60,?瘚?撘萄窄??05-2535560,??????
1690,?儔蝮?葉??,????????????120.5241,23.4231,蝷曉??蝳桀?-摰文,????30,?瘚??剜旨頛?05-2531094,??????
1691,?儔蝮?葉??,鋆???鋆???剖?17??1,120.5235,23.4235,憭扳????擗?摰文,鋆???50,?瘚??甇?,05-2531561,??????
1692,?儔蝮?葉??,?梯????梯?????5-1??120.5216,23.4242,?梯?蝷曉?瘣餃?銝剖?,?梯???30,?,瘙芾撘?05-2259329,??????
1693,?儔蝮?葉??,??蔬????蔬??7??-1??120.5216,23.4242,??蔬??閬?恕-摰文,??蔬??,50,?瘚?????05-2531660,??????
1694,?儔蝮?偌銝?,銝剖???16??0銋???120.433218,23.424345,銝剖??暑?葉敹?銝剖???50,瘞渡,?凳鈭?支蓿,05-2688248,??????
1695,?儔蝮?葉??,銝剖???177??120.5176,23.4244,銝剖??葉-摰文?,銝剖?????????????1500,?,?∪?撱?05-2531002214,??????
1696,?儔蝮?偌銝?,皞芣散??13??3-1??120.389382,23.424537,皞芣散?暑?葉敹?皞芸???35,瘞渡,?凳鈭摰祥,05-2686773,??????
1697,?儔蝮?偌銝?,敹???瑼單?璅寡?6??120.4501,23.4246,敹??葉-摰文?,敹???600,?,蝮賢?銝颱遙?⊥??05-2891026#201,??????
1698,?儔蝮?葉??,銝剖???銝剖???28??120.522942,23.425153,銝剖???,銝剖?????60,?瘚??蔔??2533321101,??????
1699,?儔蝮?偌銝?,敹???瑼單?璅寡?35??120.4479,23.4258,敹???-摰文?,敹???750,?,蝮賢?銝颱遙閮梁???05-2890635,??????
1700,?儔蝮?偌銝?,瘞港????脣飛銵?4??120.3974,23.4261,瘞港??葉-摰文?,瘞港???1000,?,蝮賢?銝颱遙?喳兢??05-2682024#38,??????
1701,?儔蝮?葉??,????????4??120.5566,23.4278,????-摰文,????100,?瘚???扳,05-2531205,??????
1702,?儔蝮?葉??,蝷曉??蝷曉???啁隞?7??1,120.5614,23.4283,蝷曉蝷曉?瘣餃?銝剖?,蝷曉??30,?瘚??喳遣??05-2713325,??????
1703,?儔蝮?偌銝?,瘞港???瘞港??迤蝢抵楝141??120.39801,23.428457,瘞港???銝?,??????嚗?嗅捆?銋?,40,瘞渡,?貉??⊿???05-2688526,??????
1704,?儔蝮?偌銝?,瘞港???甇?儔頝?82??120.3972,23.4288,瘞港???-摰文?,瘞港???1400,?,蝮賢?銝颱遙?曉?摨?05-2682073#10,??????
1705,?儔蝮?葉??,????????2??120.5125,23.4288,銝剖控??閬?恕-摰文,????30,?瘚??喟???05-2531231,??????
1706,?梯蝮???,?暹策???暹策214-3??121.3737,23.4293,?暹策蝷曉?瘣餃?銝剖?,?暹策??0,"瘞渡,?瘚?,??閫,03-8851650,??????
1707,?儔蝮?頝舫?,?祉????4??120.6601,23.4298,????-摰文?,憭扳???44,?,鞈湧?銝?05-2586218,??????
1708,?儔蝮?頝舫?,?祉????40??120.6601,23.4298,????撠飛-摰文,?祉??71,?瘚?鞈渡?銝?05-2586218,??????
1709,?儔蝮?葉??,鋆???鋆???剖?8??1,120.5126,23.4315,鋆?蝷曉?瘣餃?銝剖?,鋆???30,?瘚?閮望???05-2243025,??????
1710,?儔蝮?偌銝?,銝???153??120.4756,23.4318,????-摰文?,銝???600,?,蝮賢?銝颱遙撘萎???05-2393485,??????
1711,?梯蝮???,銝???銝?131-2??121.3498,23.4321,銝?蝷曉?瘣餃?銝剖?,銝???25,"瘞渡,?瘚?,敶剜??03-8841164,??????
1712,?儔蝮?摮?,蝡寞???36??120.2389,23.4349,蝡寞???[摰文?],蝡寞???????敺?嚗摨???摰?,400,?,暺?獢??05-3693628-11,??????
1713,?儔蝮?偌銝?,?單???92??120.4151,23.4356,?單???-摰文?,?單???1000,?,蝮賢?銝颱遙?喲???05-2683240#213,??????
1714,?儔蝮??喲?,蝬脣祚?????7??120.1525,23.4361,蝬脣祚??-摰文,"蝬脣祚,?蔬",36,瘞渡,?唾???05-3451544,??????
1715,?儔蝮??喲?,蝬脣祚?????7??120.1525,23.4361,蝬脣祚??-摰文?,蝬脣祚???蔬??490,?,?唾???05-3451544,??????
1716,?儔蝮??喲?,镼踹???131??120.1832,23.4363,樴???-摰文,"?勗?,镼踹?",38,瘞渡,?⊥?撅?05-3451070,??????
1717,?儔蝮??喲?,镼踹???131??120.1832,23.4363,樴???-摰文?,"?勗?,镼踹?,憛凋?",527,?,?⊥?撅?05-3451070,??????
1718,?梯蝮??皞芷?,?日◢??12????121.332,23.4363,?斗?蝷曉?瘣餃?銝剖?,?日◢??璆蝡舐冗?,50,"瘞渡,?瘚?,????03-8881852,??????
1719,?梯蝮??皞芷?,蝡控??6??8??121.332,23.4363,蝡控蝷曉?瘣餃?銝剖?,蝡控??50,"瘞渡,?瘚?,擃???03-8841572,??????
1720,?儔蝮?葉??,瘛勗???瘛勗??楛??5??2,120.5273,23.4383,瘛勗?蝷曉?瘣餃?銝剖?,瘛勗???30,?瘚?閮望???05-2243025,??????
1721,?儔蝮??喲?,憛凋???3??9??120.175,23.4384,憛凋????笑,憛凋?,40,瘞渡,憒噸撣怎,05-3454681,??????
1722,?儔蝮?頝舫?,?控??瘞貉?22??120.6072,23.4384,憭批???瘞貉??-摰文?,?控??160,?瘚??剜偶蝡?05-2931013,??????
1723,?儔蝮?頝舫?,閫詨??14?啗孛????120.6072,23.4384,樴撖?摰文?,閫詨??265,?,?梁?撅?05-2591322 05-2593352,??????
1724,?儔蝮?摮?,撏???撏?24??120.2368,23.4389,撏?瘣餃?銝剖?,撏???敺姘??摰???25,瘞渡,????05-3795102-92,??????
1725,?儔蝮?葉??,?????????圈???0-6??120.5468,23.439,??蝷曉?瘣餃?銝剖?,????30,?瘚??喲???05-2693667,??????
1726,?梯蝮??皞芷?,撏控??1??2??121.3443,23.4391,撏控??,撏控??撅望?,100,"瘞渡,?瘚?,???03-8841350,??????
1727,?梯蝮??皞芷?,撏控??1??1-1??121.3438,23.4393,撏控蝷曉?瘣餃?銝剖?,撏控??50,?瘚??賡??03-8841362,??????
1728,?儔蝮?葉??,???????葉?航楝305撌?46??120.4516,23.4394,??蝷曉?瘣餃?銝剖?,????30,?瘚??剝脩,05-2536761,??????
1729,?儔蝮?葉??,????????4??120.5068,23.4401,?蝷曉?瘣餃?銝剖?,???30,?瘚??喳迤??05-2362981,??????
1730,?儔蝮?云靽?,摰???靽∠儔鈭楝1??120.3404,23.4402,瘞豢擃葉[摰文?],摰???70,瘞渡,?曹?雿喳熄????928790668,??????
1731,?儔蝮?頝舫?,?祉???芾楝??唳?6??4-1??120.6382,23.441,?祉蝷曉?瘣餃?銝剖?,?祉??35,?瘚?????05-2308662,??????
1732,?儔蝮?葉??,??????4?啣?42-18??120.4742,23.4427,?蝷曉?瘣餃?銝剖?,???30,?瘚?????05-2305520,??????
1733,?儔蝮?葉??,???????葉撅勗?撠?,120.4536,23.4428,??蝷曉?瘣餃?銝剖?,????50,?瘚?????05-2534788,??????
1734,?儔撣正?,皝??皝??扯楝741??120.44156,23.44316,?儔撣??曄???,皝??150,"瘞渡,?,?瘚?,暺縑銵?05-2365669#110,??????
1735,?儔蝮?偌銝?,憭批???111??120.3584,23.4434,憭批???-摰文?,憭批???1000,?,蝮賢?銝颱遙鞈?,05-3711381,??????
1736,?儔蝮?葉??,蝢拐???蝢拐???隞?17????120.529,23.4443,蝢拐?蝷曉?瘣餃?銝剖?,蝢拐???30,?瘚??單???05-2535638,??????
1737,?儔蝮?云靽?,?亦???1????120.3299,23.4446,?亦?蝷曉?瘣餃?銝剖?,?亦???70,瘞渡,?⊿???912750097,??????
1738,?儔蝮?葉??,??????3?唬葉?航楝630撌?3-3??120.459,23.4447,銝??砍?瘣餃?銝剖?,???30,?瘚?????05-2305520,??????
1739,?儔蝮?葉??,鋆????喲??7銋?,120.4958,23.4456,憭扳???-摰文?,鋆???50,?,暺???05-2531561,??????
1740,?儔蝮?葉??,????22??120.4958,23.4456,銝剖控?? 摰文?,????100,?,暺?蝬?05-253123113,??????
1741,?儔蝮?葉??,??蔬????蔬?恥摨?5??5-7??120.4597,23.4457,??蔬蝷曉?瘣餃?銝剖?,??蔬??30,?瘚?擃?鞎?05-2533217,??????
1742,?儔蝮?頝舫?,閫詨??18?唳??曹?頝?撌???120.582035,23.448022,?嘀蝷曉?瘣餃?銝剖?,閫詨??100,?,璆???972310037,??????
1743,?儔蝮??喲?,瘣脖???4??4-1??120.1945,23.4513,瘣脖?隞?予摨?"瘣脖?,?蔬",300,瘞渡,?喳?甈?05-3706841,??????
1744,?儔蝮?葉??,????控?25??120.4632,23.4521,???-摰文?,?????剜????嗆?,1200,?,??瞍?05-2394042#40,??????
1745,?儔蝮?葉??,????????摨?6??120.463166,23.452229,???蝬??恕-摰文,???????100,?瘚??單??05-2304511,??????
1746,?儔蝮??控??????52??120.7494,23.4531,???暑?葉敹?????20,瘞渡,瞏???05-2511080,??????
1747,?儔蝮??控?????1????120.749376,23.453204,???摰文,???50,"瘞渡,?",????05-251101704,??????
1748,?儔蝮?偌銝?,銝祚??3?圈曾皞芸祚23??120.413159,23.453319,暾踵漯撖格暑?葉敹?銝祚??15,瘞渡,?凳鈭??∪?瘝?978632516,??????
1749,?儔蝮?葉??,撖??撖????23-60??120.4712,23.4537,???蝷曉?瘣餃?銝剖?,撖???剜????行?,50,?瘚?閰寞?蝘?05-2396811,??????
1750,?儔蝮?摮?,憭折???560??120.2612,23.4539,憭折???[摰文?],憭折??之???蔔蝳暸?,200,?,?喟?蝢賣??05-3792952,??????
1751,?儔蝮?頝舫?,瘞???4??2??120.5879,23.4539,瘞?蝷曉?瘣餃?銝剖?,瘞???62,"瘞渡,?,?瘚?,?∪?甇?05-2594596,??????
1752,?儔蝮?偌銝?,銝???璁桀頝?00??120.4098,23.4544,????-摰文?,銝???600,?,蝮賢?銝颱遙蝧?蝘?05-2356941,??????
1753,?儔蝮?云靽?,憭芯???3??50??120.3293,23.4548,蝳?摰?憭芯?撣?80,?,????3711062,??????
1754,?儔蝮?云靽?,憭芯???36??120.329264,23.454862,憭芯??葉[摰文?],?砍???,600,,?凋縑樴熄????931560712,??????
1755,?儔蝮?云靽?,?啣偏??2?啁撠?5??120.3316,23.455,?啣偏蝷曉?瘣餃?銝剖?,?啣偏??50,瘞渡,?唾正摨?939198263,??????
1756,?儔蝮?云靽?,憭芯???31??120.3316,23.455,憭芯???[摰文?],?砍???,500,?,?臬??蜇?蜓隞?05-3711015#113,??????
1757,?梯蝮???,?交??75-1??121.3967,23.455,?交蝷曉?瘣餃?銝剖?,?交??35,"瘞渡,?瘚?,?喲?撱?03-8875453,??????
1758,?儔蝮?云靽?,敺蔬??294??120.3443,23.4553,敺蔬蝷曉??澆???,皜臬偏??50,瘞渡,?單???912185219,??????
1759,?儔蝮?偌銝?,撖砍ㄚ??撏???36銋???120.4291,23.4555,憟予摰格??砍?,撖砍ㄚ??180,瘞渡,鞈湧?????932838206,??????
1760,?儔撣?,????皞芾?銵?8銋???120.4566,23.4555,??摰?????150,瘞渡,瘣芯?鞎?05-2393957,??????
1761,?儔蝮?摮?,憭扯???蟡亙?鈭楝镼踵挾9??120.2871,23.4569,蟡亙???[摰文?],憭扯??之??????,200,?,雓蔗?湔??05-3621839,??????
1762,?儔蝮?頝舫?,?啁???6??4??120.5304,23.4576,?啁?蝷曉?瘣餃?銝剖?,?啁???35,"瘞渡,?,?瘚?,?旨??05-2592922,??????
1763,?儔蝮??喲?,?踵邦??151-10??120.1506,23.4582,?梁?犖?熒銝剖?,"?梁,?踵邦",94,瘞渡,?唾???05-3730815,??????
1764,?儔蝮?摮?,憭折???憭?璁?97-3??120.2622,23.4582,憭折?瘣餃?銝剖?,憭折??之?蔔蝳曄???38,瘞渡,瘨兢??05-3795102-86,??????
1765,?儔蝮?云靽?,撏???4??1??120.3111,23.4585,撏?????,撏???20,瘞渡,?振??0912-758280,??????
1766,?儔蝮??喲?,????????2??120.58654,23.458776,??瘣餃?銝剖?,??,80,瘞渡,?滬??05-7811341,??????
1767,?儔蝮??喲?,?梁??3??120.1537,23.4589,?梁??,"?梁???踵邦??,104,瘞渡,?蔔??05-3732201,??????
1768,?儔蝮?云靽?,撏???1??120.3098,23.4589,摰??[摰文],?砍???,30,?,?喳??輻蜇?蜓隞?05-3714068#208,??????
1769,?儔蝮?云靽?,撏???1??120.3098,23.4589,摰??[摰文?],?砍???,600,?,?喳??輻蜇?蜓隞?05-3714068#208,??????
1770,?儔撣?,??????銵?5??120.4552,23.4597,????撠飛,????450,?,畾琿暑??05-2232280,??????
1771,?梯蝮??蝛?,?韌??14?唬葉甇??頝臭?畾?78??121.3536,23.4602,?韌蝷曉?瘣餃?銝剖?,?韌??100,"瘞渡,?瘚?,璆???03-8871755,??????
1772,?儔蝮?云靽?,摰???5?圈?皜臬?憓?0銋???120.3332,23.4603,摰?蝷曉?瘣餃?銝剖?,摰???30,瘞渡,?唾正摨?911326486,??????
1773,?儔撣正?,?楝???唳?頝?55撌???120.44009,23.46073,?楝蝷曉?瘣餃?銝剖?,?楝??40,瘞渡,??鞈??,05-2353356,??????
1774,?儔蝮?摮?,蝡孵???憭批?頝?39??120.2406,23.4609,憭批???[摰文?],蝡孵??偶???撖桅?,300,?,?喃摩蟡亦蜇?蜓隞?05-3792144-18,??????
1775,?儔蝮??喲?,?踵邦??117??120.1543,23.461,?梁??-摰文?,"?梁,?踵邦,??",185,?,???05-3732295,??????
1776,?儔蝮??喲?,?踵邦??117??120.1543,23.461,?梁??-摰文,"?梁,?踵邦,??",247,瘞渡,???05-3732295,??????
1777,?儔蝮?摮?,蝡孵???憭批?頝?45??120.2389,23.4611,?游??葉[摰文?],蝡孵??偶??,400,?,?喲脤??⊿,05-3792201-201,??????
1778,?梯蝮??瞈梢?,?策??64??121.4954,23.4615,?策??憭抒旨???策??0,"瘞渡,?",????03-8781021,??????
1779,?儔蝮??喲?,瘞詨扈??39-2??120.1727,23.4619,?望旨?葉-摰文,"瘞詨扈,銝振,瘚瑕?",37,瘞渡,?喟儔蝳?05-3733803,??????
1780,?儔蝮??喲?,瘞詨扈??39-2??120.1727,23.4619,?望旨?葉-摰文?,"瘞詨扈,銝振,瘚瑕?",481,?,?喟儔蝳?05-3733803,??????
1781,?儔蝮?頝舫?,瘞???2?啣痔隞???120.5953,23.4622,?予撗拍換?脣笑-摰文,瘞???53,?瘚??Ｘ???05-2591114,??????
1782,?儔蝮?頝舫?,?抒???3??8-29??120.5234,23.4625,?抒?蝷曉?瘣餃?銝剖?,?抒???55,"瘞渡,?,?瘚?,??摰?05-2760491,??????
1783,?儔蝮?頝舫?,?抒????豢?3??-1??120.5228,23.4631,?抒???-摰文?,?抒???480,?,????05-2591434,??????
1784,?儔蝮??喲?,皜臬???64??120.2138,23.4638,皜臬???-摰文,"皜臬?,?行",39,瘞渡,?賜??05-3795350,??????
1785,?儔蝮??喲?,皜臬???64??120.2138,23.4638,皜臬???-摰文?,"皜臬?,?行,?蔬,瘣脖?",530,?,?賜??05-3795350,??????
1786,?儔蝮?頝舫?,銝????摨?1??120.5531,23.464,瘞???-摰文?,銝???860,?,撘萇雁??05-2592188#213,??????
1787,?儔蝮?頝舫?,銝????摨?1??120.553073,23.46411,瘞???撠飛-摰文,銝???80,?瘚?撘萇雁??2592188,??????
1788,?儔撣正?,蝳????血?鈭?嚗???璅?120.43538,23.4645,?儔撣正???祆?,镼踹??典?,50,瘞渡,?喃縑摰?05-2840856,??????
1789,?儔蝮?頝舫?,銝???4??01-5??120.554,23.4646,?犖?熒銝剖?,銝???49,?瘚??刻?,05-2590767,??????
1790,?儔蝮?頝舫?,?芾楝??4??4??120.5675,23.4648,?芾楝蝷曉?瘣餃?銝剖?,?芾楝??22,"瘞渡,?,?瘚?,????05-2593861,??????
1791,?儔蝮?頝舫?,銝????摨?0??120.555,23.465,瘞??葉-摰文?,銝???1444,?,瘣芷???05-2591109,??????
1792,?儔蝮?摮?,摰????儔頝?4??120.247,23.4651,?游?撣?,摰???????葉甇???像????34,瘞渡,????05-3701320,??????
1793,?儔撣正?,蝳????頝?1??120.43795,23.46525,????撠飛,蝳???2135,"瘞渡,?,?瘚?瘚瑕,?詨?鈭?",??撌???05-2860885#130,??????
1794,?儔蝮?云靽?,?勗??8?唳?Ｗ祚82??120.3038,23.4658,?勗蝷曉?瘣餃?銝剖?,?勗??30,瘞渡,樴?撌?937307166,??????
1795,?儔蝮?摮?,摰???撅梢楝11??120.2479,23.4666,?游???[摰文?],摰??像??????????葉甇????????????憭拚?,700,?,暺??蜇?蜓隞?05-3792032-106,??????
1796,?梯蝮???,敺瑟郎??5?啗??9??121.4074,23.4669,敺瑟郎??雿?憭??賣暑?葉敹?敺瑟郎??50,"瘞渡,?瘚?,雿旨撖?03-8873161,??????
1797,?儔撣?,?唾???摰?縑銵?82??120.4619,23.4672,????銝剖飛,?唾???800,"瘞渡,?",璇???05-2220113,??????
1798,?儔蝮?姘撏?,獢???7??8??120.6656,23.4674,獢???[摰文],獢???40,"瘞渡,?,?瘚?,????05-2541077,??????
1799,?儔蝮?姘撏?,獢???7??8??120.6656,23.4674,獢???[?嗅?],獢???200,?瘚?????05-2541077,??????
1800,?儔蝮?摮?,摰???撅梢楝6??120.2504,23.4677,?梁?葉[摰文?],摰??像?????,3300,?,暺?頠??05-3792027-210,??????
1801,?儔撣正?,镼踹像????頝???120.42559,23.46814,?控??銝剖飛,镼踹像??605,"瘞渡,?",?⊥????撓,05-2357980-212,??????
1802,?儔蝮??控??銝剜迤??52??120.7014,23.4685,?輸?撅梯?冗?瘣餃?銝剖?,銝剖控?葉甇????50,瘞渡,?∠???05-2679756,??????
1803,?儔蝮??控??璅???1??1??120.701425,23.469062,?輸?撅勗?瘞葉撠飛摰文,璅???100,"瘞渡,?",????05-2561180,??????
1804,?儔蝮?摮?,摰???暺?頝?-2??120.2466,23.4694,?游??予摰??游?撣?27??750,"瘞渡,瘚瑕",暺???05-3796885,??????
1805,?儔撣?,?????平?梯楝311??120.4564,23.4697,??蝷曉?瘣餃?銝剖?,摰祚??35,瘞渡,暺???05-2161589,??????
1806,?儔撣?,?圈???摰?縑銵?66??120.4587,23.4707,摰?縑??撠飛,?圈???445,"瘞渡,?",蝢ㄚ??05-2223904-2931,??????
1807,?儔蝮??喲?,銝振??8??3-3??120.1725,23.4709,銝振蝳?摰?銝振???118,瘞渡,擃?皛?05-3732528,??????
1808,?儔蝮??喲?,銝振??16??120.1744,23.4713,銝???-摰文,銝振??冽?,28,瘞渡,?喃???05-3732634,??????
1809,?儔蝮??喲?,銝振??16??120.1744,23.4713,銝???-摰文?,銝振??冽?,136,?,?喃???05-3732634,??????
1810,?儔蝮??喲?,憛剜葛??170??120.1459,23.4717,憛剜葛??-摰文,"??,憛剜葛",75,瘞渡,暺??05-3732653,??????
1811,?儔蝮??喲?,憛剜葛??170??120.1459,23.4717,憛剜葛??-摰文?,"??,憛剜葛",211,?,暺??05-3732653,??????
1812,?儔蝮??控??璅???69銋???120.713709,23.471777,?惇?質?摨風?,?輸?撅梢??券?,120,"瘞渡,?",皝舫?,05-2562547#170,??????
1813,?儔撣正?,皜臬???脖犖頝?65撌?8??120.41697,23.47179,皜臬蝷曉?瘣餃?銝剖?,皜臬??30,,??撅?2359011,??????
1814,?儔撣正?,撠?????銵?5??120.44563,23.47214,憭批???撠飛,撠???800,?,閮勗?????05-2222114,??????
1815,?儔撣正?,蝢???銝郭頝臬?畾?41??120.43871,23.47228,敹??撠飛,蝢???163,?,閮勗???蝯,05-2857924-612,??????
1816,?儔撣正?,??????頝?05??120.4,23.4723,????撠飛,????3043,"瘞渡,?瘚?瘚瑕,?詨?鈭?",?⊥????05-2853151-212,??????
1817,?儔撣?,????撏?銵?6??120.4547,23.4723,??????,????35,瘞渡,?折???05-2291576,??????
1818,?儔蝮?姘撏?,蝢拙???4?啣控摮?22??120.6703,23.4726,蝢拐???[摰文],蝢拙???20,"瘞渡,?,?瘚?,閮梢?憿?05-2110534嚗?3,??????
1819,?儔蝮?姘撏?,蝢拙???4?啣控摮?22??120.6703,23.4726,蝢拐???[?嗅?],蝢拙???120,?,閮梢?憿?05-2110534嚗?3,??????
1820,?儔蝮?姘撏?,暽踵遛??暽輸陷頝???120.6703,23.4726,暽踵遛??[?嗅?],暽踵遛??300,?,????05-2611472嚗?01,??????
1821,?儔撣正?,皜臬???脖犖頝?11??120.416728,23.47272,?脖犖??撠飛,皜臬??310,"瘞渡,?",璆振鞊?05-2351595-650,??????
1822,?儔撣?,鞊僑????頝?41??120.4528,23.4735,撏???撠飛,鞊僑??650,"瘞渡,?",?冽???05-2222310-1001,??????
1823,?儔蝮?姘撏?,樴控??瘞湧???0??120.586,23.4735,樴控??[摰文],樴控??70,,?剝撖?2612843嚗?3,??????
1824,?儔蝮?姘撏?,樴控??瘞湧???0??120.586,23.4735,樴控??[?嗅?],樴控??800,?,?剝撖?2612843嚗?3,??????
1825,?儔撣正?,?剜葛???脖犖頝?11??120.4068,23.47354,雿?蝷曉?瘣餃?銝剖?,?剜葛??30,瘞渡,擃?隞?2359936,??????
1826,?箸蝮????,鞈???鞈???8?啗??楝474撌???121.027413,23.47397,鞈??暑?葉敹?鞈???50,,??皞?89222054,??????
1827,?儔撣正?,瘞詨???摨瑟?銵?59??120.44037,23.47406,瘞詨?????,瘞詨???30,瘞渡,?∪???2239313,??????
1828,?儔蝮?云靽?,皜臬偏??1????120.3747,23.4745,皜臬偏蝷曉?瘣餃?銝剖?,皜臬偏??100,瘞渡,閰寥脫,983231667,??????
1829,?梯蝮??瞈梢?,皜臬??7??18??121.5043,23.4745,皜臬瘣餃?銝剖?,皜臬??0,"瘞渡,?,?瘚?,?剜?蝘,03-8791450,??????
1830,?儔蝮?頝舫?,憭扳???銝隞???120.6204,23.475,憭扳???-摰文,憭扳???53,?瘚?蝧ㄚ甈?05-2581159,??????
1831,?儔蝮?頝舫?,憭扳???銝隞???120.6204,23.475,憭扳???-摰文?,憭扳???200,?,蝧ㄚ甈?05-2581159,??????
1832,?儔撣?,?剜蔬??撠?頝?19??120.4715,23.4753,?剜蔬??撠飛,?剜蔬??200,?,撘菜???05-2763492-13,??????
1833,?儔蝮?姘撏?,?批?????頝???120.5646,23.4756,?批???[摰文],?批???300,"瘞渡,?,?瘚?,暺縑隤?05-2541005嚗?0,??????
1834,?儔蝮?姘撏?,?批?????頝???120.5646,23.4756,?批???[?嗅?],?批???650,?瘚?暺縑隤?05-2541005嚗?0,??????
1835,?儔撣?,瘞???瘞?頝?89??120.4552,23.476,瘞???撠飛,?梯???????????賡?,190,"瘞渡,?",?梁儔甈?05-2222113-630,??????
1836,?儔撣?,摰平??憭扳平銵?7??120.4552,23.476,憭扳平??銝剖飛,????璆剝?,388,"瘞渡,?",?∟?瘣?05-2223082-13,??????
1837,?儔蝮?頝舫?,瘙正??4????120.5275,23.4764,瘙正蝷曉?瘣餃?銝剖?,瘙正??53,"瘞渡,?,?瘚?,?喟???05-2592868,??????
1838,?儔撣正?,皜臬??憭批?頝?00??120.422306,23.476678,皜臬???砍?,皜臬??1000,"瘞渡,?,?瘚?瘚瑕",?單偶撌?05-2858473,??????
1839,?儔蝮?姘撏?,?賣????賣????啁??2-1??120.6976,23.4774,?賣?蝷曉?瘣餃?銝剖?,?賣???40,?,???05-2770457,??????
1840,?儔撣?,瘞????喲陶?楝184??120.4534,23.4787,?勗???祆?,瘞???30,瘞渡,頞???05-2289019,??????
1841,?儔撣?,?勗???撅曹???49-1??120.4534,23.4787,?儔撣?璉????勗???1000,瘞渡,頞??,05-2754225,??????
1842,?儔撣正?,皜臬???雁頝?3??120.424545,23.47935,皜臬??撠飛,皜臬??420,"瘞渡,?",?喳?鞊?05-2369037-142,??????
1843,?儔撣?,?瑞姘??瘞??梯楝32??120.4814,23.4822,?剜蔬??銝剖飛,?瑞姘??270,"瘞渡,?",瘝旨??05-2773582,??????
1844,?儔蝮?頝舫?,憭扳????芾楝?之皝?10?啁?祚1-1??120.6236,23.4824,憭扳?蝷曉?瘣餃?銝剖?,憭扳???44,?瘚??望??05-2581309,??????
1845,?儔蝮??喲?,?游祚???游祚??9??120.239859,23.482948,?游祚??-摰文?,?游祚??迤蝢?560,?,鞈湔皞蜇?蜓隞?05-3796309,??????
1846,?儔蝮?摮?,?皞芷?,30??120.2778,23.4841,?漯??[摰文?],?漯?漯????噸??????,400,?,?刻???05-3795549-15,??????
1847,?儔撣?,??????銵???120.4873,23.4841,????撠飛,????200,?,璆???05-2768011-130,??????
1848,?儔撣正?,蝡孵???敺瑕?頝?0??120.43241,23.48415,?像??撠飛,蝡孵???274,"瘞渡,?",??鞎?05-2333746-706,??????
1849,?儔蝮?摮?,皞芸???漯??0-2??120.2741,23.4844,?漯??暑?葉敹??漯?漯????噸????63,瘞渡,暺???05-3795102-46,??????
1850,?儔蝮??喲?,樴葛??113??120.177,23.4846,樴葛??-摰文?,"樴葛,?舐?,454,?,撘萇?敹?05-3732671,??????
1851,?儔蝮?云靽?,?啣??214??120.3347,23.4851,?啣??[摰文?],?砍???,700,?,鞈游??蜇?蜓隞?05-3611705,??????
1852,?儔蝮?姘撏?,?????387撌?8??120.5578,23.4853,????[摰文],?????100,瘞渡,?∠?蝢?05-2790508嚗?01,??????
1853,?儔蝮?姘撏?,?????387撌?8??120.5578,23.4853,????[?嗅?],?????600,?,?∠?蝢?05-2790508嚗?01,??????
1854,?儔蝮?云靽?,?啣??5??14-12??120.3348,23.4859,?犖?熒銝剖?,?啣??100,瘞渡,?⊿???05-3711106#151,??????
1855,?儔撣?,???鈭?銵?19??120.4679,23.4867,?????,???50,瘞渡,?喃???05-2788493,??????
1856,?儔蝮?姘撏?,敺拚???敺拚??儔曌?59-1??120.5152,23.4867,敺拚?蝷曉?瘣餃?銝剖?,敺拚???30,"瘞渡,?瘚?,??頛?05-2615411,??????
1857,?儔蝮?姘撏?,樴控??樴控??4?啣之摨?3??120.5152,23.4867,樴控蝷曉?瘣餃?銝剖?,樴控??50,?,閮望?靽?05-2618345,??????
1858,?儔蝮?姘撏?,???4??0??120.5759,23.4869,???[摰文],???50,"瘞渡,?瘚?,璆???05-2561074,??????
1859,?儔蝮?姘撏?,???4??0??120.5759,23.4869,???[?嗅?],???160,?瘚?璆???05-2561074,??????
1860,?儔撣?,?喲????銵?6??120.4647,23.487,?儔??銝剖飛,?喲???圈?,757,"瘞渡,?",?眼??05-2762625,??????
1861,?儔蝮?云靽?,?日???5?啣暻餉77??120.3872,23.4873,?日?蝷曉?瘣餃?銝剖?,?日???80,瘞渡,?剝?敺?938037358,??????
1862,?儔蝮??喲?,銝???147??120.1965,23.4875,銝市??-摰文,"?市,銝市",63,瘞渡,?⊥偌瘝?05-3601508,??????
1863,?儔蝮??喲?,銝???147??120.1965,23.4875,銝市??-摰文?,?市??璆怒漯銝葛??假曌?469,?,?⊥偌瘝?05-3601508,??????
1864,?儔撣正?,靽???銝郭頝臭?畾?87??120.42788,23.4893,銝郭??撠飛,靽???343,"瘞渡,?",雿??05-2338264,??????
1865,?儔撣?,?啣????ㄝ?梯楝346??120.4666,23.4895,?ㄝ??撠飛,?啣???388,"瘞渡,?",???05-2762063-114,??????
1866,?儔撣?,隞儔??敹?頝?94??120.4532,23.4906,????銝剖飛,皝??姘???摰?????????璁桅???皝??????旨瑼???皝???摨??葉摨???蝢拚?,319,"瘞渡,?",摮怨?敹?05-2766602-303,??????
1867,?儔蝮?姘撏?,暽踵遛??暽踵遛???圈獄蝞?95-1??120.5067,23.4907,暽踵遛蝷曉?瘣餃?銝剖?,暽踵遛??50,?瘚??溶撅?05-2615579,??????
1868,?梯蝮??蝛?,????隞?頝?09??121.3904,23.4909,???撖??券?,100,"瘞渡,?瘚?,撘菟??03-8875438,??????
1869,?儔撣正?,?啣???樴?銵?7??120.440796,23.490995,?啣?蝷曉?瘣餃?銝剖?,?啣???35,瘞渡,?舫?摰?2815556,??????
1870,?梯蝮??蝛?,曊游瓷??167 ??121.39,23.4913,?梯蝮?韌撗∪?瘞?摮?曊游瓷??100,"瘞渡,?",?∩???03-8872740,??????
1871,?儔撣正?,皝?????頝?22??120.44401,23.49159,????撠飛,皝???210,,?瘥?05-2322863-211,??????
1872,?儔撣?,?喲??蝎曉?銝??銋???120.4768,23.4916,蝎曉?蝷曉?瘣餃?銝剖?,?喲??50,瘞渡,????05-2776068,??????
1873,?儔蝮??控??鞊控??47??120.754,23.4924,鞊控??摰文,鞊控??40,"瘞渡,?",??鞈?05-2661071,??????
1874,?梯蝮??蝛?,???4?唬縑蝢抵楝3??121.394,23.4924,?蝷曉?瘣餃?銝剖?,???30,"瘞渡,?瘚?,暺儔??03-8872559,??????
1875,?儔撣正?,銝???57??120.41256,23.49248,銝蝷曉?瘣餃?銝剖?,銝??35,,????2601326,??????
1876,?儔蝮??控??????16??120.75402,23.492485,????摰文,????80,"瘞渡,?",?縑摰?05-2511087,??????
1877,?儔蝮??喲?,??????88??120.291893,23.493083,???-摰文?,?????晞漯?極撱?320,?,?遣摰蜇?蜓隞?05-3802025#12,??????
1878,?梯蝮??蝛?,????銝剖控頝臭?畾?89??121.3916,23.4931,?梯蝮??蝛?????撠飛,?????舀?,50,"瘞渡,?瘚?,蝪∩???03-8872014,??????
1879,?儔撣?,隞儔????銵?5??120.4551,23.4935,????撠飛,隞儔??230,?,憍???05-2757091#100,??????
1880,?梯蝮??蝛?,????13?唬葉撅梯楝鈭挾387??121.3912,23.4937,??蝷曉?瘣餃?銝剖?,????30,"瘞渡,?瘚?,???03-8871611,??????
1881,?儔蝮??喲?,??????88??120.292893,23.494022,???瘣餃?銝剖?-摰文,?????晞漯?極撱?470,瘞渡,???梁蜇?蜓隞?05-3802025#12,??????
1882,?儔蝮??喲?,??????3??120.290764,23.494055,?瘣餃?銝剖?,?,30,瘞渡,???05-3800132,??????
1883,?梯蝮??蝛?,憟???2??0??121.4467,23.4942,憟?蝷曉?瘣餃?銝剖?,憟???20,"瘞渡,?瘚?,?????03-8991001,??????
1884,?儔撣正?,?????冗撠曇楝168??120.42565,23.49452,????撠飛,????430,"瘞渡,?",??擐?05-2371330,??????
1885,?儔蝮?姘撏?,????????1?圈??祚31??120.5413,23.4946,??蝷曉?瘣餃?銝剖?,????10,?瘚?雿??05-2566496,??????
1886,?儔蝮??喲?,皜臬??5??120.1864,23.4949,皜臬摰?皜臬嚗漯銝?敿脤?嚗?皜?100,瘞渡,?剝?瞉斤蜇撟嫣?,05-3601002,??????
1887,?儔撣正?,?????冗撠曇楝166撌?2??120.42663,23.49517,????銝剖飛,????377,"瘞渡,?",?賡尿摰?05-2374673-117,??????
1888,?儔蝮??喲?,???188??5,120.2931,23.4952,?剛?犖?熒銝剖?,??????瘨?240,瘞渡,??摰?05-3801114,??????
1889,?儔蝮?云靽?,璇???10?唳?摮?71-1??120.3867,23.4952,?交?蝷曉?瘣餃?銝剖?,敺蔬??30,?,摰脰瓷,910754374,??????
1890,?儔蝮?云靽?,憭芯???31??120.3867,23.4952,憭芯???[摰文],憭芯???180,?,瘙??,3711015,??????
1891,?梯蝮?璁桅?,蝝???1????121.3446,23.4954,蝝?蝷曉?瘣餃?銝剖?,蝝???50,"瘞渡,?瘚?瘚瑕",?⊥??03-8871426,??????
1892,?儔蝮?云靽?,???10?唬葉撅梯楝銝畾?40??120.3845,23.497,???[摰文],?砍???,187,?,撘菜澈靽極??05-2373005#9,??????
1893,?儔蝮?云靽?,???10?唬葉撅梯楝銝畾?40??120.3845,23.497,???[摰文?],?砍???,800,?,撘菜澈靽極??05-2373005#9,??????
1894,?梯蝮??蝛?,???????楝18??121.3759,23.4982,?梯蝮??????銝剖飛,?券?,200,"瘞渡,?瘚?,鞈湔蝧?03-8873111,??????
1895,?儔蝮?姘撏?,銝剖???憟株絲皝?15??120.5344,23.4988,銝剖???[摰文],銝剖???20,"瘞渡,?,?瘚?,?剜???05-2561013,??????
1896,?儔蝮?姘撏?,銝剖???憟株絲皝?15??120.5344,23.4988,銝剖???[?嗅?],銝剖???100,?,?剜???05-2561013,??????
1897,?儔蝮?姘撏?,瘝???8?唳偌??7銋???120.5344,23.4988,瘝???[?嗅?],瘝???200,?瘚?蝧???2611244,??????
1898,?儔撣?,????蝢拇?銵?42撌?0??120.4577,23.4991,??蝷曉?瘣餃?銝剖?,???儔??,30,瘞渡,?予??05-2765298,??????
1899,?儔蝮?云靽?,???4?唬??楝25??120.3857,23.4992,瘞渡??冗?瘣餃?銝剖?,???100,瘞渡,敺???934335520,??????
1900,?儔蝮?云靽?,????4?圈?皞?6-5??120.3599,23.4996,??蝷曉?瘣餃?銝剖?,????70,瘞渡,?喲?蝯?929359632,??????
1901,?梯蝮??蝛?,?孕??4?啁孕?楝鈭挾127??121.3588,23.4998,?孕蝷曉?瘣餃?銝剖?,?孕??30,"瘞渡,?瘚?,暺揮摨?03-8876570,??????
1902,?梯蝮??蝛?,????14?唳???41??121.3787,23.4998,??蝷曉?瘣餃?銝剖?,????30,"瘞渡,?瘚?,?唾敺?03-8872964,??????
1903,?儔蝮??喲?,?????15????120.312561,23.499803,????-摰文?,???,930,?,??瘥蜇?蜓隞?05-3802306,??????
1904,?儔蝮?云靽?,暻餃祚??13?唬葉撅梯楝鈭挾250??120.3682,23.4999,暻餃祚?斗摰桅???,暻餃祚??70,瘞渡,?勗???2379795,??????
1905,?儔蝮?云靽?,???17?唬葉?楝銝畾?50??120.378286,23.500064,??葉[摰文?],?砍???,600,,?單溶??????05-2373029#122,??????
1906,?儔撣?,敺???靽儔頝?0撌?0??120.4537,23.5011,敺?蝷曉?瘣餃?銝剖?,敺???25,瘞渡,?剛??05-2766605,??????
1907,?儔蝮?姘撏?,暽踵遛??暽踵遛?嘀曈渲楝2??120.6983,23.5015,暽踵遛??[摰文],暽踵遛??60,?,????05-2611472,??????
1908,?儔蝮??喲?,???璅嫣?頝???120.292165,23.501676,?剖??葉蝳桀?-摰文,憛葦??蝢押蔬憓?90,瘞渡,閮梢?銝?蝮賢?銝颱遙,05-3801215,??????
1909,?儔蝮??喲?,???璅嫣?頝???120.292165,23.501676,?剖??葉-摰文?,憛葦??蝢押蔬憓?3000,?,閮梢?銝?蝮賢?銝颱遙,05-380121511,??????
1910,?儔蝮?姘撏?,蝡孵?????頝?2??120.5631,23.5023,蝡孵???[?嗅?],蝡孵???950,?瘚?蝧?敹?05-2611018嚗?0,??????
1911,?儔蝮?姘撏?,銝剖???銝剖??幼韏瑟?150??120.5356,23.503,銝剛蝷曉?瘣餃?銝剖?,銝剖???80,?瘚????05-2561336,??????
1912,?儔蝮?姘撏?,蝡孵?????頝?3??120.5129,23.5033,蝡孵?擃葉[?嗅?],蝡孵???500,?瘚?蝢???05-2611006,??????
1913,?梯蝮?ˊ鞊?,鞊ㄐ??銝剖控頝?57??121.3021,23.5034,鞊ㄐ瘣餃?銝剖?,鞊ㄐ??42,"瘞渡,?,?瘚?瘚瑕",?暹??03-8652802,??????
1914,?儔蝮?姘撏?,蝡孵???蝡孵????楝32??120.6951,23.505,蝡孵???[摰文],蝡孵???80,?瘚?蝧?敹?05-2611018,??????
1915,?儔蝮?姘撏?,?批?????頝?38??120.499,23.5069,?像?葉[摰文],?批???20,"瘞渡,?,?瘚?,???05-2541041嚗?2,??????
1916,?儔蝮?姘撏?,?批?????頝?38??120.499,23.5069,?像?葉[?嗅?],?批???950,?,???05-2541041嚗?2,??????
1917,?儔蝮????,憭批???憭批???7-5??120.465,23.5076,憭批??齒?祈??函冗?瘣餃?銝剖?,憭批???60,瘞渡,?典忖??05-2213540,??????
1918,?儔撣?,???29銋???120.4449,23.5086,?蝷曉?瘣餃?銝剖?,???45,瘞渡,?喲?摰?05-2219463,??????
1919,?儔蝮??喲?,?剛???剛??05??120.251814,23.509078,?剛??-摰文,?剛??援撅晞姘?研偶鞈Ｕ?撖?60,瘞渡,?偶?潛蜇?蜓隞?05-3781403,??????
1920,?儔蝮??喲?,?剛???剛??05??120.251814,23.509078,?剛??-摰文?,?剛??援撅晞姘?研偶鞈Ｕ?撖?530,?,?偶??蝮賢?銝颱遙,05-3781403,??????
1921,?儔蝮????,蝳???6??0??120.4259,23.5097,蝳??誨?悅摰文,?,61,瘞渡,璆撖?05-2202519,??????
1922,?儔蝮????,蝳???6??0??120.4259,23.5097,蝳??誨?悅摰文?,蝳???100,?,璆撖?05-2202519,??????
1923,?梯蝮??蝛?,曊游瓷??14??5銋???121.3911,23.5097,曊游瓷蝷曉?瘣餃?銝剖?,曊游瓷??30,"瘞渡,?瘚?,雿敺?03-8873392,??????
1924,?儔蝮????,蝳?????皞?8-3??120.4278,23.5098,蝳?蝷曉?瘣餃?銝剖?,蝳???55,瘞渡,雓窄??05-2215770,??????
1925,?儔蝮?皜舫?,?葛???葛5??8??120.3363,23.51,瘞港?摰桀恕???葛,400,瘞渡,??閮?7811751,??????
1926,?儔蝮????,蝘??,??撠?6??120.4722,23.5117,憭批???-摰文?,蝘??,50,?,?⊥???05-2771596,??????
1927,?儔蝮????,蝘??,蝘????撠?6??120.4722,23.5117,憭批???-摰文,蝘??,50,瘞渡,?⊥???05-2771596,??????
1928,?儔蝮????,蝘??,??撠?8-1??120.4778,23.5139,蝘??颲血?蝷曉?瘣餃?銝剖?,蝘??,112,瘞渡,?喟???05-2215600,??????
1929,?脫?蝮?偌??,?曆葉???曆葉??曇楝213?,120.2297,23.514,?行??,?曆葉??300,"瘞渡,?,?瘚?瘚瑕",璆郎?,05-7841230,??????
1930,?儔蝮????,?????剜?1200??120.4372,23.5142,???齒?祈??函冗?瘣餃?銝剖?,????100,,?箄???2201420,??????
1931,?脫?蝮?偌??,???,?????楝48?,120.2101,23.5145,銝剛???,???＃摨?,100,"瘞渡,?,?瘚?瘚瑕",暺???05-7841064,??????
1932,?儔蝮?皜舫?,摰???摰?46??120.3129,23.5147,摰???摰文,摰???48,瘞渡,??瘙?3772940,??????
1933,?儔蝮?皜舫?,摰???46??120.3129,23.5147,摰???摰文?,摰???100,?,??瘙?3772940,??????
1934,?儔蝮?姘撏?,銝剖????單ㄨ10??1,120.6063,23.5149,銝剛???[摰文],銝剖???30,"瘞渡,?,?瘚?,?唾??05-2561021,??????
1935,?儔蝮?姘撏?,銝剖????單ㄨ10??1,120.6063,23.5149,銝剛???[?嗅?],銝剖???400,?瘚???憟?05-2561021,??????
1936,?儔蝮????,憭批????批?隞?-1??120.4874,23.5155,憭批??葉-摰文?,憭批?????50,?,?喟?憒?05-2774971,??????
1937,?儔蝮????,憭批????批?隞?-1??120.4874,23.5155,憭批??葉-摰文,憭批?????50,瘞渡,?喟?憒?05-2774971,??????
1938,?儔蝮?姘撏?,蝝恍??蝝恍??1?啣之蝡孵?3-2??120.5731,23.5158,蝝恍蝷曉?瘣餃?銝剖?,蝝恍??50,?瘚?????05-2541667,??????
1939,?儔蝮??控??擐???2??1??120.808613,23.516493,擐???摰文,擐???100,"瘞渡,?",暺???05-2679713,??????
1940,?儔蝮?姘撏?,蝡孵???蝡孵??葉甇?楝95??120.5918,23.5184,蝡孵??犖?熒銝剖?,蝡孵???60,?,????05-2611709,??????
1941,?儔蝮????,撅曹葉??撅曹葉78-1??120.4056,23.5194,撅曹葉?齒?祈??函冗?瘣餃?銝剖?,撅曹葉??106,瘞渡,暺???05-2213344,??????
1942,?儔蝮?皜舫?,??????123??120.3517,23.5202,????摰文,?蔬?葉瘣?????500,瘞渡,?喳?撜?3772059,??????
1943,?儔蝮?皜舫?,??????124??120.3517,23.5202,????摰文?,?蔬?葉瘣?????1229,?,?喳?撜?3772059,??????
1944,?儔蝮?姘撏?,蝢拙???蝢拙????啣控摮?23??120.5532,23.5213,蝢拙?蝷曉?瘣餃?銝剖?,蝢拙???30,?,?剖?颲?05-2110959,??????
1945,?儔蝮?姘撏?,蝢拚???蝢拚????啣控?亙?7-1??120.5532,23.5213,蝢拚?蝷曉?瘣餃?銝剖?,蝢拚???30,?瘚???言,05-2541762,??????
1946,?儔蝮?姘撏?,???????啣儔??20??120.5544,23.5214,??暑?葉敹????20,?瘚?璆??05-2611194,??????
1947,?儔蝮?姘撏?,????????7銋???120.5544,23.5214,?蝷曉?瘣餃?銝剖?,???40,?,?剝?瘙?2561117,??????
1948,?儔蝮?姘撏?,?像??6?圈???6??1,120.5544,23.5214,?儔蝮?姘撏??像?摰寞??券?賜鞈??,?像??80,,?脫?,05-2541029,??????
1949,?脫?蝮?偌??,?曉????曉???曇楝1-1?,120.2304,23.5217,?行?葉,?曇正???,500,"瘞渡,?,?瘚?瘚瑕",撘萄??05-7842948,??????
1950,?儔蝮????,?????剜?97??120.438,23.5228,??????,????91,瘞渡,?單旨瘜?05-2213335,??????
1951,?脫?蝮?偌??,?曉????曉???梯楝24??120.2364,23.5235,?舫摰??曆葉???,300,"瘞渡,?,?瘚?瘚瑕",?單??05-7841671,??????
1952,?儔蝮?姘撏?,??????????6?啁璈?72??120.5064,23.5242,???蝷曉?瘣餃?銝剖?,?????60,?瘚??游?摰?989898623,??????
1953,?脫?蝮?皝?,瘞港???152??120.179136,23.524732,瘞港?瘣餃?銝剖?,瘞港???100,瘞渡,????05-7906801,??????
1954,?儔蝮????,蝳????啁?銝銵???120.4487,23.5263,蝳??齒?祈??函冗?瘣餃?銝剖?,蝳???湧???雿輻,128,瘞渡,雿???05-2201835,??????
1955,?儔蝮????,?葉??瘙?摨?0??120.42,23.5266,?葉??-摰文?,?葉??150,?,撘菜?憿?05-2214725,??????
1956,?儔蝮????,?葉??瘙?摨?0??120.42,23.5266,?葉??-摰文,?葉??150,瘞渡,撘菜?憿?05-2214725,??????
1957,?梯蝮??蝛?,????4?啁孕?楝銝畾?4銋???121.3765,23.5267,??蝷曉?瘣餃?銝剖?,????30,"瘞渡,?瘚?,??敹?03-8871754,??????
1958,?儔蝮????,?葉??瘙?摨?9-4??120.4206,23.5273,?葉?齒?祈??函冗?瘣餃?銝剖?,?葉??湧???雿輻,128,瘞渡,皜貊???05-2213914,??????
1959,?儔蝮?姘撏?,蝡孵???蝡孵????楝23??120.5694,23.5281,蝡孵?擃葉[摰文],蝡孵???樴控??100,?瘚?蝢???05-2611006,??????
1960,?儔蝮????,蝳?????鈭?191??120.452072,23.528949,蝳????恕,蝳???100,"瘞渡,?瘚?,???05-2206112,??????
1961,?儔蝮????,蝳?????鈭?191??120.452072,23.528949,蝳????,蝳???200,?,???05-2206112,??????
1962,?儔蝮?姘撏?,瘝???瘝????唳偌??6銋???120.5196,23.5293,瘝?蝷曉?瘣餃?銝剖?,瘝???20,?瘚??剝???05-2612178,??????
1963,?儔蝮??控??璅???56??120.74,23.5296,璅??冗?瘣餃?銝剖?,璅???50,瘞渡,隡?甈?05-2561025,??????
1964,?儔蝮??控??靘???4??1??120.740007,23.529713,靘???摰文,靘???50,瘞渡,?單?敺?05-2661232,??????
1965,?儔蝮?姘撏?,?????????啗迂??銋???120.5206,23.5303,??蝷曉?瘣餃?銝剖?,????80,?,????05-2110569,??????
1966,?脫?蝮?皝?,皝??30??120.164704,23.530488,????皝?,皝??150,瘞渡,敺?撜?05-7906930,??????
1967,?儔蝮????,?????摮?9-4??120.4564,23.5333,???齒?祈??函冗?瘣餃?銝剖?,????82,瘞渡,????05-2214217,??????
1968,?儔蝮????,????3?啣??Ｗ?17??120.4571,23.5341,蝘??撠◢?冽?摰扎???????200,瘞渡,鞈渲蟡?05-2215690,??????
1969,?儔蝮????,?蝳?,7??0??120.4424,23.5344,?蝳?颲血?蝷曉?瘣餃?銝剖?,?蝳?,43,瘞渡,皜貊???05-2215524,??????
1970,?儔蝮????,銝剖亢???唬葉憭?7??120.4051,23.5357,銝剖亢?齒?祈??函冗?瘣餃?銝剖?,銝剖亢??67,瘞渡,憪???05-2263621,??????
1971,?脫?蝮?皝?,敺???8??10??120.195009,23.536117,敺?蝷曉?瘣餃?銝剖?,敺???200,瘞渡,??瘞?05-7906007,??????
1972,?儔蝮????,????暾冽? 47-7??120.4201,23.5374,???齒?祈??函冗?瘣餃?銝剖?,????72,瘞渡,雓窄??05-2264962,??????
1973,?脫?蝮?偌??,皞芸???皞芸??漯憓?41??120.2654,23.5379,????,皞芸???150,"?,?瘚?,憿?皝?05-7853932,??????
1974,?脫?蝮?偌??,撅梯??撅梯???梯楝1?,120.2248,23.5392,?迤??,撅梯??舀?,300,"瘞渡,?,?瘚?瘚瑕",撘萇?暻?05-7841051,??????
1975,?儔蝮??撅梢?,????撟潸???5??120.6742,23.5393,??蝷曉?瘣餃?銝剖?,????50,瘞渡,?⊥???05-2501413,??????
1976,?儔蝮??撅梢?,????112??120.665,23.54,????[摰文?],????100,?,?剜頠?05-2501020,??????
1977,?儔蝮????,?曉控??4??3??120.4761,23.5401,?曉控?齒?祈??函冗?瘣餃?銝剖?,?曉控??26,瘞渡,雿???05-2721533,??????
1978,?儔蝮??喲?,?剜????剜???1??120.293455,23.540259,?剔???-摰文?,?剜??葛蝢?蝢?620,?,暺郎??蝮賢?銝颱遙,05-7812708,??????
1979,?儔蝮????,?曉控???曉??43-1??120.4751,23.5403,?曉控??-摰文?,?曉控??100,?,??憒?05-2721831,??????
1980,?儔蝮????,?曉控???曉???3銋???120.4751,23.5403,?曉控??3璅???恕?璇??曉控??150,瘞渡,??憒?05-2721831-201,??????
1981,?儔蝮??撅梢?,憭芾???憭芾?5??120.6345,23.5415,憭芾?蝷曉?瘣餃?銝剖?,憭芾???50,瘞渡,憿遣??05-2571650,??????
1982,?脫?蝮?皝?,璇批?????頝?00??120.189714,23.54171,????,璇批???瘞港???100,瘞渡,????05-7907189,??????
1983,?儔蝮??撅梢?,憭芾???4??120.6216,23.5423,憭芾???[摰文?],憭芾???150,?,????05-2571087,??????
1984,?儔蝮??喲?,?剜????剜???1??120.2867,23.5431,?剔???-摰文,?剜??葛蝢?蝢?60,瘞渡,暺郎?蜇?蜓隞?05-7812708,??????
1985,?儔蝮????,镼踵???蝡孵???-2??120.3831,23.544,镼踵??齒?祈??函冗?瘣餃?銝剖?,镼踵???96,瘞渡,蝧迤甈?05-2266645,??????
1986,?脫?蝮?皝?,璇批?????頝?6銋???120.190082,23.544428,璇批?蝷曉?瘣餃?銝剖?,璇批???璇批???80,瘞渡,?遣摰?05-7905649,??????
1987,?儔蝮????,撟喳????15-2??120.3933,23.5451,撟喳??齒?祈??函冗?瘣餃?銝剖?,撟喳???37,瘞渡,憪???05-2264894,??????
1988,?脫?蝮?皝?,璇批?????頝???120.189073,23.545737,摰╡?葉,璇批???500,瘞渡,?剜隞?05-7907254,??????
1989,?脫?蝮?皝?,璇批???敺抵?頝?75-6??120.19025,23.548496,璇批?蝷曉?瘣餃?銝剖?,璇批???100,"瘞渡,?",雿飛??05-7905809,??????
1990,?儔蝮????,銝剖???蝷暹?38-1??120.4129,23.5493,銝剖??齒?祈??函冗?瘣餃?銝剖?,銝剖???86,瘞渡,????05-2265559,??????
1991,?儔蝮????,?望????勗皝?74??120.4406,23.5503,?望??齒?祈??函冗?瘣餃?銝剖?,?望???97,瘞渡,?喟?蝝?05-2266573,??????
1992,?儔蝮??撅梢?,摰????踹?撖???120.5781,23.5527,摰???[摰文?],摰???150,?,?喟???05-2621404,??????
1993,?儔蝮?皜舫?,摰桀????斗?銵?2??120.3505,23.5537,????摰文,"摰桀???瘚瑞?",200,瘞渡,?湔鞎?3742172,??????
1994,?儔蝮?皜舫?,摰桀????斗?銵?2??120.3505,23.5537,????摰文?,"摰桀???瘚瑞?",400,?,?湔鞎?3742172,??????
1995,??蝮?縑蝢拚?,?勗?????撌???120.927346,23.554004,?勗??箇?瑁????勗?????150,"瘞渡,?,?瘚?,隡?靽??批葦,049-2701402,??????
1996,?儔蝮????,銝剜???瘞?頝?3??120.4294,23.5551,瘞???-摰文?,銝剜???300,?,摰?曀?05-2262022-51,??????
1997,?儔蝮????,銝剜???瘞?頝?3??120.4294,23.5551,瘞???-摰文,銝剜???469,瘞渡,摰?曀?05-2262022-51,??????
1998,?脫?蝮?皝?,????89??120.161817,23.555266,摰?摰格暑?葉敹?????100,,?啣???05-7972691,??????
1999,?儔蝮?皜舫?,蝳噸???駁頝?05??120.345,23.5557,?唳葛??摰文,蝳噸??850,瘞渡,瘝?鞎?3742039,??????
2000,?儔蝮?皜舫?,蝳噸???駁頝?05??120.345,23.5557,?唳葛??摰文?,蝳噸??1000,?,瘝?鞎?3742039,??????
2001,?儔蝮????,??????137-1??120.3987,23.556,???齒?祈??函冗?瘣餃?銝剖?,????86,瘞渡,蝧迤甈?05-2268694,??????
2002,?儔蝮????,銝????喳?撖?7??120.4767,23.5569,銝??齒?祈??函冗?瘣餃?銝剖?,銝???124,瘞渡,?單迤??05-2720137,??????
2003,?脫?蝮??皜舫,?嗆????嗆?76??120.285,23.557,???,?嗆?.瘞游?,100,"瘞渡,?",暺?頛?05-7832904,??????
2004,?儔蝮????,?望旨??銝剖?130??120.4346,23.5571,?望旨?齒?祈??典?蝢拍腦?瑕ˊ?尹,?望旨??109,瘞渡,?喟?蝝?05-2064739,??????
2005,?儔蝮??撅梢?,??????璅?2??120.6674,23.5572,?陸蝷曉?瘣餃?銝剖?,?陸??50,瘞渡,?單??05-2571185,??????
2006,?儔蝮????,镼踹???镼踹?頝?47??120.4207,23.5574,瘞??葉-摰文?,镼踹???170,?,雿鞊?05-2060578,??????
2007,?儔蝮????,镼踹???镼踹?頝?47??120.4207,23.5574,瘞??葉-摰文,镼踹???187,瘞渡,雿鞊?05-2060578,??????
2008,?儔蝮??喲?,撏??撏??22??120.303813,23.55746,????-摰文,撏,60,瘞渡,撘萄?隤?蝮賢?銝颱遙,05-7811429,??????
2009,?儔蝮??喲?,撏??122??120.303813,23.55746,????-摰文?,撏,670,?,撘萄?隤蜇?蜓隞?57811429,??????
2010,?儔蝮????,????105??120.4349,23.5576,?望旨??-摰文?,?望旨??200,?,?慰??05-2262076,??????
2011,?儔蝮????,????105??120.4349,23.5576,?望旨??-摰文,?望旨????200,瘞渡,?慰??05-2262076,??????
2012,?儔蝮????,銝????喳?撖?5??120.4819,23.5578,銝???-摰文?,銝???150,?,暺?撘?05-2720042,??????
2013,?儔蝮????,銝????喳?撖?5??120.4819,23.5578,銝???-摰文,銝???200,瘞渡,暺?撘?05-2720042,??????
2014,?儔蝮??撅梢?,憭批???憭扯???5??120.5543,23.558,憭批???[摰文?],憭批???150,?,瘙噸撌?05-2621253,??????
2015,?儔蝮?皜舫?,蝳噸??蝳噸頝?06??120.3438,23.5584,?唳葛?葉摰文,蝳噸??760,瘞渡,撘萄振蝣?3742024,??????
2016,?儔蝮?皜舫?,蝳噸??蝳噸頝?06??120.3438,23.5584,?唳葛?葉摰文?,蝳噸??1000,?,撘萄振蝣?3742024,??????
2017,?儔蝮????,????????30-3??120.397377,23.558682,????鈭?瘣餃?銝剖?,????90,瘞渡,雿???05-2262581,??????
2018,?儔蝮????,????????30-3??120.397377,23.558682,?????,????99,?,雿???05-2262581,??????
2019,?脫?蝮?偌??,憭批控??憭批控?之撅梯楝6??120.2229,23.5603,撠控??,撠控?之撅望?????100,"瘞渡,?,?瘚?瘚瑕",?摰?05-7851756,??????
2020,??蝮?縑蝢拚?,????憭芸像撌?7-1??120.874626,23.560392,獢?瘣餃?銝剖?,????獢?蝷曉?,150,"瘞渡,?,?瘚?,撘菟脩? ????049-2700070,??????
2021,?儔蝮?皜舫?,摰桀?????頝???120.349,23.5604,??擃葉摰文,摰桀???600,瘞渡,撱??,3747060,??????
2022,?儔蝮?皜舫?,摰桀?????頝???120.349,23.5604,??擃葉摰文?,摰桀???1000,?,撱??,3747060,??????
2023,??蝮?縑蝢拚?,?芸撥??蝬?撌?3??120.874414,23.560495,?扯?????,?芸撥??-5??300,"瘞渡,?,?瘚?,?函雿?049-2791005,??????
2024,?儔蝮??撅梢?,憭芸像??憭批4??120.6069,23.561,憭芸像蝷曉?瘣餃?銝剖?,憭芸像??50,?瘚?憿遣閰?05-2571145,??????
2025,?儔蝮??撅梢?,憭芸像??憭批4??120.6069,23.561,憭芸像??[摰文?],憭芸像??200,?,?喲???05-2571004,??????
2026,?儔蝮????,鞊??憟賣148-1??120.4506,23.5613,鞊?齒?祈??函冗?瘣餃?銝剖?,鞊??91,瘞渡,?單迤??05-2265862,??????
2027,??蝮?縑蝢拚?,?勗???擃像撌?8??120.926763,23.561753,?勗??箇?瑁????勗???-3??150,"瘞渡,?,?瘚?,?刻撖??批葦,049-2701241,??????
2028,?儔蝮?皜舫?,?葛??5?啗??葛59??120.308799,23.561845,瘞港?摰桀恕憭?皞芸???2000,?,??閮?7811751,??????
2029,?儔蝮????,?梯?????撖?8-1??120.4984,23.5619,?梯??齒?祈??函冗?瘣餃?銝剖?,?梯???64,瘞渡,雿???05-2721273,??????
2030,??蝮?縑蝢拚?,?勗?????撌?3??120.927292,23.561911,?勗???,?勗?????15,"瘞渡,?,?瘚?,瘣芣皛??⊿,049-2701340,??????
2031,?儔蝮?皜舫?,皞芸???皞芸?65??120.3143,23.5622,?剛?摰桀恕憭?皞芸???500,?,瘙面??3771680,??????
2032,?儔蝮?皜舫?,皞芸???皞芸?65??120.3143,23.5622,?剛?摰桀恕??皞芸???500,瘞渡,瘙面??3771680,??????
2033,?儔蝮?皜舫?,?斗????斗?161??120.3491,23.5623,?斗???摰文,?斗???120,瘞渡,????3742154,??????
2034,?儔蝮?皜舫?,?斗????斗?161??120.3491,23.5623,?斗???摰文?,?斗???1000,?,????3742154,??????
2035,?脫?蝮?皝?,?啣????啗?頝?30??120.142412,23.562312,?啗???,?啣???400,瘞渡,暺?頛?05-7971494,??????
2036,?儔蝮????,蝳???蝳?26??120.4128,23.5626,蝳??齒?祈??函冗?瘣餃?銝剖?,蝳???31,瘞渡,?剜?擐?05-2262701,??????
2037,?儔蝮??撅梢?,蝣扳????撠箏飯9-1??120.6248,23.5647,蝣扳?蝷曉?瘣餃?銝剖?,蝣扳???50,瘞渡,?喟?隞?05-2571174,??????
2038,?脫?蝮??皜舫,????瘞?頝?02??120.2992,23.5657,?葛?葉,??.镼踹.隞?.憭批?,300,"瘞渡,?",璇??05-7832022,??????
2039,?脫?蝮?偌??,憭扳???憭扳??之皞楝1?,120.2105,23.5663,憭扯???,憭扳???300,"?,?瘚?,?喳膝??05-7851300,??????
2040,瞉?蝮?收?砍?,镼輯???镼輯???4??119.5724,23.5665,镼輯?蝷曉?瘣餃?銝剖?,镼輯???80,"瘞渡,?,瘚瑕",??敹?06-9276686,??????
2041,?脫?蝮??皜舫,??????頝?9??120.301,23.5665,???,蝢拇?.銝剖?.?望旨.鞈?,500,"瘞渡,?",瘣芷甈?05-7832106,??????
2042,??蝮?縑蝢拚?,?勗?????撌?8??120.917077,23.566583,?勗?瘣餃?銝剖?,?勗?????600,"瘞渡,?,?瘚?,?寞??????049-2702915,??????
2043,?脫?蝮?皝?,?葛??119??120.192722,23.567432,?????葛?,?葛??300,瘞渡,雓?摮?05-7892183,??????
2044,?儔蝮????,????撏???5-1??120.4379,23.5679,???齒?祈??函冗?瘣餃?銝剖?,????40,瘞渡,雓蔗??05-2263748,??????
2045,瞉?蝮?收?砍?,獢控??瞉?蝮?收?砍?憭扯郭銵?60??119.5658,23.568,?極?脫?銝剖?,獢控??100,"瘞渡,?,瘚瑕",????06-9212680,??????
2046,?脫?蝮??皜舫,??????頝?5??120.305,23.568,?予摰桀??之璅??梢??瘞?胯??擗?1000,"瘞渡,?",???,05-7832055,??????
2047,?梯蝮??瞈梢?,鞊膨??16?啗???9銋???121.4859,23.5681,?恍?????????鞊膨???刻,0,"瘞渡,?",?喳噸??03-8791653,??????
2048,瞉?蝮?收?砍?,????????29??119.581,23.5702,?????恕,????隞?,300,"瘞渡,?,瘚瑕",雓?隞?06-9211443,??????
2049,瞉?蝮?收?砍?,镼輯???瞉?蝮?收?砍??剖?頝?00??119.5665,23.5704,瞉?蝘?憭批飛摮貊?瘣餃?銝剖?,镼輯? ?,400,"瘞渡,?,瘚瑕",?暹揪蝝?,06-9272977,??????
2050,?儔蝮????,撖桅????祚59-3??120.4269,23.5709,撖桅?????,撖桅???15,瘞渡,?剜?擐?05-2268641,??????
2051,瞉?蝮?收?砍?,?萇????萇???-5??119.5805,23.5715,?萇?蝷曉?瘣餃?銝剖?,?萇???230,"瘞渡,?,瘚瑕",閮望???06-9951011,??????
2052,瞉?蝮?收?砍?,镼踵????飛頝?21??119.569,23.5725,?噫??擃擗?镼踵???190,"瘞渡,?,瘚瑕",?喟?敹?06-9212412,??????
2053,?脫?蝮?偌??,瘞游???瘞游??偌?楝104??120.2474,23.5728,瘞湔??葉,???絲??,500,"瘞渡,?,?瘚?瘚瑕",摮急?撅?05-7852618,??????
2054,?脫?蝮?偌??,瘞游???瘞游??偌?楝6??120.2469,23.573,瘞渡??撠?敺祚?偌??,300,"瘞渡,?,?瘚?瘚瑕",?∪兢隡?05-7852845,??????
2055,?脫?蝮?偌??,瘞游???瘞游??偌?楝12?,120.246,23.5732,瘞湔???,瘞游??偌??,100,"瘞渡,?瘚?瘚瑕",?剖???05-7850001,??????
2056,瞉?蝮?收?砍?,??????01??119.5697,23.5736,銝剜迤?葉擃擗??????,300,"瘞渡,?,瘚瑕",????06-9211137#40,??????
2057,瞉?蝮?收?砍?,撅望偌??撅望偌??40??119.5817,23.5739,撅望偌??瘣餃?銝剖?,?萇??控瘞氬?皜舫?,500,"瘞渡,?,瘚瑕",?喟?銝?06-9951004,??????
2058,瞉?蝮??镼輸?,皝正??皝正??3-1??119.6496,23.5739,皝正?葉瘣餃?銝剖?,皝正???晞??箝??,300,瘚瑕,????06-9921929#28,??????
2059,?脫?蝮??皜舫,?臬???憭批?頝?68??120.2956,23.5741,撱箏??葉,?儔.?臬?,500,"瘞渡,?",????05-7832724,??????
2060,?梯蝮??蝛?,撖???2?唬葉甇?楝銝畾?08銋???121.3745,23.5743,撖?蝷曉?瘣餃?銝剖?,撖???30,"瘞渡,?瘚?,?郭??03-8811149,??????
2061,?脫?蝮?皝?,皜舀??瘞蜓頝?5??120.154157,23.574448,????,皜舀??100,瘞渡,瘣芯蔗??05-7971188,??????
2062,?脫?蝮??皜舫,璅寡??憭批?頝?47??120.2889,23.5748,撌其犖銝剖飛,璅寡,200,"瘞渡,?",?控蝡?05-7835937,??????
2063,瞉?蝮?收?砍?,?梯????梯???70??119.5746,23.5749,?梯???瘣餃?銝剖?,摰???310,"瘞渡,?,瘚瑕",????06-9213239,??????
2064,?脫?蝮?皝?,?萄祚??撏?頝臭?畾?85??120.176942,23.575009,撏???,?萄祚??500,瘞渡,銝???05-7892186,??????
2065,?脫?蝮?皝?,皜航正??瘚瑁?頝?-6??120.148339,23.575309,皜航正?輸?,皜航正??皜舀??50,瘞渡,摮恍??,05-7892001,??????
2066,?脫?蝮?皝?,皜航正??銝?頝???120.147799,23.575331,皜航正樴摰?皜航正??100,瘞渡,?暹?銝?05-7970762,??????
2067,?脫?蝮??皜舫,?啗????劓頝???120.3024,23.576,?葛?桀?,?臬?.?啗?,100,"瘞渡,?",撘萄???05-7836102,??????
2068,?儔蝮????,?桀????澈摮?4-2??120.4498,23.5765,?桀??齒?祈??函冗?瘣餃?銝剖?,?桀???75,瘞渡,雓蔗??05-2262342,??????
2069,?梯蝮?璁桅?,擐祇???1????121.362553,23.576867,擐祇?蝷曉?瘣餃?銝剖?,擐祇???120,"瘞渡,?瘚?瘚瑕",皞怎???03-8811184,??????
2070,?梯蝮?璁桅?,擐祇???2?圈收??9??121.361934,23.576872,擐祇???撠飛,擐祇???200,"瘞渡,?瘚?瘚瑕",皞怎???03-8811184,??????
2071,?脫?蝮?偌??,瘞游???瘞游????楝45??120.2468,23.5769,瘞渡??撠偌??,瘞游??偌???祈???300,"瘞渡,?,?瘚?瘚瑕",?∪兢隡?05-7852610,??????
2072,?儔蝮??撅梢?,樴??樴??-1??120.6171,23.577,樴蝷曉?瘣餃?銝剖?,樴??50,瘞渡,?喟?隞?05-2571201,??????
2073,?儔蝮??撅梢?,?喳???銝?23??120.5901,23.5771,璇??[摰文?],?喳???150,?,?渡???05-2621615,??????
2074,?儔蝮?漯???,?單?????????120.414272,23.577344,?單???摰文?,皞芣??14??1000,?,瘙??脩蜇?蜓隞?05-2691071,??????
2075,?脫?蝮??皜舫,?啗?????頝?0??120.3027,23.5776,?劓??,?臬?.?啗?,1000,"瘞渡,?",?單?隤?05-7832153,??????
2076,?梯蝮??蝛?,撖???10?啣飛憯怨楝31??121.3759,23.5776,撖?蝷曉?瘣餃?銝剖?,撖???30,"瘞渡,?瘚?,?函?璇?03-8811434,??????
2077,?梯蝮??蝛?,撖???9?唬葉甇?楝157??121.3764,23.5778,撖?瘨??,撖???瘞?????,75,"瘞渡,?瘚?,?孵???03-8811885,??????
2078,瞉?蝮?收?砍?,鈭噸??鈭噸??1??119.5737,23.5784,瞉??葉瘣餃?銝剖?,鈭噸???菟?,300,"瘞渡,?,瘚瑕",撘萄???06-9951212#29,??????
2079,?脫?蝮??皜舫,?啗?????頝?6??120.3046,23.5784,?葛擃葉,?臬?,1000,"瘞渡,?",??璅?05-7821411,??????
2080,?脫?蝮??皜舫,璅寡??璅寡?之摨?-1??120.2754,23.5787,璅寡蝷曉?瘣餃?銝剖??,璅寡,200,"瘞渡,?",?賢???05-7821168,??????
2081,?脫?蝮??皜舫,璅寡??璅寡??皞?2-2??120.2737,23.5797,??蝷曉?瘣餃?銝剖?,璅寡,100,"瘞渡,?",?瞍?05-7821926,??????
2082,瞉?蝮?收?砍?,憸冽???憸冽???6??119.5811,23.5799,憸冽???瘣餃?銝剖?,憸冽???200,"瘞渡,?",??敹?06-9951280,??????
2083,?脫?蝮??皜舫,?啗???憭芸像頝?0??120.309,23.5803,?葛颲脣極,?啗?,1000,"瘞渡,?",撱???05-7832246,??????
2084,瞉?蝮??镼輸?,?賢????賢???-3??119.6626,23.5817,?賢?蝷曉?瘣餃?銝剖?,?賢???20,"瘞渡,?,瘚瑕",閮望???06-9921025,??????
2085,?梯蝮??蝛?,撖???13?唳?楝134??121.3877,23.5817,撖?蝷曉?瘣餃?銝剖?,撖???30,"瘞渡,?瘚?,??撌?03-8811414,??????
2086,?脫?蝮?皝?,皝??7?唬葉甇?楝銝畾?12??120.18544,23.582048,??????暹???,皝??雓???50,瘞渡,暺???05-7892040,??????
2087,?脫?蝮?皝?,皝??銝剜迤頝臭?畾?18??120.185747,23.582642,?????,皝???????50,,暺???05-7892087,??????
2088,瞉?蝮??镼輸?,曌??曌??7??119.6419,23.5828,曌蝷曉?瘣餃?銝剖?,曌?迂摰嗚?單?,55,"瘞渡,?",瘣芣???06-9213709,??????
2089,?儔蝮??撅梢?,璇???銝剖控頝?8銋???120.5585,23.583,璇控??[摰文?],璇???300,?,?喟╡??05-2621004,??????
2090,瞉?蝮?收?砍?,?葛???葛??33??119.5719,23.5834,?葛?冗?瘣餃?銝剖?,?葛??230,"瘞渡,?,瘚瑕",?∪?皞?06-9950686,??????
2091,瞉?蝮??镼輸?,憭芣郎??憭芣郎??4-1??119.6202,23.584,憭芣郎蝷曉?瘣餃?銝剖?,憭芣郎??20,瘚瑕,甇?瘝?06-9262078,??????
2092,瞉?蝮??镼輸?,瘝葛??瞉?蝮??镼輸?瘝葛??5-1??119.6526,23.584,瘝葛蝷曉?颲脫?瘞暑?葉敹?瘝葛 曌,500,"瘞渡,?,瘚瑕",????06-9921731,??????
2093,瞉?蝮??镼輸?,皝正??瞉?蝮??镼輸?皝正??3銋?1??119.6537,23.5846,皝正??,皝正??皝??100,"瘞渡,?,瘚瑕",瘣芾???06-9921731頧?22,??????
2094,?脫?蝮???,?飯???飯??6??120.6966,23.5849,?飯撅梯?,?飯??100,"瘞渡,?,?瘚?,鞈湔迤蝢?05-5831121,??????
2095,瞉?蝮??镼輸?,?祚???祚??5-2??119.669,23.5854,?祚蝷曉?瘣餃?銝剖?,?祚??30,"瘞渡,?",瘣芸???06-9921024,??????
2096,?儔蝮??撅梢?,璇????亙熒銵?36??120.5607,23.5867,璇控?葉[摰文?],璇???300,?,鞈港???05-2621047#12,??????
2097,?脫?蝮?皝?,皝????頝?03撌?6??120.183936,23.58672,?????,雓???100,瘞渡,閮勗之??05-7892154,??????
2098,?儔蝮??撅梢?,璇???瘞?銵???120.5518,23.5871,璇???[摰文?],璇???300,?,撱???05-2626545,??????
2099,瞉?蝮??镼輸?,瞏剝???瞏剝???3??119.6425,23.5872,瞏剝?蝷曉?瘣餃?銝剖?,瞏剝??迂摰嗆?,105,"瘞渡,?",甇???06-9213710,??????
2100,?脫?蝮??皜舫,?啣????啣?49??120.3182,23.5872,颲啣???,敺?.?啣?.摨,100,"瘞渡,?",蝝暻?,05-7834320,??????
2101,?脫?蝮?皝?,皝????頝?33撌?0??120.184655,23.587604,????葉,雓???100,瘞渡,?日???05-7892027,??????
2102,?儔蝮?皜舫?,??????75-4??120.3572,23.5899,敺抵???摰文,??撏?,40,瘞渡,?蝳?3760424,??????
2103,?儔蝮?皜舫?,?葛???葛58??120.3572,23.5899,敺抵???摰文?,??撏?,100,?,?蝳?3760424,??????
2104,?儔蝮?之?,銝剜???147??120.4767,23.59,銝剜???摰文?,銝剜???900,?,瘨?隞蜓隞?05-2653941,??????
2105,??蝮?縑蝢拚?,蟡??瘞?撌?7-1??120.88984,23.59024,蟡瘣餃?銝剖?,蟡??-12??150,"瘞渡,?,?瘚?,?剜?蝢?????049-2701256,??????
2106,??蝮?縑蝢拚?,??????撌?5??120.888755,23.592761,?冗?啣之撖阡???????????3??4??5??100,"瘞渡,?,?瘚?,?曄?撅?049-2701004,??????
2107,?脫?蝮???,撏???儔蝮?之??漯?????移敹??,120.5334,23.5929,?儔蝮?之?蝎曉???,?文??券??嗅捆鈭粹?憭?.?臭??脫?嗅捆?,100,"瘞渡,?,?瘚?瘚瑕",暺ㄚ摨?05-25325444,??????
2108,?脫?蝮??皜舫,?????臬?頝?55??120.302058,23.592941,????,??.??,100,"瘞渡,?",瘣芾,05-7832307,??????
2109,??蝮?縑蝢拚?,??????撌???120.888631,23.593575,???葉 -蝳桀?,????-4??100,"瘞渡,?,?瘚?,撘菜????⊿,049-2701317,??????
2110,?儔蝮?漯???,蝢???78-3??120.379436,23.593759,蝢???摰文?,皞芣??14??250,?,?敺蜇?蜓隞?05-2691150#103,??????
2111,瞉?蝮??镼輸?,?祚???祚??21-5??119.6082,23.5945,?祚蝷曉?瘣餃?銝剖?,???,80,"瘞渡,?",?單???06-9921030,??????
2112,瞉?蝮??镼輸?,????????1-1??119.6164,23.5951,????憭???摰?????75,"瘞渡,?",蝮賢???06-9212692#30,??????
2113,?脫?蝮???,?臬????臬?頝?8??120.5747,23.5964,?臬???,?臬???50,"瘞渡,?,?瘚?,?單???05-5901529,??????
2114,?脫?蝮???,?臬控???臬控77??120.5918,23.5964,?臬控蝳曉?,?臬控??40,"瘞渡,?,?瘚?,敺?瘚?05-5901667,??????
2115,?脫?蝮?皝?,????憭?頝?26??120.19068,23.597437,??蝷曉?瘣餃?銝剖?,????50,瘞渡,?喳???963157218,??????
2116,瞉?蝮??镼輸?,撠控??撠控????5-1??119.6139,23.5975,撠控蝷曉?瘣餃?銝剖?,撠控?????53,"瘞渡,?",?振??06-9921629,??????
2117,?梯蝮??敺拚?,憭批??撱箏?頝臭?畾???121.4125,23.598,?儔?芸撥憭蝴???,憭批??300,"瘞渡,?,?瘚?,?唾靘?03-8703914#310,??????
2118,?脫?蝮?皝?,???6??9??120.161817,23.598224,靽?摰????50,瘞渡,?⊥???05-7895617,??????
2119,瞉?蝮??镼輸?,????????0-2??119.6692,23.5985,??蝷曉?瘣餃?銝剖?,????單?,95,"瘞渡,?",?鞊?06-9213702,??????
2120,?脫?蝮???,?臬控???臬控89??120.5873,23.5985,??隡?颲脰?,?臬控??20,"瘞渡,?,?瘚?,?振??05-5901357,??????
2121,?儔蝮?之?,撟單????啗?銵?38??120.458206,23.598562,憭扳??桅????憭扳???1200,?,?冽???05-2652003,??????
2122,?梯蝮??敺拚?,憭批???撱箏?頝臭?畾?26銋???121.4162,23.5992,?望撅梁??扛撖?憭批???50,"瘞渡,?,?瘚?,蝪⊿脩,03-8731340,??????
2123,?脫?蝮??皜舫,憟賣??憟賣?末?嗉楝20??120.2802,23.5997,憟賣??,憟賣,100,"瘞渡,?",?單??05-7922254,??????
2124,?儔蝮?之?,撟單???瘞?頝?0??120.4616,23.5997,撟單???摰文?,撟單???900,?,?剖???05-26508871#202,??????
2125,?儔蝮?之?,撟單????啗?銵?16??120.4584,23.5998,憭扳??株犖擃瘣餃?銝剖?,撟單???,130,瘞渡,?單???05-2653211#114,??????
2126,?脫?蝮?皝?,????6??21??120.179136,23.5999,????,????100,瘞渡,??蝧?05-7892185,??????
2127,?脫?蝮?皝?,????6??09銋???120.179136,23.5999,?桀?摰?????300,瘞渡,暺?,05-7894000,??????
2128,瞉?蝮??镼輸?,镼踵漯??镼踵漯??30??119.6697,23.6003,镼踵漯??閬?恕,镼踵漯??55,瘚瑕,蝮賢???06-9921082,??????
2129,?儔蝮?之?,憭抒???1??3??120.5043,23.601,憭抒?瘣餃?銝剖?,憭抒???40,瘞渡,撱???2641529,??????
2130,?梯蝮??瞈梢?,鞊膨????頝?6??121.5218,23.6012,鞊膨?葉蝳桀?,鞊膨??0,"瘞渡,?,?瘚?,??敶?03-8791159,??????
2131,?儔蝮?漯???,皞芸???銝剖控頝?1??120.391817,23.602156,皞芸?犖?熒銝剖?,皞芣??14??40,瘞渡,????05-2695950#24,??????
2132,?儔蝮?之?,镼踵???銝剜迤頝?23??120.4536,23.6024,憭扳???摰文?,?祇?格?,1200,?,蝪∪??曹蜓隞?05-2652061#940,??????
2133,?脫?蝮???,?臬控???臬控109??120.5797,23.6025,撅梁瘞挪,?臬控??20,"瘞渡,?,?瘚?,瘝摰?05-5901981,??????
2134,?儔蝮?漯???,皞芸???銝剖控頝?9??璅?120.392284,23.602641,皞芸??銝?蝳桀?,皞芣??14??80,瘞渡,?單???05-2695950#38,??????
2135,?儔蝮?漯???,皞芾正??銝剜迤頝?82??120.39444,23.603785,?扔畾輸?摰Ｗ之璅?皞芣??14??100,瘞渡,?剜???05-2691604,??????
2136,?儔蝮?漯???,皞芸???銝剖控頝?3??120.394218,23.604503,皞芸??摰文,皞芣??14??50,瘞渡,?喳?鋆蜓隞?05-2691013#904,??????
2137,?儔蝮?漯???,皞芸???銝剖控頝?3??120.394218,23.604503,皞芸??摰文?,皞芣??14??850,?,?喳?鋆蜇?蜓隞?05-2691013#904,??????
2138,?脫?蝮?偌??,????????隞楝30??120.2398,23.6048,摰???,?亙??正鈭?,300,"瘞渡,?,?瘚?瘚瑕",?∪?撟?05-7857080,??????
2139,?脫?蝮?偌??,????????隞楝38??120.2401,23.6051,蝣扳?撖????镼踵??亙??正鈭?,350,"瘞渡,?,?瘚?瘚瑕",?⊥偌??05-7854369,??????
2140,?儔蝮?之?,銝???銝剛?頝臭?畾?37??120.4886,23.6058,銝???摰文?,銝???900,?,鞈港縑摰蜓隞?05-2952145#13,??????
2141,?儔蝮?漯???,?湔???107??120.37158,23.605881,?湔???摰文?,皞芣??14??250,?,鞈港?隤蜇?蜓隞?05-2691440,??????
2142,?脫?蝮???,?飯???飯?憯?21?圈??身蝵格?隞乩蒂?∪?,120.7094,23.6069,?喳??輸?,?飯??20,?瘚??喳??05-5831269,??????
2143,?梯蝮??敺拚?,憭批????噸頝?9撌?2??121.3909,23.6073,憭批???,憭批???憭扯???80,"瘞渡,?,?瘚?,?剔?敹?03-8701049,??????
2144,?脫?蝮???,?飯???飯??皝?憭??砍??隞乩蒂?∪?,120.6784,23.6074,憭??輸?,?飯??20,?瘚??喳??05-5831269,??????
2145,?儔蝮?之?,?楝??231??120.4222,23.6101,?楝??摰文?,?楝??400,?,?梁??蜓隞?05-2694974#12,??????
2146,?脫?蝮???,獢???獢???5??120.6079,23.612,獢???,獢???150,"瘞渡,?,?瘚?,鞈游遣??05-5901048,??????
2147,?脫?蝮??皜舫,皞???皞???74??120.2935,23.6128,?望旨??,皞?,100,"瘞渡,?",????05-7921304,??????
2148,?儔蝮?之?,?楝???楝??67??120.4243,23.613,?楝蝷曉?瘣餃?銝剖?,镼輻???,70,瘞渡,?剔??05-2694359,??????
2149,?脫?蝮?皝?,??????頝?9-2??120.19068,23.613542,??蝷曉?瘣餃?銝剖?,????60,瘞渡,?喳?甈?05-7892232,??????
2150,?脫?蝮?皝?,??????頝?5??120.19068,23.613542,??摨?????100,瘞渡,?⊥漯??05-7891835,??????
2151,?脫?蝮???,撏????頝???120.54,23.6143,????,撏??100,"瘞渡,?",擳?鞈?05-5821060,??????
2152,??蝮?縑蝢拚?,??????撌?5??120.886208,23.615142,???箇?瑁???????-3??50,"瘞渡,?,?瘚?,??.隡?∪憭怎,049-2701242,??????
2153,??蝮?縑蝢拚?,????蝢縑撌?1??120.884773,23.615166,銋??箇?瑁???????-9??200,"瘞渡,?,?瘚?,頝側?,049-2831554,??????
2154,??蝮?縑蝢拚?,??????撌?0??120.886531,23.615773,??瘣餃?銝剖?,????-3??100,"瘞渡,?,?瘚?,隞亦?甇?隡?∪憭怎,049-2701170,??????
2155,??蝮?縑蝢拚?,????蝢縑撌?4??120.884999,23.616187,銋???,????-9??200,"瘞渡,?,?瘚?,?脫???⊿,049-2831506,??????
2156,?脫?蝮???琿?,?批祚???批祚?撖株楝6??120.3514,23.6169,隞噸??,?批祚?????隞?,200,"瘞渡,?",颲?蟡?05-7861976,??????
2157,?儔蝮?漯???,皜豢??73-1??120.401794,23.617531,皜豢?暑?葉敹?皜豢皜貉正??25,瘞渡,?-?梯?璉?05-2693011,??????
2158,?儔蝮?之?,銝???銝???1??120.4959,23.6176,蝷曉???摰文?,銝???500,?,璆?蜓隞?05-2952504#03,??????
2159,?脫?蝮?皝?,撏葉??蝳?頝?4??120.161904,23.618092,銝?蝳?摰殷?擐恥憭扳?嚗?銝???撏葉??撏??300,瘞渡,??,05-7991028,??????
2160,??蝮?縑蝢拚?,????蝢縑撌?5-1??120.88459,23.618856,銋?瘣餃?銝剖?,????-9??300,"瘞渡,?,?瘚?,擐祆瘙?????0,??????
2161,?脫?蝮???,瘞詨?????頝?0??120.558397,23.619838,瘞詨??犖擗風銝剖?,?券???,2,,?單迤蝢?05-5828927,??????
2162,?脫?蝮?偌??,?圻???圻??蝘西楝1??120.2616,23.6206,隤迤??,?圻??皜舀?,300,"瘞渡,?,?瘚?瘚瑕",?璁?05-7921114,??????
2163,?脫?蝮???琿?,樴痔??樴痔??48??120.3146,23.6207,敹???,樴痔?正????撖格?,200,"瘞渡,?",擃姣??05-7882096,??????
2164,?脫?蝮??皜舫,?芣????芣?84??120.2786,23.6225,?脰??,?芣?.憭批?,100,"瘞渡,?",閮勗???05-7921224,??????
2165,?脫?蝮???,瘞詨?????頝?4??120.5532,23.6259,瘞詨???,瘞詨???瘞豢???100,"瘞渡,?,?瘚?,?喳?隤?05-5821049,??????
2166,瞉?蝮?瘝?,????17-1??119.595268,23.626177,??蝷曉?瘣餃?銝剖?,銝剖扈??蝢?????,74,"瘞渡,?",??蝡?06-9933491,??????
2167,?脫?蝮???,瘞豢?????頝?58??120.552,23.6266,?航?摰?瘞豢???20,"瘞渡,?",擃???05-5825566,??????
2168,??蝮?縑蝢拚?,蝢???靽∠?撌?39??120.869589,23.627369,蝢?憭拐蜓??蝢?????300,"瘞渡,?,?瘚?,隡迤??蟡,049-2831250,??????
2169,??蝮?縑蝢拚?,蝢???靽∠?撌?3??120.870287,23.628088,蝢???,蝢?????100,"瘞渡,?,?瘚?,擐砍蝦敺??⊿,049-2831327,??????
2170,??蝮?縑蝢拚?,蝢???靽∠?撌?0??120.869961,23.628179,蝢?瘣餃?銝剖?,蝢?????100,"瘞渡,?,?瘚?,隡溶蝳?????0,??????
2171,?脫?蝮???,暻餃???銝剜散頝?1-1??120.514,23.6282,暻餃?蝷曉?瘣餃?銝剖?,暻餃???20,"瘞渡,?",擃?瘜?05-5823916,??????
2172,?脫?蝮???琿?,?祚???祚??撖株楝11??120.3338,23.6285,摰Ｗ???,?祚?恥????撖格?.撏???200,"瘞渡,?",????05-7882718,??????
2173,??蝮?縑蝢拚?,蝢???靽∠?撌?7??120.874184,23.629096,蝢??箇?瑁???蝢???-3??300,"瘞渡,?,?瘚?,隡?蝳??批葦,049-2831231,??????
2174,?脫?蝮?偌??,?圻???圻?絲鞊楝56-1??120.2555,23.6313,鞊噸摰桀誨???圻??300,"瘞渡,?,?瘚?瘚瑕",?喟?摰?05-7921124,??????
2175,瞉?蝮?正撊潮?,憭??憭??-26??119.5228,23.6315,憭蝷曉?瘣餃?銝剖?,憭??90,"瘞渡,?,瘚瑕",????06-9981660,??????
2176,??蝮?姘撅梢,獢園??攳?頝?85-16??120.6555,23.6323,?批祚蝷曉?瘣餃?銝剖?,獢園??15,"瘞渡,?,?瘚?,?曄??049-2712317,??????
2177,?梯蝮??敺拚?,憭扯???瘞?銵?7??121.3982,23.6323,憭扯???,憭扯???300,"瘞渡,?,?瘚?,?喳???03-8702987,??????
2178,瞉?蝮?正撊潮?,?批???批??3-5??119.5137,23.6324,?批??瞍?瘣餃?銝剖?,?批??100,瘚瑕,瘣芾???06-9983537,??????
2179,?脫?蝮?之?日?,?∠???∠頝?2??120.401574,23.633569,????,?∠???格???摰??正?格?蝑?150,"瘞渡,?",蝪∠??05-5912094,??????
2180,?梯蝮??敺拚?,憭扯???瘞?銵?7??121.3942,23.6338,憭扯?瘣餃?銝剖?,憭扯???100,"瘞渡,?,?瘚?,?遣璁?03-8702216,??????
2181,瞉?蝮?正撊潮?,瘙??瘙??13??119.5222,23.6348,镼踹飲?葉擃擗?鈭????晞?镼踵?,300,"瘞渡,?,瘚瑕",?單?甇?06-9981110#18,??????
2182,?梯蝮??瞈梢?,?啁冗??9?唳??8-1??121.5308,23.6351,?梯??刻??瘞??瘣餃?銝剖?,?啁冗??蝤臬???0,瘚瑕,?唾??03-8711158,??????
2183,瞉?蝮?正撊潮?,璈怎???璈怎???7-1,119.5246,23.6358,璈怎?蝷曉?瘣餃?銝剖?,璈怎???30,瘚瑕,?單溶銝?06-9983379,??????
2184,?脫?蝮???琿?,?????啁?頝?1??120.3595,23.6362,?啁???,?衣?嘀???嘀??????,200,"瘞渡,?",撘萄???05-7983093,??????
2185,?梯蝮??敺拚?,镼踹???瘞?銵?1撌?-1??121.4295,23.6362,擐砌?瘣餃?銝剖?,镼踹???100,"瘞渡,?,?瘚?,擃?瘞?03-8702206,??????
2186,?脫?蝮??皝?,????銝剖控?梯楝37??120.2284,23.6366,????,皞芸????啣????∪???皝祚??暽踹??200,"瘞渡,?,?瘚?瘚瑕",?喲Ｘ,05-7872100,??????
2187,?脫?蝮???,?文???銝剖控頝???120.5577,23.6367,?文???撟澆????飯???臬????臬控??獢???30,"瘞渡,?",????05-5862935,??????
2188,?脫?蝮??皝?,皝正??銝剖控镼輯楝44-1??120.224343,23.638093,?????摰孵?,皝正??皝?,20,"瘞渡,?,?瘚?瘚瑕",瘣芾??05-7871642,??????
2189,?脫?蝮??皝?,蝢矽??銝剜??楝10-2??120.2243,23.6381,????撟澆????賣???皝?,40,"瘞渡,?,?瘚?瘚瑕",?喟???05-7873623,??????
2190,?脫?蝮??皝?,皝正??銝剖控镼輯楝44??120.2243,23.6381,??蹂???,皝正??皝?,40,"瘞渡,?,?瘚?瘚瑕",暺???05-7876863,??????
2191,?脫?蝮??皝?,憌???憭批?頝?7撌?-1??120.2243,23.6381,????瘝????輸?嗅捆?湔?,憌????望?,100,"瘞渡,?,?瘚?瘚瑕",?喲?蝢?05-7723171,??????
2192,瞉?蝮?正撊潮?,撠???撠???1-9??119.5312,23.6382,撠???,撠???200,"瘞渡,?",蝮賢???06-9981662,??????
2193,瞉?蝮?正撊潮?,????????0-1??119.5313,23.6388,??蝷曉?瘣餃?銝剖?,????32,"瘞渡,?",璆?,06-9981177,??????
2194,?脫?蝮??皝?,撱????撱????3-7??120.1979,23.6391,撱???疏撣,撱????摮?,40,"瘞渡,?,?瘚?瘚瑕",?岱??05-7723428,??????
2195,?脫?蝮??皝?,皝正????頝?7??120.226972,23.639405,???予摰?皝正???????賣???1560,"瘞渡,?",?喳末??05-7872052,??????
2196,?脫?蝮???,???憭批?45-2??120.5945,23.6395,?憭批??扔畾?璅???50,"瘞渡,?,?瘚?,??瘞?0932-690367,??????
2197,??蝮?縑蝢拚?,?圈????圈?頝?9??120.872384,23.640117,?圈??箇?瑁????圈???-3??80,"瘞渡,?,?瘚?,瘜?.皛踹?撖??批葦,049-2831050,??????
2198,?脫?蝮??皝?,皝正??銝剖控镼輯楝44??120.1747,23.6408,????3璅旨??皝正???????賣???40,"瘞渡,?,?瘚?瘚瑕",暺???05-7876863,??????
2199,?脫?蝮???琿?,瞏剛正??瞏剛正?蔬?扯楝1??120.2893,23.6409,隞???,瞏剛正?蔬?望??正??,200,"瘞渡,?",?⊥???05-7882710,??????
2200,??蝮?縑蝢拚?,?圈????圈?頝?1??120.87079,23.641427,?圈?瘣餃?銝剖?,?圈???-6??200,"瘞渡,?,?瘚?,?冽?敹?????049-2831500,??????
2201,?脫?蝮?之?日?,????瘞?頝?0??120.428365,23.641888,憭批?葉,憭批噸???曄姘??撠儔????,187,"瘞渡,?",????05-5912051,??????
2202,?梯蝮??敺拚?,????撱箏?頝臭?畾?9??121.4512,23.6419,??瘣餃?銝剖?,????100,"瘞渡,?,?瘚?,?喟???03-8702206,??????
2203,?脫?蝮???,?喲???5?啣??楝1??120.482209,23.642396,?喲???瘣餃?銝剖?,?啣????樴皞芥?摮?300,?,?望?暻?05-5972354,??????
2204,?脫?蝮???,?文???銝剖控頝?5??120.5616,23.6427,隤輯圾??文?銝??臬?颲血??镼踹像??20,"瘞渡,?",?邦??05-5823275,??????
2205,瞉?蝮?正撊潮?,蝡寧??蝡寧??0-4??119.5163,23.6429,蝡寧蝷曉?瘣餃?銝剖?,蝡寧??35,瘚瑕,閮梢脫?,06-9981106,??????
2206,?脫?蝮??皝?,憌???憭批?頝?6??120.1773,23.6431,憌???,皞芸偏??蝢矽??憌???憌???扳???100,"瘞渡,?,?瘚?瘚瑕",?∩蔗??05-7723688,??????
2207,?脫?蝮???,皝喃???皝喃???摮楝30??120.5387,23.6433,皝喃?蝷曉?瘣餃?銝剖?,皝喃???20,"瘞渡,?",?單撖?05-5823966,??????
2208,?脫?蝮?之?日?,????銝剜迤頝?3??120.429371,23.644704,憭批??,??????,187,"瘞渡,?",??瘛?05-5912007,??????
2209,?脫?蝮???,?啣????啣???-1??120.5611,23.645,?啣???,?啣???100,"瘞渡,?",撘萄???05-5260572,??????
2210,?脫?蝮???琿?,?瑕????瑕????楝16??120.3166,23.6457,??葉,?瑕?????正??,500,"瘞渡,?",閮梁???05-7882012,??????
2211,?脫?蝮???,?文????頝?銋?86??120.588,23.6457,"?喲?砍?皜∪?撅梯??怨????摰???,璅???130,"瘞渡,?,?瘚?瘚瑕",???05-5829829,??????
2212,??蝮?姘撅梢,獢園??攳?頝?12??120.6564,23.646,獢園蝷曉?瘣餃?銝剖?,獢園??50,"瘞渡,?,?瘚?,?⊥???049-2711023,??????
2213,?脫?蝮???,????頝???120.567,23.6462,?文??葉,?文??????镼踹像??皝喃???200,"瘞渡,?",?唾??05-5821004,??????
2214,?脫?蝮?之?日?,??????65??120.457078,23.647242,????,????鞊??125,"瘞渡,?",?單???05-5912434,??????
2215,瞉?蝮?瘝?,皜臬???54-5??119.59875,23.648238,皜臬?蝷曉?瘣餃?銝剖?,?格絲?葛摮????剜??蝖??竣撏?,78,"瘞渡,?",?剖?隤?06-9932876,??????
2216,?脫?蝮???琿?,?瑕????瑕?????2??120.3148,23.6497,???憭扳?,?瑕????,200,"瘞渡,?",?喃???05-7882221,??????
2217,?脫?蝮?之?日?,?舐????航?頝?9??120.397799,23.650369,?舐???,?舐???撗⊥?,100,"瘞渡,?",?唾眼擐?05-5912224,??????
2218,?脫?蝮??皝?,撏???撱嗅像?楝18??120.15602,23.6517,銝???,撏??誨皞?,100,"瘞渡,?,?瘚?瘚瑕",????05-7721044,??????
2219,?梯蝮??瞈梢?,?啁冗??150??121.5354,23.6519,?啁冗??鈭?蝬??恕,?啁冗??200,"瘞渡,?,?瘚?,閮勗??03-8711138,??????
2220,?梯蝮??敺拚?,憭批??銝剖控頝臭?畾?16撌???121.4184,23.6521,?儔?????,憭批??憭折脫?,100,"瘞渡,?,?瘚?,蝢蔗??03-8705165,??????
2221,?脫?蝮???琿?,?瑕????瑕???镼輯楝76??120.3092,23.6522,???,?瑕????,500,"瘞渡,?",????05-7882017,??????
2222,瞉?蝮??摰?,?勗飲???勗飲76-3??119.5174,23.6527,?勗飲蝷曉??澆???,?勗飲??60,"瘞渡,?",隡??,06-9991773,??????
2223,?脫?蝮???,?瑁???撠?5??120.5914,23.654,?瑁?撱箏噸撖?璅???200,"瘞渡,?,?瘚?,?偶??0919-659487,??????
2224,瞉?蝮?正撊潮?,憭扳???憭扳???1-5??119.5166,23.6541,憭扳?蝷曉?瘣餃?銝剖?,憭扳???28,"瘞渡,?",?喟╡??06-9983560,??????
2225,?脫?蝮???琿?,鈭???鈭???瘞???120.2804,23.6571,靽∠儔??,鈭?????,200,"瘞渡,?",??摮?05-7882712,??????
2226,?脫?蝮??皝?,撏???瘚瑟?頝?3??120.1534,23.6576,銝?撏絲皜悅,撏???蝞????望?銝???500,"瘞渡,?,?瘚?瘚瑕",??敹?57721741,??????
2227,?梯蝮??敺拚?,镼踹???銝剜迤頝臭?畾?2撌?4??121.4494,23.6584,镼踹?瘣餃?銝剖?,镼踹???100,"瘞渡,?,?瘚?,?眼皛?03-8702923,??????
2228,?脫?蝮?之?日?,鞊??鞊12-1??120.442375,23.65841,鞊瘣餃?銝剖?,鞊??50,"瘞渡,?",瘝甇?05-5912038,??????
2229,?脫?蝮???琿?,摮???摮?????120.3362,23.6586,?像??,摮???200,"瘞渡,?",頠?,05-7882684,??????
2230,?脫?蝮??摨恍,皞芷???銝?18-1??120.3853,23.6588,銝?瘣餃?銝剖?,皞芷???46,"瘞渡,?",?喳?甇?05-6621080,??????
2231,??蝮?姘撅梢,?姘??攳?頝?05-15??120.6599,23.6597,?姘蝷曉?瘣餃?銝剖?,?姘??100,"瘞渡,?,?瘚?,????2711912,??????
2232,?梯蝮??敺拚?,????銝剜迤頝臭?畾?3??121.4484,23.6601,憭芸毀憛勗?撠?????镼踹???100,"瘞渡,?,?瘚?,???03-8701134#10,??????
2233,?脫?蝮??摨恍,憟株絲??蝬箸?134??120.3601,23.661,蝬箸?蝷曉??鈭箸暑?葉敹?憟株絲??35,"瘞渡,?",?喟儔甇?05-6623430,??????
2234,?脫?蝮?之?日?,鞊瓷??隞?頝???120.420525,23.661589,隞???,銝??????鞊瓷??100,"瘞渡,?",?喟???05-5912454,??????
2235,?脫?蝮???,瘞渡???瘞渡?頝?7??120.5662,23.6623,瘞渡???,瘞渡????啣???200,"瘞渡,?",?祉朮,05-5821049,??????
2236,?梯蝮??敺拚?,憭批???銝剜迤頝臭?畾?70??121.431,23.6633,憭批?瘣餃?銝剖?,憭批???100,"瘞渡,?,?瘚?,?喳撐蝢?03-8701180,??????
2237,??蝮?姘撅梢,?姘??攳?頝?51??120.6664,23.664,?姘??瘣餃?銝剖?,?姘??100,"瘞渡,?,?瘚?,?喳?撘?049-2711024,??????
2238,?脫?蝮??ａ?,?????勗????摰?銵?1銋???120.2592,23.6656,??蝷曉?瘣餃?銝剖?,????????,78,"瘞渡,?",?喟?鋆?05-6992704,??????
2239,?脫?蝮??摨恍,皞芷???皞芸?27-2??120.3939,23.6666,皞芸?撖株噙瘞??暑?葉敹?皞芷???113,"瘞渡,?",閮勗?蝢?05-6628385,??????
2240,?脫?蝮???,????撱嗅像頝臭?畾?42??120.4751,23.6675,璈???,?冗.??.?喲?.?單漯.??.?啣?,375,?,??瘜?05-5972241,??????
2241,?脫?蝮?镼輸?,??????頝?78??120.2098,23.6676,摰?摰?????100,"瘞渡,?,?瘚?瘚瑕",樴靽?6980551,??????
2242,??蝮?縑蝢拚?,鞊???擃像撌?8-1??120.873025,23.669128,鞊??箇?瑁???鞊???????60,"瘞渡,?,?瘚?,?冽?撟??喲?,049-2791762,??????
2243,?脫?蝮???,?啣????啣?頝?9??1,120.5413,23.6693,?啣?蝷曉?瘣餃?銝剖?,?啣???20,"瘞渡,?",?予??0932-573512,??????
2244,?梯蝮??敺拚?,憭扯??銝剛頝?57??121.4233,23.6694,?儔??,憭批??之?舀?,100,"瘞渡,?,?瘚?,暺凝??03-8702206#239,??????
2245,?脫?蝮??摨恍,?方???方115-1??120.3489,23.67,?方瘣餃?銝剖?,?方??67,"瘞渡,?",暺???05-6622617,??????
2246,??蝮?縑蝢拚?,鞊???擃像撌?-1??120.874935,23.670189,鞊?瘣餃?銝剖?,鞊?????100,"瘞渡,?,?瘚?,?曉???????049-2791961,??????
2247,?梯蝮??敺拚?,憭折收???ㄝ頝?00??121.4248,23.6705,?儔?葉,憭批像??憭折收??憭批???100,"瘞渡,?,?瘚?,??鞎?03-8701027,??????
2248,??蝮?縑蝢拚?,鞊???擃像撌???120.875111,23.670517,鞊?擃???鞊???????100,"瘞渡,?,?瘚?,?????霅血,049-2791583,??????
2249,?脫?蝮??ａ?,?????勗?????望旨頝?5??120.2571,23.6724,?勗??銝剖飛瘣餃?銝剖?,????????,200,"瘞渡,?",?喳?蝢?05-6991035,??????
2250,?脫?蝮???,擃???擃?頝?1??120.5702,23.6737,擃?蝷曉?瘣餃?銝剖?,擃???20,"瘞渡,?",擃???05-5265188,??????
2251,?脫?蝮??ａ?,?勗????勗????望旨頝?撌?-1??120.2555,23.6739,?勗?蝷曉?瘣餃?銝剖?,?勗???81,"瘞渡,?",銝???05-6992674,??????
2252,??蝮?姘撅梢,?芷????芷?頝?6??120.6732,23.6742,?芷?????,?芷???50,"瘞渡,?,?瘚?,?唾?靽???049-2711951,??????
2253,?脫?蝮??ａ?,?勗????望旨頝?9撌???120.2571,23.6743,?勗??撠飛瘣餃?銝剖?,?勗????????,238,"瘞渡,?",??憡?05-6991036,??????
2254,??蝮?嘀靚琿?,?扳????頝?-3??120.7963,23.6743,"?控憭折ㄞ摨恕?抒征???脰?摰?憭批輒",?扳???-12??300,"瘞渡,?,?瘚?瘚瑕",??瞍?049-2612132,??????
2255,?脫?蝮??ａ?,?勗?????頝?5??120.2542,23.6744,?勗??摰悅擐恥憭扳?,?勗????,134,"瘞渡,?",?喃???05-6991025,??????
2256,?脫?蝮??ａ?,?勗????勗??????3??120.2527,23.6754,?勗??3璅??勗????,262,"瘞渡,?",?雁??05-6991524,??????
2257,?脫?蝮???,?????瑕?頝?26??120.47345,23.675538,??摰格?敺瑕之璅??券,240,瘞渡,??隞?05-5972541,??????
2258,??蝮?姘撅梢,攳???攳?頝?22??120.6562,23.6757,攳?蝷曉?瘣餃?銝剖?,攳???20,"瘞渡,?,?瘚?,??鞈?049-2712327,??????
2259,?脫?蝮??ａ?,蝔絲???勗??瘚瑟?蝔絲頝?3??120.2325,23.6761,蝔絲蝷曉?瘣餃?銝剖?,蝔絲??瞏剜?,56,"瘞渡,?",?⊿?,05-6991748,??????
2260,?脫?蝮??摨恍,?予???啣遣頝?-6??120.388,23.6766,蝚砌??犖?熒瘣餃?銝剖?,?喳???敹迤???予??摰桀???頞葛??96,"瘞渡,?",暺?摰?05-6622913,??????
2261,?脫?蝮??皝?,???銝剛頝?1??120.1798,23.677,??撖桅?憭拙?,?????望?,150,"瘞渡,?,?瘚?瘚瑕",??,57721449,??????
2262,?脫?蝮???,镼踹???銝剛?頝?11??120.4701,23.6778,?望??葉,憭扳.?啣?.镼蹂摩.?日獄????252,?,撘菔璁?05-5972474,??????
2263,?脫?蝮??ａ?,?勗????勗???瘞?頝?10??120.2583,23.6779,?勗?蝷曉?瘣餃?銝剖?,?勗???82,"瘞渡,?",?喳像??05-6992694,??????
2264,?脫?蝮??摨恍,?方???嗆?40-8??120.3624,23.6787,?嗆?瘣餃?銝剖?,?方??96,"瘞渡,?",????05-6626618,??????
2265,?脫?蝮???琿?,撅勗??撅勗??撅梯楝3??120.3124,23.6791,撅勗??,撅勗??皝?????,200,"瘞渡,?",憿?靽?05-7882152,??????
2266,?脫?蝮??ａ?,敺抵????勗?儔??敺抵?頝?8-1??120.2781,23.6798,敺抵?蝷曉?瘣餃?銝剖?,敺抵?????,56,"瘞渡,?",???6991717,??????
2267,?脫?蝮???,镼踹?????頝?50??120.4795,23.6803,????,?圈.?蹂號.撠?.?啣?.?望?,525,?,?∪?瞍?05-5972020,??????
2268,?脫?蝮???,镼踹???銝剖控頝?02??120.4772,23.6811,??擃葉,镼踵郁???隞葉憭押?????485,?,皜豢???05-5972059,??????
2269,?脫?蝮???剖?,撏???隞儔頝?8??120.5421,23.6811,撏?蝷曉?瘣餃?銝剖?,撏??????樴蔬??皞??銝???瘙???50,"瘞渡,?,?瘚?瘚瑕",?啁???05-5223636,??????
2270,?脫?蝮???剖?,????銝剛楝21??120.5529,23.6816,?蝷曉?瘣餃?銝剖?,??????撏???40,"瘞渡,?,?瘚?瘚瑕",?晶蝳?05-5333255,??????
2271,?脫?蝮??摨恍,?喳???銝剛?頝?75??120.3898,23.6822,?澈?桀?瘣餃?銝剖?,?喳???敹迤???予??摰桀???頞葛??44,"瘞渡,?",???05-6623211,??????
2272,?脫?蝮??ａ?,?????勗??????頝?-1??120.2833,23.683,??蝷曉?瘣餃?銝剖?,???儔??,54,"瘞渡,?",撘菔???05-6991731,??????
2273,?脫?蝮???剖?,銋???瘞貉?頝?4-1??120.5188,23.683011,瘛勗蝷曉?瘣餃?銝剖?,銋???樴蔬??皞??瘙???60,"瘞渡,?,?瘚?瘚瑕",????05-5222130,??????
2274,?脫?蝮?镼輸?,皞芷???皞芷?12??120.18994,23.683116,撠噸???,皞芷???150,?,?單?隤?6982074,??????
2275,?脫?蝮???,镼踹???镼踹?畾?454-4??120.473687,23.683638,隞??扯扛瘞游??镼踹????之?晞??晞??3079,?,瘙芣???05-5973111,??????
2276,?脫?蝮??摨恍,憭扯???憭扯?頝?7??120.3692,23.6842,憭扯??暑?葉敹?憭扯???60,"瘞渡,?",皞怠???05-6622714,??????
2277,?梯蝮??敺拚?,?勗????勗?頝?0??121.4825,23.6845,?勗???,?勗???100,"瘞渡,?,?瘚?,?剝?撖?03-8701292,??????
2278,?脫?蝮???,?勗?????頝?20??120.5686,23.6849,?勗???,?勗???100,"瘞渡,?",??甇?05-5263153,??????
2279,??蝮??撅舫,撅梯???控頝?99??120.964468,23.685655,撅梯?????冽暑?葉敹?撅梯??120,"瘞渡,?",?單????049-2332160,??????
2280,??蝮??撅舫,?啣????啣?銝銵???120.969481,23.686017,?啣??????冽暑?葉敹??啣???100,"瘞渡,?",蝪∪??⊿???492367999,??????
2281,?脫?蝮??摨恍,?喳???敺抵?頝?18??120.3886,23.6862,?澈?葉璅黎??敺???憭扯???400,"瘞渡,?",鞈渡???05-6622645,??????
2282,?脫?蝮???,璉??璉控49??120.6038,23.6864,璉控??,璉??100,"瘞渡,?",暺???05-5263673,??????
2283,??蝮?縑蝢拚?,?芸撥???賢?撌?4??120.850886,23.689635,憸冽??輸銝剖?,?芸撥??-11??30,"瘞渡,?,?瘚?,?喲??????0,??????
2284,?脫?蝮??撠暸,??????57銋???120.4392,23.6905,??蝷曉?瘣餃?銝剖?,????102,瘞渡,瘝?皞?05-6328668,??????
2285,?脫?蝮??敹?,銝剜???銴??葉瘞?銝剜迤頝?51??120.304,23.6912,?脫?蝮??敹??祆?,銝剖???4-15??擐祇陷??5??150,"瘞渡,?",撘菜??05-6972005,??????
2286,?脫?蝮???剖?,?????頝?01??120.5675,23.6921,??摰????????????200,"瘞渡,?,?瘚?瘚瑕",????05-5325335,??????
2287,?脫?蝮??ａ?,樴蔬???勗??瞏剜?隞?頝?3??120.2421,23.6924,樴蔬蝷曉?瘣餃?銝剖?,樴蔬??瘚瑟?,56,"瘞渡,?",?誨,05-6992734,??????
2288,??蝮?姘撅梢,蝳???攳?頝?91??120.6639,23.6928,蝳?蝷曉?瘣餃?銝剖?,蝳???50,"瘞渡,?,?瘚?,撘萄平??049-2711541,??????
2289,?脫?蝮???剖?,??????頝?3??120.56614,23.693394,??蝷曉?瘣餃?銝剖?,????璇??????80,"瘞渡,?,?瘚?瘚瑕",?╡??05-5263383,??????
2290,??蝮?姘撅梢,蝳???攳?頝?86??120.663,23.6938,撱??摰?蝳???50,"瘞渡,?,?瘚?,瘙?閬?049-2711454,??????
2291,?脫?蝮?镼輸?,鈭???鈭?24-2??120.229553,23.69461,鈭?颲脫?瘣餃?銝剖?,鈭????舀??控撖格???撌?,150,"瘞渡,?,?瘚?瘚瑕",?喲??,6985388,??????
2292,?脫?蝮??ａ?,?????勗??????頝?19-2??120.2608,23.6954,??蝷曉?瘣餃?銝剖?,????摰?,32,"瘞渡,?",?喟??05-6992754,??????
2293,?梯蝮?璁桅?,???5??5??121.4018,23.696,擐砍云?冗?瘣餃?銝剖?,???80,"瘞渡,?瘚?瘚瑕",閮梯暻?03-8751114,??????
2294,?脫?蝮???剖?,?瑕像???瑕像?楝38??120.502,23.6965,?瑕像蝷曉?瘣餃?銝剖?,?瑕像???漯??靽???銋???80,"瘞渡,?,?瘚?瘚瑕",?喟儔??05-5340427,??????
2295,?脫?蝮??撠暸,蝛????ㄝ頝臭?畾?41??120.42327,23.696759,?脫?蝮??蝡?摮葉摮豢暑?葉敹?蝛???撱嗅像??56,瘞渡,璇???05-6330181-121,??????
2296,??蝮?縑蝢拚?,?噸???控頝?16-1??120.854232,23.696888,靽∠儔?葉 -蝳桀?,?噸??-6??150,"瘞渡,?,?瘚?,??蝛??⊿,049-2791129,??????
2297,?脫?蝮??撠暸,銝????31銋???120.4063,23.6977,銝?蝷曉?瘣餃?銝剖?,銝????唾???21,瘞渡,??摨?05-6626927,??????
2298,??蝮?姘撅梢,憭折???蝡孵祚撌?1??120.7169,23.699,憭折???瘣餃?銝剖?,憭折???100,"瘞渡,?,?瘚?,???049-2841009,??????
2299,?脫?蝮??敹?,????銴???憪?銝剖?頝?2??120.3108,23.6992,銴??葉,銝剜???300,"瘞渡,?",???05-6972056,??????
2300,?脫?蝮?镼輸?,瘚瑕??銝剖控頝?99撌?5-1??120.191,23.6996,?絲摰?瘚瑕??350,"瘞渡,?,?瘚?瘚瑕",??敺?6981460,??????
2301,?脫?蝮??敹?,擐祇陷??銴??收曈湔??桀?頝?1??120.2787,23.6998,擐祇陷撅梢摰悅,擐祇陷??-14???唳???-9??200,"瘞渡,?",蝡?璅?05-6973150,??????
2302,?脫?蝮???剖?,,?噸頝?99??120.532757,23.699976,?脫??葉,?株正??銝剖????桀???樴蔬??銋???瘙???銝???1000,"瘞渡,?,?瘚?,蝮賢?銝颱遙敺???05-5326071-16,??????
2303,?脫?蝮???剖?,璇????扳?頝?7-1??120.6046,23.7003,璇?蝷曉?瘣餃?銝剖?,璇???撅梢??朽??,40,"瘞渡,?,?瘚?瘚瑕",?,05-5572539,??????
2304,?脫?蝮?镼輸?,?啗正??瘞?頝?撌???120.2009,23.7004,摰絲摰??啗正?絲???絲????300,"瘞渡,?,?瘚?瘚瑕",鞈港???6982479,??????
2305,?脫?蝮??敹?,????銴???憪?銝剖?頝?2??120.3105,23.7008,銴???,銝剖???-13?啜?6-18??樴痔??2-15??300,"瘞渡,?",????05-6972054,??????
2306,?脫?蝮??撠暸,?唾????唾?69銋???120.3802,23.7008,?唾?蝷曉?瘣餃?銝剖?,?唾???銝???122,,?榆鈭?05-6651473,??????
2307,?脫?蝮?镼輸?,瘚瑕??銝剖控頝?08??120.191626,23.701187,?箄正?葉?,瘚瑕??350,?,?單樴?6982047,??????
2308,??蝮?姘撅梢,憭折???蝡孵祚撌?9-15??120.7167,23.7014,憟?摰?憭折???50,"瘞渡,?,?瘚?,??撖???049-2841222,??????
2309,?脫?蝮??敹?,????銴???憪?銝剖?頝?2-2??120.3113,23.7015,銴??????,????200,"瘞渡,?",?喃?撋?05-6975482,??????
2310,?脫?蝮??ａ?,摰????勗????摰?頝?銋???120.2524,23.7016,摰?蝷曉?瘣餃?銝剖?,摰???摰?,34,"瘞渡,?",蝧??6992396,??????
2311,?脫?蝮??撠暸,镼踹?????頝?4???脖耨?典誨?剁?,120.4296,23.7017,?偏蝘?憭批飛蝚砍???摰?摰??镼踹???蝛???撱嗅像??63,"瘞渡,?",?喲???05-6315077,??????
2312,?脫?蝮??撠暸,镼踹?????頝?4??????,120.4296,23.7017,?偏蝘?憭批飛蝚砌???摰?摰??镼踹???????88,"瘞渡,?",?曀?05-6315181,??????
2313,?脫?蝮??撠暸,镼踹?????頝?4????銝剖?嚗?120.4296,23.7017,?偏蝘?憭批飛蝚研??摰?摰??镼踹???蝡???256,"瘞渡,?",?撰??05-6315243,??????
2314,?脫?蝮??撠暸,镼踹?????頝?4??????,120.4296,23.7017,?偏蝘?憭批飛蝚砌???摰?摰??镼踹????啣???390,"瘞渡,?",?撰??05-6315243,??????
2315,?脫?蝮?镼輸?,?啗正??瘞?頝???120.199483,23.701788,?箄正???,?啗正??150,?,?湧脤?,6982045,??????
2316,??蝮?嘀靚琿?,??????頝?7-10??120.7753,23.7029,??蝷曉?瘣餃?銝剖?,????-2??60,"瘞渡,瘚瑕",?唾?敺?2753610,??????
2317,?脫?蝮??撠暸,?啣????啣?61銋???120.419,23.7039,?啣?蝷曉?瘣餃?銝剖?,?啣???蝡???103,瘞渡,?偌璁?05-6331135,??????
2318,?脫?蝮??撠暸,镼踹扈??164銋???120.3893,23.7044,镼踹扈蝷曉?瘣餃?銝剖?,镼踹扈???勗扈??117,瘞渡,?單獢?05-6651149,??????
2319,?脫?蝮??摨恍,?像??隞?銵?1??120.3532,23.7045,?像瘣餃?銝剖?,?像???勗像??74,"瘞渡,?",??皛?05-6650605,??????
2320,?脫?蝮??撠暸,?勗扈??162??120.3903,23.7045,?勗扈蝷曉?瘣餃?銝剖?,?勗扈??镼踹扈??54,瘞渡,?孵???05-6651635,??????
2321,?脫?蝮???剖?,,銝剖控頝?49撌?0??120.54064,23.704635,撏耨???砍?38??200,"瘞渡,?,?瘚?瘚瑕",?單??05-5325196,??????
2322,?脫?蝮??敹?,?唳???銴??皝?敺抵?頝?1??120.2839,23.7048,敺抵???,?唳???0-16??150,"瘞渡,?",????05-6972490,??????
2323,?梯蝮?璁桅?,???2??4-8??121.412375,23.704834,?蝷曉?瘣餃?銝剖?,???100,"瘞渡,?瘚?瘚瑕",閮梯暻?03-8751114,??????
2324,?脫?蝮??ａ?,摰????勗????摰?頝?09??120.2492,23.705,摰???撠飛瘣餃?銝剖?,摰???234,"瘞渡,?",閮梯??05-6991454,??????
2325,?脫?蝮???剖?,璇???璇?頝?56??120.594878,23.705004,璇???,璇???皝控??璁游???200,"瘞渡,?,?瘚?瘚瑕",蝮賢?銝颱遙瞏蔔??05-5572211-13,??????
2326,?脫?蝮??摨恍,?像??擐砍?頝?74??120.3536,23.7053,擐砍???摮貊?瘣餃?銝剖?,撏???勗像??镼踹像???像???像???啣???297,"瘞渡,?",?單?憡?05-6653864701,??????
2327,?脫?蝮??撠暸,蝡???蝡?銵?0??120.4283,23.7059,蝡???瘣餃?銝剖?,蝡????啣???114,瘞渡,撱滬??05-6341202-041,??????
2328,?脫?蝮???剖?,敹???銝剜迤頝???120.5402,23.7061,敹?????瘣餃?銝剖?,敹???50,"瘞渡,?,?瘚?瘚瑕",?喳遣??05-5322610,??????
2329,?脫?蝮??摨恍,镼踹像??瘞?頝?3-2??120.3511,23.7066,蝚砌??犖?熒瘣餃?銝剖?,撏???勗像??镼踹像???像???像???啣???111,"瘞渡,?",撘萇?憪?05-6652289,??????
2330,?脫?蝮???剖?,靽∠儔????頝???璅?120.5499,23.7067,靽∠儔????瘣餃?銝剖?,靽∠儔??50,"瘞渡,?,?瘚?瘚瑕",?質??05-5324264,??????
2331,?脫?蝮???剖?,,甇??頝???120.5363,23.7072,甇??銝剖飛,?漯???瑕????噸??銝像??靽????瑕像??1200,"瘞渡,?,?瘚?瘚瑕",蝮賢?銝颱遙?筒??05-5512502,??????
2332,?脫?蝮??撠暸,撟喳????儔頝?2??120.450732,23.707249,撟喳????唬?摰?撟喳???126,,撘萇憍?05-6322742-103,??????
2333,?梯蝮??瞈梢?,蝤臬???71??121.5419,23.7085,蝤臬??齒?祈?瘣餃?銝剖?,蝤臬???0,"瘞渡,?,?瘚?,?眼??03-8711029,??????
2334,??蝮?縑蝢拚?,??????撌?14-1??120.853432,23.709187,??瘣餃?銝剖?,????100,"瘞渡,?,?瘚?,?⊿Ｘ ????049-2791193,??????
2335,?脫?蝮??撠暸,?漯???漯81銋???120.4045,23.7095,?漯蝷曉?瘣餃?銝剖?,?漯??97,瘞渡,瘙颲?05-6332786,??????
2336,?脫?蝮??撠暸,?啗????儔頝?22??120.4433,23.7095,???偏擃?銝剖飛?擗??曹????啗???銝剖控??357,"瘞渡,?",?捷??05-6322121-209,??????
2337,?梯蝮?陶?,?瑟????瑟?頝???121.4195,23.7097,?瑟?蝷曉?瘣餃?銝剖?,?瑟???50,"瘞渡,?瘚?,???蝣?03-8751131,??????
2338,?梯蝮?璁桅?,???1??3-3??121.414808,23.709766,?祆旨??撟澆??????50,"瘞渡,?瘚?瘚瑕",閮梯暻?03-8751114,??????
2339,?脫?蝮??撠暸,銝漯??憭批?77-1??120.4605,23.7102,銝漯蝷曉?瘣餃?銝剖?,銝漯??69,瘞渡,撘萇儔瘛?05-6220101,??????
2340,??蝮?嘀靚琿?,?扳????頝?1??120.7818,23.7113,?扳???撠??恕2???扳???-7??150,"瘞渡,?,?瘚?瘚瑕",??靽?049-2752437,??????
2341,?脫?蝮??ａ?,?????勗??摰???頝?7??120.2657,23.7116,????瘣餃?銝剖?,??????????,91,"瘞渡,?",??瘜?05-6991244,??????
2342,?脫?蝮??撠暸,撟喳???憭扳?銵?23??120.4491,23.7116,憭??賣暑?葉敹?撟喳????啗???360,瘞渡,?剔╡??05-6322132-216,??????
2343,?脫?蝮??撠暸,摰??瘞蜓頝?6??120.4402,23.7117,摰???唬?摰?摰??銝剖控??90,,暺遣銝?05-6322161-704,??????
2344,?脫?蝮??撠暸,?砍???5?唳偌皞楝10-10??120.432713,23.711752,?偏?桃?擃???偏??6000,?,?唾??05-6322132-207,??????
2345,?脫?蝮???剖?,,?脰??69??120.5512,23.7129,??葉,?格???怠噸?????????????隞???敹???靽∠儔???祈????噸??1000,,蝮賢?銝颱遙?喳?頠?05-5323297-301,??????
2346,??蝮?縑蝢拚?,?噸??銝剖像撌?2-5??120.868377,23.712945,敹縑瘣餃?銝剖?,?噸??-14??50,"瘞渡,?,?瘚?,?蝳?????049-2791151,??????
2347,?脫?蝮??撠暸,?砍????迤頝?8??120.4315,23.7135,?偏??擃擗??砍???敺瑁???摰漯??686,"瘞渡,?",????05-6322026-21,??????
2348,?脫?蝮???剖?,?祆迤???頝?2??120.5428,23.7138,?撣犖?熒瘣餃?銝剖?,?祆迤?????蝷曉??????隞????雁??憭芸像??銝剖???200,"瘞渡,?,?瘚?瘚瑕",皜豢旨??05-5325421,??????
2349,?脫?蝮???剖?,,?頝?2??,120.5428,23.7138,??砍?,?砍?38??500,"瘞渡,?,?瘚?瘚瑕",撣雓?鈭?5332000-203,??????
2350,?梯蝮?璁桅?,?祆旨??1????121.410119,23.714392,?祆旨蝷曉?瘣餃?銝剖?,?祆旨??50,"瘞渡,?瘚?瘚瑕",?喳???03-8751497,??????
2351,?脫?蝮??撠暸,?砍?????頝?5??120.4368,23.7146,?偏擃?颲脣極?瑟平摮豢瘣餃?銝剖?,?砍???敺瑁???撱箏???647,"瘞渡,?",暺???05-6322767-500,??????
2352,??蝮?姘撅梢,攳???攳?頝?2??120.6545,23.7152,攳???瘣餃?銝剖?,攳???100,"瘞渡,?,?瘚?,撘萎縑??049-2644787,??????
2353,?脫?蝮??ａ?,?啣???勗??斗??啣?頝?-5??120.251,23.7156,?啣蝷曉?瘣餃?銝剖?,?啣??蝢?,25,"瘞渡,?",暺撅?05-6993651,??????
2354,?脫?蝮??敹?,瞏桀???銴??蔭??瞏桀?96??120.3352,23.7159,瞏桀???,瞏桀???樴痔??-11??150,"瘞渡,?",撱?敶?05-6972644,??????
2355,?脫?蝮??撠暸,撱蝙????頝?530??120.4173,23.7171,撏噸?葉獢?擗?撱蝙???葉??357,"瘞渡,?",?喃?鞊?05-6322806-043,??????
2356,?脫?蝮???剖?,,?儔頝?6??120.5928,23.7176,?單朽?葉,璁港葉??璁游???皝控??璇???璁游???600,"瘞渡,?,?瘚?瘚瑕",蝮賢?銝颱遙瘝???05-5571713-94,??????
2357,?梯蝮?陶?,璉格旨???ㄝ頝?13-1??121.3972,23.7176,璉格旨?齒?祈?,璉格旨??30,瘞渡,???蝣?03-8751926,??????
2358,?脫?蝮??撠暸,??剝?,???2??120.4505,23.7182,??剔冗?瘣餃?銝剖?,??剝?,74,瘞渡,?憯?05-6220077,??????
2359,?脫?蝮??撠暸,銝漯??銝???銋???120.4734,23.7182,銝??冗?瘣餃?銝剖?,銝漯??39,瘞渡,撘萇儔瘛?05-6220101,??????
2360,?脫?蝮??撠暸,銝剜漯??皞芸?10銋???120.4614,23.7183,銝剜漯蝷曉?瘣餃?銝剖?,銝剜漯??85,瘞渡,?券??05-6224355,??????
2361,?脫?蝮?镼輸?,鈭葛??鈭葛?葉憭株楝76??120.2007,23.7185,摰正摨?鈭葛??2510,"瘞渡,?,?瘚?瘚瑕",銝???6982054,??????
2362,?脫?蝮??撠暸,??剝?,6?啣???6-1??120.451553,23.718646,??剝?瘣餃?銝剖?,??剝?,52,瘞渡,?憯?05-6220077,??????
2363,?脫?蝮???剖?,?漯???漯頝?7-2??120.522752,23.719842,?漯蝷曉?瘣餃?銝剖?,?漯??靽????瑕像??40,"瘞渡,?,?瘚?瘚瑕",?單???05-5516011,??????
2364,?脫?蝮?镼輸?,瘞貉???撏?頝?2??120.209759,23.720327,撏????,瘞貉???150,?,銝???6982142,??????
2365,?脫?蝮??撠暸,????143銋???120.4455,23.7208,?蝷曉?瘣餃?銝剖?,???摰漯??84,瘞渡,閮梁???05-6220576,??????
2366,?脫?蝮??撠暸,摰漯??摰漯6??120.4432,23.721,摰漯蝷曉?瘣餃?銝剖?,摰漯?????98,瘞渡,?⊥?敹?05-6323326,??????
2367,?脫?蝮?镼輸?,瘞貉???瘞貉???鞊?5??120.2097,23.7218,?脣?摨?摰Ｗ之璅?瘞貉???鞊????行???皜舀?,120,"瘞渡,?,?瘚?瘚瑕",閮望?瘥?6982289,??????
2368,?脫?蝮??ａ?,?????勗??蝢???頝?5-5??120.2443,23.7223,??蝷曉?瘣餃?銝剖?,????斗?,32,"瘞渡,?",?喲??05-6993505,??????
2369,??蝮?姘撅梢,?啣????唳頝?3-6??120.6886,23.7224,?啣?????,?啣???30,"瘞渡,?,?瘚?,?唾撅梢???049-2658805,??????
2370,?脫?蝮??撠暸,撱蝙??撱蝙1020??120.4201,23.723,撱蝙蝷曉?瘣餃?銝剖?,撱蝙??憓曉??80,瘞渡,?游???05-6365259,??????
2371,?脫?蝮??敹?,?唳???銴??瘣?瘞?頝?8撌?5??120.3012,23.7233,樴???,?????唳???150,"瘞渡,?",?⊥?隞?05-6972454,??????
2372,?脫?蝮???剖?,璁港葉??銝剛?頝???120.581,23.7241,璁港葉蝷曉?瘣餃?銝剖?,璁港葉??璁游???璁游???100,"瘞渡,?,?瘚?瘚瑕",璆?銝?05-5570696,??????
2373,?脫?蝮??撠暸,銝剜漯??銝剛?153??120.4559,23.7243,?偏?葉瘣餃?銝剖?,銝剜漯???漯??325,,????05-6220647-31,??????
2374,?脫?蝮???剖?,,?脫?蝮?降???Ｗ??120.581,23.7246,樴蔬?亙熒?砍?,?砍?38??200,"瘞渡,?,?瘚?瘚瑕",撣雓?鈭?5332000-203,??????
2375,?脫?蝮?镼輸?,皞芷???皞芷?頝?65-3??120.212596,23.724606,??摰?皞芷???300,"瘞渡,?,?瘚?瘚瑕",????69810521,??????
2376,?脫?蝮???剖?,?株正??镼踹像頝???120.5861,23.7247,?株正??,銝剖????????雁??憭芸像??蝷曉???祈????桀???銝像??500,"瘞渡,?,?瘚?瘚瑕",蝮賢?銝颱遙?勗ㄚ??05-5322047-105,??????
2377,??蝮?嘀靚琿?,蝡寞????儔頝?74-7??120.758,23.7256,蝡寞?????,蝡寞???300,"瘞渡,?,?瘚?瘚瑕",?縑閮?049-2676709,??????
2378,?脫?蝮???剖?,璁游????頝?6??120.576,23.725612,璁游?蝷曉?瘣餃?銝剖?,璁游???璁港葉???怠噸??80,"瘞渡,?,?瘚?瘚瑕",鞈湧???05-5572701,??????
2379,?脫?蝮???剖?,?噸???桀?頝?12??120.53765,23.726344,?噸???瘣餃?銝剖?,?噸??50,"瘞渡,?,?瘚?瘚瑕",鞈游???05-5340986,??????
2380,?脫?蝮???折?,皝??銝?頝?8??120.6229,23.7266,皝瘣餃?銝剖?,皝??30,"瘞渡,?,?瘚?,?喳控皞?05-5897940,??????
2381,??蝮?姘撅梢,蝳???攳?頝?36-1??120.6665,23.7278,蝳蝷曉?瘣餃?銝剖?,蝳???15,"瘞渡,?,?瘚?,?剖窄璆?049-2644024,??????
2382,??蝮?姘撅梢,蝳???攳?頝?36??120.6665,23.7278,?漯??瘣餃?銝剖?,蝳???100,"瘞渡,?,?瘚?,??靽?049-2642573,??????
2383,?脫?蝮??撠暸,??????113銋???120.4842,23.7291,??蝷曉?瘣餃?銝剖?,?????漯??103,瘞渡,擳??05-6223327,??????
2384,?梯蝮?陶?,曈喃縑??銝剜迤頝?畾?20撌?4??121.4434,23.7297,曈喃縑蝷曉?瘣餃?銝剖?,曈喃縑??50,"瘞渡,?瘚?,??璉?03-8764212,??????
2385,?脫?蝮??撠暸,?漯???漯63??120.461735,23.729841,銝剜漯??撠飛?恕,銝剜漯???漯??40,瘞渡,????05-6222385,??????
2386,?脫?蝮??撠暸,?漯???漯63??120.461735,23.729841,銝剜漯??撠飛????銝剜漯???漯??200,?,????05-6222385,??????
2387,??蝮?嘀靚琿?,蝡寡????儔頝?2-12??120.75,23.7314,蝡寡?蝷曉?瘣餃?銝剖?,蝡寡???200,"瘞渡,?,?瘚?瘚瑕",??摮?049-2676085,??????
2388,??蝮?嘀靚琿?,曈喳??隞儔頝?4-8??120.7846,23.7361,曈喳蝷曉?瘣餃?銝剖?,曈喳???200,"瘞渡,?,?瘚?瘚瑕",撘萄飛皜?2750889,??????
2389,??蝮?姘撅梢,敺瑁???敺瑁?撌?3??120.6702,23.7365,敺瑁?????,敺瑁???100,"瘞渡,?,?瘚?,?喲?蝝???049-2653496,??????
2390,??蝮?偌??,銝???瘞港縑頝?畾?03撌???120.855427,23.73696,?∪???,銝???200,"瘞渡,?,?瘚?瘚瑕",?⊥???049-2821421,??????
2391,??蝮?嘀靚琿?,撱?????儔頝?00??120.7611,23.7374,撱??蝷曉?瘣餃?銝剖?,撱??????3-4??250,"瘞渡,?,?瘚?瘚瑕",暺?憿?049-2752074,??????
2392,??蝮?偌??,銝???銝銝楝9??120.857857,23.737705,?芷??,銝???50,"瘞渡,?,?瘚?瘚瑕",?單偶??049-2772141,??????
2393,??蝮?姘撅梢,蝘??,??頝?69-6??120.6877,23.738,蝘?????,蝘??,100,"瘞渡,?,?瘚?,?單?瘜⊿???049-2644703,??????
2394,?脫?蝮?镼輸?,????敺抵?頝?3??120.222261,23.739817,?啗????,????150,?,憿?憪?6900143,??????
2395,??蝮?偌??,?∪???10?圈?毽26??120.858177,23.740478,?∪?瘣曉?,?∪???50,"瘞渡,?,?瘚?,???049-2621481,??????
2396,?脫?蝮??撠暸,憓曉??11??9??120.401894,23.740995,?儔???恕,憓曉???漯???勗扈??镼踹扈??20,?,雓窄?,05-6326257-12,??????
2397,?梯蝮?陶?,曈單??銝剛頝???121.449348,23.741218,璅暑?尹,曈喟儔?陶靽⊿??控????撟喲?,150,"瘞渡,?,?瘚?,閰寡??03-8762771頧?91,??????
2398,?脫?蝮???剖?,皝控??璆?頝?2??120.555534,23.741409,皝控蝷曉?瘣餃?銝剖?,皝控??璇???璁游???40,"瘞渡,?,?瘚?瘚瑕",?抒?頞?05-5572158,??????
2399,?脫?蝮???剖?,皞芣散???砍僑頝?09??120.555534,23.741409,皞芣散??,皞芣散???????瑕???200,"瘞渡,?,?瘚?瘚瑕",蝮賢?銝颱遙?喟???05-5512485#041,??????
2400,?脫?蝮??撏?,靘?????頝?2??120.4163,23.7424,靘???撠飛,靘??儔??,500,"瘞渡,?",雓?鞎?05-5982995,??????
2401,?梯蝮?陶?,曈單??銝剜迤頝?畾???121.4472,23.7429,曈單??株??葉敹?曈單?控??,300,"瘞渡,?,?瘚?,撌怨郭??03-8762031#14,??????
2402,??蝮??撅舫,????銝剜迤頝?67銋?5??120.984755,23.743495,??????,????60,"瘞渡,?",?賣?敺琿???049-2552140,??????
2403,?梯蝮?陶?,曈單??曈單??桀?敺抵楝8??121.4488,23.7439,曈單??葉?脣噸??曈單??350,"瘞渡,?,?瘚?,?曉?暻?03-8762021,??????
2404,?脫?蝮???折?,銋?????頝?0??120.6031,23.7441,銋???,"銋???????皝??,75,"瘞渡,?,?瘚?,?∪?,05-5892647#114,??????
2405,?梯蝮?陶?,曈單???頝?24??121.4518,23.7447,曈單??桀?,曈單??80,"瘞渡,?,?瘚?,?剜?樴?03-8762772,??????
2406,?脫?蝮?正?粹,銋???????120.4229,23.745,?喳???,?喳???????皝喲???摨折?,120,"瘞渡,?,?瘚?瘚瑕",撘菜???55863074,??????
2407,?脫?蝮?正?粹,?喳????喳?81-1??,120.4235,23.7456,?喳??暑?葉敹??喳???50,"瘞渡,?瘚?瘚瑕",?皞?55862180,??????
2408,??蝮?嘀靚琿?,暽輯健??銝剜迤頝?畾?3??120.7532,23.7457,暽輯健??,????-2??100,"瘞渡,?,?瘚?瘚瑕",?╡??0492755720-115,??????
2409,??蝮?嘀靚琿?,敶圈?????撌?1 ??120.7559,23.7459,敶圈?蝷曉?瘣餃?銝剖?,敶圈???-6??0??200,"瘞渡,?,?瘚?瘚瑕",?鞈?049-2752638,??????
2410,?梯蝮?陶?,曈單??憭批?銵?-1??121.451,23.746,"曈喟旨,曈單?暑?葉敹?,曈單?陶蝳桅?,60,"瘞渡,?瘚?,撘萇???03-8763910,??????
2411,??蝮?嘀靚琿?,敶圈?????撌?0-12??120.7685,23.7466,?????,敶圈???-9??200,"瘞渡,?,?瘚?瘚瑕",?鞈?049-2752638,??????
2412,?脫?蝮???剖?,???????楝3-5??120.569365,23.746632,??蝷曉?瘣餃?銝剖?,????皞芣散???瑕???40,"瘞渡,?,?瘚?瘚瑕",憿???05-5516606,??????
2413,?脫?蝮?漸撖桅?,暻亥???22?唳?楝27-6??120.2518,23.7469,?桀?摰桅?撱?暻亥??漸瘣交????絲鞊?,665,"瘞渡,?",?喟???6932318,??????
2414,?脫?蝮?漸撖桅?,暻亥???銝剖控頝???120.2554,23.7469,?梁?摰桀?頠擐恥憭扳?,?券?,0,"瘞渡,?",撘萄?銝?6932033,??????
2415,??蝮?姘撅梢,????攳?頝?9-1??120.6758,23.7469,??????,????100,"瘞渡,?,?瘚?,?∪?撜圈???049-2656135,??????
2416,?脫?蝮???折?,銋???銝剖亢頝?60-3??120.6008,23.7471,銋?瘣餃?銝剖?,銋???30,"瘞渡,?,?瘚?,?剔雁??05-5893175,??????
2417,?脫?蝮?正?粹,??????109??120.4533,23.7474,?祇尹?暑?葉敹??祇尹??50,"瘞渡,?瘚?瘚瑕",撱?,55862446,??????
2418,?脫?蝮?漸撖桅?,???16?啗???0-1??120.2948,23.7479,?蝷曉?瘣餃?銝剖?,?????180,"瘞渡,?",?⊥?摰?05-6932075,??????
2419,??蝮?嘀靚琿?,暽輯健???噙撌?0-6??120.7527,23.7489,暽輯健蝷曉?瘣餃?銝剖?,暽輯健????5-6??200,"瘞渡,?,?瘚?瘚瑕",雓?璇?049-2752177,??????
2420,?梯蝮?陶?,曈喟儔??曈單??格偌皞楝56-2??121.4393,23.7491,曈喟儔蝷曉?瘣餃?銝剖?,曈喟儔??50,?瘚???璉?03-8763004,??????
2421,?脫?蝮?正?粹,暽踹??镼輯?桅嘀?湧?82??120.4735,23.7498,暽踹?暑?葉敹?暽踹??50,"瘞渡,?瘚?瘚瑕",?遣??55842164,??????
2422,?梯蝮?陶?,曈喃???銝剛頝?11??121.452,23.7498,曈喃?蝷曉?瘣餃?銝剖?,曈喃???50,"瘞渡,?瘚?,????03-8763174,??????
2423,?脫?蝮?獢?,?踵???颲脫頝???120.507665,23.750013,?踵??葉,?踵??之蝢???撠暹?,100,"瘞渡,?",?唾瘞?05-5842014,??????
2424,??蝮?姘撅梢,銝剖控???啁?頝?46??120.676,23.7503,?啁?蝷曉?瘣餃?銝剖?,銝剖控??150,"瘞渡,?,?瘚?,撘菟???鈭,933419458,??????
2425,??蝮?姘撅梢,銝剖控???啁?頝?46??120.676,23.7503,?啁?蝷曉?瘣餃?銝剖?,銝剖控??150,"瘞渡,?,?瘚?,璇???鈭,049-2652976,??????
2426,??蝮?嘀靚琿?,瘞賊???隞儔頝?1-12??120.7766,23.7508,瘞賊?蝷曉?瘣餃?銝剖?,瘞賊???300,"瘞渡,?,?瘚?瘚瑕",????049-2755589,??????
2427,?脫?蝮??撏?,銝???銝?頝?7??120.406,23.7511,銝???撠飛,皝喃?????,500,"瘞渡,?",?暸脩?,05-5982795,??????
2428,?脫?蝮???折?,?芷???63-5??120.6373,23.7511,?芷?鋆質銝剖?,?芷???50,"瘞渡,?,?瘚?,璆?摰?05-5892366,??????
2429,?梯蝮?陶?,曈喃???曈單??桀?敺抵楝94??121.4518,23.7512,曈喃???蝢賜?擗?曈喃???300,"瘞渡,?,?瘚?,?曇???03-8762201,??????
2430,?脫?蝮?正?粹,銋???銋?45-1??120.4328,23.7522,銋??暑?葉敹?銋???50,"瘞渡,?瘚?瘚瑕",暺脣?,55872551,??????
2431,?脫?蝮?獢?,????璁格?20-1??120.513523,23.752278,璁格?蝷曉?瘣餃?銝剖?,???之蝢?,70,瘞渡,撱閮,05-5842791,??????
2432,??蝮?姘撅梢,獢???銝剖控頝?-80??120.6914,23.7523,獢?????,獢???100,"瘞渡,?,?瘚?,??鞈???049-2633333,??????
2433,?梯蝮?陶?,憭扳旨??敺抵?頝?9??121.4676,23.7523,憭扳旨2?冗?瘣餃?銝剖?,憭扳旨??50,"瘞渡,?瘚?,????03-8763419,??????
2434,?梯蝮?陶?,憭扳旨??曈單??桀之璁?頝?5??121.4676,23.7523,憭扳旨1?冗?瘣餃?銝剖?,憭扳旨??50,"瘞渡,?瘚?,????03-8763419,??????
2435,?脫?蝮?漸撖桅?,????????7-17??120.2747,23.753,??蝷曉?瘣餃?銝剖?,?佇???舀???敺?,100,"瘞渡,?",雓邦??05-6932569,??????
2436,?脫?蝮???折?,?葉???砍?頝???120.6144,23.7537,瘛菜??葉,?葉??200,"瘞渡,?,?瘚?,?單?蝧?5892027#046,??????
2437,?脫?蝮?漸撖桅?,暻交揖??銝剖控頝?60??120.2448,23.7538,暻亙祚??瘣餃?銝剖?,暻交揖?漸鞊????絲鞊?,200,,?雁??6932266,??????
2438,??蝮?姘撅梢,銝剜迤??銝帖銵?撌?7-1??120.6854,23.754,?撱?銝剜迤??40,"瘞渡,?,?瘚?,?瘝駁???049-2644377,??????
2439,?脫?蝮???折?,?葉???砍?4??120.6153,23.7549,?葉??,?葉??100,"瘞渡,?,?瘚?,撘萄???05-5892064#103,??????
2440,??蝮?姘撅梢,蝡孵控??銝帖銵?6??120.6857,23.7549,?噸撱???,蝡孵控??120,"瘞渡,?,?瘚?,?縑??049-2644119,??????
2441,??蝮?姘撅梢,獢???銝剜迤撌?3-7??120.6971,23.7549,?予摰?獢???50,"瘞渡,?,?瘚?,????972185885,??????
2442,??蝮?姘撅梢,獢???銝剜迤撌?2??120.6967,23.7553,銝剜迤蝷曉?瘣餃?銝剖?,獢???60,"瘞渡,?,?瘚?,?剛?樴?049-2642278,??????
2443,?脫?蝮????,蝢????梯?頝???120.374054,23.755745,?梯???,蝢??葛撠暹?,27,"瘞渡,?",?單?瘙?05-6962164,??????
2444,?脫?蝮??撏?,?啣偏??12??2??120.4159,23.7558,鞈?摰??啣偏??200,"瘞渡,?",撱???05-5987750,??????
2445,?脫?蝮?正?粹,銝漣??銝漣25??120.4445,23.7559,銝漣?暑?葉敹?銝漣??50,"瘞渡,?瘚?瘚瑕",?獢,55862448,??????
2446,??蝮?姘撅梢,蝡孵控??璈怨?90??120.683024,23.75611,蝡孵控?桃洵銝?祆??嗅撣,蝡孵控??80,"瘞渡,?,?瘚?,?暸????049-2643955,??????
2447,??蝮?姘撅梢,撱嗅控??憭扯?撌?6-6??120.7252,23.7562,撱嗅控蝷曉?瘣餃?銝剖?,撱嗅控??50,"瘞渡,?,?瘚?,?遣??049-2651922,??????
2448,?脫?蝮???折?,?獄???瑟?頝?00??120.5935,23.7563,??葉,?獄??100,"瘞渡,?,?瘚?,暺???05-5899306#105,??????
2449,??蝮?姘撅梢,?脫????脫??之?楝666??120.677,23.7568,?脫???瘣餃?銝剖?,?脫???150,"瘞渡,?,?瘚?,?輔??049-2643321,??????
2450,?脫?蝮???折?,?芷????芷?1??120.6403,23.7569,????,?芷???30,"瘞渡,?,?瘚?,?曇??05-5862090,??????
2451,??蝮?姘撅梢,蝡孵控??蝡孵控頝?6??120.6861,23.757,蟡葦?砍?銝??蝡孵控??40,"瘞渡,?,?瘚?,?之鈭?049-2642987,??????
2452,?脫?蝮?獢?,?踵????踵??獢葉甇?楝147??120.497619,23.757197,?踵???,?踵???????镼踵??之蝢?,299,瘞渡,???,05-5842065,??????
2453,??蝮?姘撅梢,銝剖????控頝?畾?392??120.6687,23.7575,銝剖?蝷曉?瘣餃?銝剖?,銝剖???50,"瘞渡,?,?瘚?,??鞊?049-2651938,??????
2454,?脫?蝮????,???憭批?頝?56??120.3456,23.7578,撏???撟澆????????,300,"瘞渡,?",?偶??05-6962054,??????
2455,?脫?蝮????,???憭扳?頝?1??120.3489,23.758,撏??葉,?????,882,"瘞渡,?",?暸???05-6962013,??????
2456,?脫?蝮????,蝢????梯?頝?4??3-10??120.3673,23.758,蝢??暑?葉敹?蝢???38,瘞渡,?偶??05-6962054,??????
2457,?脫?蝮???折?,??????頝?3??120.6166,23.7585,??瘣餃?銝剖?,????30,"瘞渡,?,?瘚?,?喃???05-5895058,??????
2458,??蝮?姘撅梢,撱嗥孕??暽踹控頝?84撌?3??120.7022,23.7587,撱嗥孕蝷曉?瘣餃?銝剖?,撱嗥孕??50,"瘞渡,?,?瘚?,?喳?撌?049-2647866,??????
2459,?脫?蝮????,???憭扳?頝?54??120.347209,23.758983,撏???,?????,2267,"瘞渡,?",???05-6962004,??????
2460,?脫?蝮???折?,????銝剜迤頝?11??120.6175,23.7595,???,"?????????",300,"瘞渡,?,?瘚?,?望??05-5892019#13,??????
2461,?脫?蝮?漸撖桅?,?????1??120.2882,23.7597,???瘣餃?銝剖?,?????100,"瘞渡,?",?剖蔗??6932574,??????
2462,??蝮?姘撅梢,撱嗅???暽踹控頝?0??120.6953,23.7603,撱嗅??葉瘣餃?銝剖?,撱嗅???50,"瘞渡,?,?瘚?,?喳???049-2658641,??????
2463,??蝮?姘撅梢,蝡孵???7?唳??芸毽1??120.682,23.7605,蝡孵?????,蝡孵???40,"瘞渡,?,?瘚?,撱頛???049-2652406,??????
2464,?脫?蝮????,?望???銝剖控頝?80??120.353426,23.760759,憟予摰??望????賣?,225,瘞渡,????05-6962540,??????
2465,?脫?蝮?獢?,?踵????踵??獢??像頝?3??120.5027,23.7609,?踵???4璅旨?????儔??,50,"瘞渡,?,?瘚?瘚瑕",????05-5844661,??????
2466,?脫?蝮?獢?,?踵????像頝?3??120.502474,23.761029,?踵???4璅旨?????儔??,64,瘞渡,撱?瘨?05-5844661,??????
2467,??蝮?姘撅梢,撱嗅???憭批?銵?2??璅?120.6899,23.7616,撱嗅?????,撱嗅???70,"瘞渡,?,?瘚?,??????049-2653442,??????
2468,??蝮?姘撅梢,撱嗅????飛銵?2??120.6875,23.7618,蝡孵控??朣郭擗?撱嗅???100,"瘞渡,?,?瘚?,???蝧?049-2647440,??????
2469,?脫?蝮????,?望???銵銵???120.359259,23.761897,撏???,?望????賣??正璁格?,75,"瘞渡,?",?偶??05-6962054,??????
2470,?脫?蝮????,?望???瘞?頝???120.3573,23.7619,憭抵﹛摰??望???100,瘞渡,?陸??05-6962249,??????
2471,??蝮?姘撅梢,銝??銝頝?9??120.6849,23.7619,銝??砍?,銝,150,"瘞渡,?,?瘚?,?喳?璈?933563722,??????
2472,?脫?蝮????,镼踵旨??敹???29??120.348649,23.762521,??摰?镼踵旨??150,瘞渡,璆暑靽?05-6962336,??????
2473,?脫?蝮?正?粹,銝像??摰?81??120.4358,23.7632,銝像?暑?葉敹?銝像??50,"瘞渡,?瘚?瘚瑕",?喳???55862447,??????
2474,?脫?蝮????,憭扳???憭扳?頝?4??120.308721,23.763775,憭扳???,憭扳???306,"瘞渡,?",?批遣??05-6962741,??????
2475,?脫?蝮???折?,??????15??120.5791,23.7641,????,????100,"瘞渡,?,?瘚?,暺???05-5892044#114,??????
2476,?脫?蝮????,镼踵旨??瘞?頝?86??120.3523,23.7645,"?望?,镼踵旨,?銝??臬?瘣餃?銝剖?",?望????賣??正璁格?,296,瘞渡,?偶??05-6962054,??????
2477,??蝮?姘撅梢,銝???撌?8-11??120.6758,23.7664,?折?撱?銝??50,"瘞渡,?,?瘚?,?甇?910541123,??????
2478,?脫?蝮?正?粹,撱????镼輯?桀誨??鈭???120.4581,23.7669,撱????,撱????剝???皝喲?,500,"瘞渡,?,?瘚?瘚瑕",????55863094,??????
2479,??蝮?嘀靚琿?,????隞?頝?59-8??120.7365,23.7672,??????,????200,"瘞渡,?,?瘚?瘚瑕",????049-2753219,??????
2480,?梯蝮?陶?,????瘞?頝???121.471,23.7672,??3?冗?瘣餃?銝剖?,????50,?瘚??港蔔??8761724,??????
2481,?脫?蝮?漸撖桅?,瘚瑁???敹?59??120.2154,23.7675,瘚瑁?蝷曉?瘣餃?銝剖?,瘚瑁??漸瘣交?,50,"瘞渡,?",?瘙?05-6932840,??????
2482,?脫?蝮???折?,?????航?頝???120.5971,23.7677,瘞???,????10,"瘞渡,?,?瘚?,?⊥鞈?05-5892714#12,??????
2483,?脫?蝮?正?粹,?梯????梯?34??120.4783,23.7678,?梯??暑?葉敹??梯???50,"瘞渡,?瘚?瘚瑕",?飛甇?55862443,??????
2484,??蝮?姘撅梢,銝剖???銝剖?頝?6-15??120.6629,23.768,銝剖?????,銝剖???100,"瘞渡,?,?瘚?,?∠????049-2642200,??????
2485,??蝮?姘撅梢,撱嗅像???控頝臭?畾?161??120.7071,23.768,撱嗅像??瘣餃?銝剖?,撱嗅像??150,"瘞渡,?,?瘚?,?單旨??049-2642450,??????
2486,?脫?蝮?正?粹,撱????84??120.458,23.7682,撱???暑?葉敹?撱????50,"瘞渡,?瘚?瘚瑕",暺???55862445,??????
2487,?脫?蝮??撠暸,?葉???葉83??120.518,23.7701,?葉蝷曉?瘣餃?銝剖?,?葉??撱蝙??143,,?單???05-6331928,??????
2488,?脫?蝮?正?粹,?像??镼輯?桅?皝喲???24-3??120.4521,23.7706,?像?暑?葉敹??像??50,"瘞渡,?瘚?瘚瑕",蝔儔鞊?55862455,??????
2489,?脫?蝮??撏?,撏??銝剛?頝?6??120.413,23.7722,鈭???撠飛,撏??1000,"瘞渡,?",撱???05-5982241,??????
2490,?脫?蝮?漸撖桅?,撏???3?唳?撏?39-8??120.266569,23.772356,撏?蝷曉?瘣餃?銝剖?,撏???50,"瘞渡,?",閮梯?,05-6938491,??????
2491,?脫?蝮??撏?,皜臬???皜臬???0??120.4124,23.773,瘝寡???撠飛,瘝寡???鞈Ｘ??葛敺?,500,"瘞渡,?",撱狠蟡?05-5982600,??????
2492,??蝮?姘撅梢,撱嗆迤??撱嗆迤頝?0??120.6979,23.773,撱嗆迤??蝷曉?瘣餃?銝剖?,撱嗆迤??80,"瘞渡,?,?瘚?,?曉熄?芷???049-2641577,??????
2493,?脫?蝮?正?粹,?日???日1-1??120.4751,23.7731,?日?暑?葉敹??日??50,"瘞渡,?,?瘚?瘚瑕",????55862442,??????
2494,?脫?蝮?漸撖桅?,撏???瘝?敺?2??120.2656,23.7738,?旨??瘣餃?銝剖?,撏??????舀????剜??漸瘣交??絲鞊?????,50,"瘞渡,?",閮勗噬??6932244,??????
2495,?脫?蝮??撏?,撏正??銝剜迤頝?8??120.4069,23.7738,鈭???銝剖飛,憭抒儔??镼踵?,1500,"瘞渡,?",?暸脫ㄝ,05-5982020,??????
2496,?脫?蝮???折?,?????脰?頝?6-9??120.584,23.7738,??瘣餃?銝剖?,????30,"瘞渡,?,?瘚?,?∠???05-5897373,??????
2497,?脫?蝮?獢?,?眼????101-1??120.518992,23.77383,?眼蝷曉?瘣餃?銝剖?,?眼?????獄?????舀????,63,瘞渡,暺縑甈?05-5840786,??????
2498,?脫?蝮?漸撖桅?,瘚瑁???瘞詨?2??120.2448,23.7752,璆?蝷曉?瘣餃?銝剖?,瘚瑁??漸瘣交?,50,"瘞渡,?",?單???6931906,??????
2499,?脫?蝮???折?,?葉??璁株?頝?0??120.6113,23.7758,?葉瘣餃?銝剖?,?葉??30,"瘞渡,?,?瘚?,?暹?鈭?05-5892537,??????
2500,??蝮?姘撅梢,銝??銝頝?8-50??120.6799,23.776,銝蝷曉?瘣餃?銝剖?,銝??50,"瘞渡,?,?瘚?,????049-2652348,??????
2501,?脫?蝮?獢?,擖像??擖像頝???120.521305,23.777725,擖像??,蝢拙???撟單??????獄?????舀????,300,"瘞渡,?",雓?慦?05-5842071,??????
2502,??蝮?縑蝢拚?,鈭箏???瘞?撌?-1??120.896546,23.779044,鈭箏?瘣餃?銝剖?,鈭箏???-6??80,"瘞渡,?,?瘚?,?寡?鞎?????049-2776531,??????
2503,?脫?蝮?正?粹,暽踹???郭頝臭???120.4744,23.7793,?郭??,?祇尹?嘀?湧?,300,"瘞渡,?,?瘚?瘚瑕",暺???55863164,??????
2504,??蝮?偌??,瘞貉???憭扳?撌???120.841997,23.779422,?芣??啣之撖阡???雿?,瘞貉???????100,,??敺?049-2772223,??????
2505,?梯蝮?陶?,?像???芸撥頝?68-1??121.4584,23.7817,?像蝷曉?瘣餃?銝剖?,?像??50,"瘞渡,?瘚?,瘙???03-8771735,??????
2506,?梯蝮?ˊ鞊?,瘞渡???瘞渡?鈭?21??121.5472,23.7817,瘞渡?瘣餃?銝剖?,瘞渡???41,"瘞渡,?,?瘚?,暺???03-8601055,??????
2507,??蝮?姘撅梢,撱嗆迤???祆迤撌?0-6??120.6929,23.7827,撱嗆迤?蝷曉?瘣餃?銝剖?,撱嗆迤??100,"瘞渡,?,?瘚?,?曉熄?芷???049-2641577,??????
2508,??蝮?嘀靚琿?,蝘撜唳?,隞?頝?53-5??120.7762,23.7831,蝘撜啁冗?瘣餃?銝剖?,蝘撜唳?,200,"瘞渡,?,?瘚?瘚瑕",??撱?049-2671066,??????
2509,?梯蝮?璁桅?,閬??7??9??121.451955,23.783512,閬??撠飛,閬??130,"瘞渡,?瘚?瘚瑕",擐祇???03-8771034,??????
2510,??蝮?縑蝢拚?,?????儔撌?2??120.947694,23.783703,??瘣餃?銝剖?,????-3??100,"瘞渡,?,?瘚?,?冽??????0,??????
2511,??蝮?偌??,瘞貉?????撌?77-1??120.862437,23.783973,瘞貉?蝷曉?瘣餃?銝剖?,瘞貉???????300,,??敺?049-2772223,??????
2512,??蝮?縑蝢拚?,?????儔撌???120.950204,23.785303,????,????????100,"瘞渡,?,?瘚?,?偶???⊿,049-2741325,??????
2513,?脫?蝮????,瘞游偏????1??120.35524,23.785977,?賣???,瘞游偏????,56,"瘞渡,?",?單??05-6967670,??????
2514,?脫?蝮?漸撖桅?,敺???3?啣?摰?63??120.2393,23.786,敺?蝷曉?瘣餃?銝剖?,敺??絲鞊?,62,"瘞渡,?",???6932809,??????
2515,?脫?蝮?正?粹,?啣????啁冗100??120.4491,23.7865,?啣??暑?葉敹??啣????啗???50,"瘞渡,?瘚?瘚瑕",????55862440,??????
2516,?脫?蝮?正?粹,?航???125-1??120.4734,23.7879,?航??暑?葉敹??航???50,"瘞渡,?瘚?瘚瑕",???55870733,??????
2517,?脫?蝮?正?粹,?啣????啁冗鈭?銝?,120.4461,23.7882,????,?啣????啗????圈?,300,"瘞渡,?,?瘚?瘚瑕",瘨筋蝧?55863174,??????
2518,??蝮?縑蝢拚?,?????儔撌?3??120.945384,23.789469,??憭拐蜓????????200,"瘞渡,?,?瘚?,靚琿???,049-2742077,??????
2519,??蝮?縑蝢拚?,?????儔撌?0??120.945202,23.789961,餈芸毀?拙??????????-5??100,"瘞渡,?,?瘚?,蝐單?甈??批葦,049-2741295,??????
2520,?脫?蝮?正?粹,蝳??蝷曉87??120.4406,23.7906,蝳?暑?葉敹?蝳??50,"瘞渡,?瘚?瘚瑕",撱???55862454,??????
2521,?脫?蝮?正?粹,憭扳??鈭??剛?,120.4873,23.7909,憭扳??,憭扳??500,"瘞渡,?,?瘚?瘚瑕",暺╡??55862974,??????
2522,?脫?蝮?正?粹,憭扳??憭扳163-2??120.4872,23.7912,憭扳?暑?葉敹?憭扳??50,"瘞渡,?瘚?瘚瑕",?勗???55862449,??????
2523,?脫?蝮????,鞊旨??鞊旨頝?1??120.312303,23.79152,鞊旨??,鞊旨??擳???豢?,675,"瘞渡,?",?蝘,05-6962006,??????
2524,??蝮?嘀靚琿?,皜偌??隞?頝?03??120.7833,23.7919,皜偌蝷曉?瘣餃?銝剖?,皜偌??250,"瘞渡,?,?瘚?瘚瑕",撱郎??049-2671888,??????
2525,?脫?蝮????,??????頝???120.33041,23.792293,銝剖???,????????27,"瘞渡,?",?唾???05-6962384,??????
2526,?脫?蝮?正?粹,瞍Ｗ????噙镼輯楝鈭?銝?,120.4601,23.7928,镼輯?葉,瞍Ｗ??迤??,600,"瘞渡,?,?瘚?瘚瑕",?蔗??55863522,??????
2527,?脫?蝮?正?粹,甇????镼輯?格迤???噙镼輯楝105撌?1-1??120.4633,23.7933,蝷箇????,甇????200,"瘞渡,?,?瘚?瘚瑕",撱??55866221,??????
2528,??蝮?縑蝢拚?,?啣???縑撌?-1??120.943862,23.793542,?瘣餃?銝剖?,?啣??100,"瘞渡,?,?瘚?,?曇甇?????049-2742526,??????
2529,?脫?蝮?正?粹,瞍Ｗ???镼輯??楝354??120.4569,23.7936,瞍Ｗ??暑?葉敹?瞍Ｗ???50,"瘞渡,?瘚?瘚瑕",撱瘛?55872446,??????
2530,??蝮?縑蝢拚?,?啣???縑撌?7??120.943332,23.793828,?啣??,?啣??50,"瘞渡,?,?瘚?,?凋蔔???⊿,049-2741254,??????
2531,?脫?蝮?正?粹,憭批???憭批?頝臬???120.471,23.7946,镼輯颲脣極,憭批????,700,"瘞渡,?,?瘚?瘚瑕",?∪予敺?55862024,??????
2532,??蝮?縑蝢拚?,鈭箏???瘜Ｙ撌?8-3??120.921385,23.794817,瘜Ｙ瘣餃?銝剖?,鈭箏???-10??100,"瘞渡,?,?瘚?,?啗???????049-2741092,??????
2533,敶啣?蝮??瘞湧?,????曌餃∟楝20??120.642545,23.794879,???暑?葉敹?????127,"瘞渡,?瘚?瘚瑕",撘???04-8793962,??????
2534,?梯蝮?ˊ鞊?,蝐單ㄖ??蝐單ㄖ頝臭?畾?1??121.5243,23.7951,蝐單ㄖ瘣餃?銝剖?,蝐單ㄖ??34,"瘞渡,?,?瘚?瘚瑕",暺?頛?03-8741367,??????
2535,?脫?蝮?漸撖桅?,?賢????賢?176-3??120.2824,23.7953,?賢??臬?瘣餃?銝剖?,?賢???????剜????,100,"瘞渡,?",閮望?鞊?05-6913191,??????
2536,?脫?蝮?正?粹,撱?????啗?頝臭???120.4653,23.7953,銝剖控??,撱????500,"瘞渡,?,?瘚?瘚瑕",雿╡??55862039,??????
2537,?脫?蝮??撏?,瘞詨???瘞詨?頝?238 ??120.4198,23.7959,瘞詨???撠飛,摰??偶摰???憭扯?儔摨?,500,"瘞渡,?",????05-5982796,??????
2538,?脫?蝮?正?粹,撱????瘞?頝?0??120.4655,23.7965,???賊尹,撱????瘞詨???銝剖???200,"瘞渡,?,?瘚?瘚瑕",?剔??55864334,??????
2539,??蝮?偌??,瘞???瘞?頝?57??120.924508,23.797088,瘞?蝷曉?瘣餃?銝剖?,瘞???200,"瘞渡,?,?瘚?,撘菜???049-2741785,??????
2540,??蝮?偌??,瘞???銝剖飛頝?9??120.924508,23.797088,瘞??葉蝳桀?,瘞???500,"瘞渡,?,?瘚?瘚瑕",?單?瞈望??049-2741138,??????
2541,?脫?蝮?漸撖桅?,銝???11?唬?敺瑁正頝臭?畾?6??120.2649,23.7975,銝?蝷曉?瘣餃?銝剖?,銝??葉?????剜?,100,"瘞渡,?",撘萄?銝?05-6911737,??????
2542,?脫?蝮?漸撖桅?,銝剛???6?啗迂??銵???120.229235,23.797881,銝剛?瘣餃?銝剖?,銝剛???100,"瘞渡,?",閮勗???05-6916230,??????
2543,?脫?蝮?漸撖桅?,璈??隞噸?248??120.273868,23.797886,璈??瘣餃?銝剖?,璈??200,"瘞渡,?",?璁格?,05-6912707,??????
2544,敶啣?蝮??瘞湧?,?∪????∪?頝?1-1??120.649193,23.797909,?∪??暑?葉敹??∪???65,"瘞渡,?瘚?瘚瑕",?剜??04-8793492,??????
2545,?脫?蝮?正?粹,撱?????脫?蝮?正?粹?儔镼輯楝20??镼輯?桀?嚗?120.4654,23.798,镼輯?桀?,撱????瘞詨???銝剖???400,"瘞渡,?,?瘚?瘚瑕",?剔??55863203,??????
2546,?脫?蝮?正?粹,摰?????頝臭?銝0??120.4393,23.7982,摰???,摰???瘝喳???300,"瘞渡,?,?瘚?瘚瑕",瘣芸???55863154,??????
2547,?脫?蝮?正?粹,憭批???镼輯?桀之???儔?梯楝95??120.4725,23.7983,憭批??暑?葉敹?憭批???50,"瘞渡,?,?瘚?瘚瑕",?暸脣,55875052,??????
2548,??蝮?偌??,?????喲撌?7-2??120.865831,23.798748,??蝷曉?瘣餃?銝剖?,?啣控?洵1?啜?撏?,100,,鞈湔???049-2775391,??????
2549,?脫?蝮?正?粹,瘝喳???镼輯?格眾??瘝喳?58??120.4414,23.7995,瘝喳??暑?葉敹?瘝喳???50,"瘞渡,?,?瘚?瘚瑕",??,55862451,??????
2550,?脫?蝮?正?粹,瘝喳???瘝喳?58??120.4414,23.7995,瘝喳??暑?葉敹?瘝喳???50,"瘞渡,?瘚?瘚瑕",??,55862451,??????
2551,?脫?蝮?正?粹,銝剛???撱嗅像頝臭?嚗???120.4489,23.7996,????,銝剛???摰?,500,"瘞渡,?,?瘚?瘚瑕",璇???55862013,??????
2552,?脫?蝮?正?粹,閰???閰?16-1??120.4456,23.7997,閰??暑?葉敹?閰???50,"瘞渡,?瘚?瘚瑕",????55862450,??????
2553,?脫?蝮?正?粹,摰???摰?100??,120.4394,23.7998,摰??暑?葉敹?摰???50,"瘞渡,?瘚?瘚瑕",蝔脰?,55862453,??????
2554,敶啣?蝮??瘞湧?,憭批???敶啣?蝮??瘞湧?憭批???楝鈭挾316??120.6424,23.8,皞???瘣餃?銝剖?,?券?,80,"瘞渡,?,?瘚?瘚瑕",瘙?蝛?04-8792304,??????
2555,敶啣?蝮??瘞湧?,靽桐???靽桐?頝?7-3??120.631495,23.800055,靽桐??暑?葉敹?靽桐???131,"瘞渡,?瘚?瘚瑕",暺???04-8790236,??????
2556,敶啣?蝮??瘞湧?,鋆????楝2畾?64??120.6309,23.8003,鈭偌??,鋆???????60,"瘞渡,?,?瘚?瘚瑕",蝢???04-8794598,??????
2557,?脫?蝮??撏?,摨正???祇尹15-1??120.3637,23.8006,蝳芸?摰?憭批???镼踵??之??,200,"瘞渡,?",瘣芣陸銝?05-5983879,??????
2558,?脫?蝮?正?粹,蝳???撱嗅像頝?80??120.4608,23.8013,镼輯蝳?摰?蝳????舫??葉??,120,"瘞渡,?,?瘚?瘚瑕",璆???05-5865490,??????
2559,?脫?蝮?正?粹,蝳???銝剖?頝?1??120.4599,23.8018,?臬??齒?祈?,蝳??????100,"瘞渡,?瘚?瘚瑕",?喟???55864354,??????
2560,?脫?蝮?正?粹,銝剛????勗?頝?26??120.4548,23.8028,?勗??葉,銝剛????舫?????,600,"瘞渡,?,?瘚?瘚瑕",????55874171,??????
2561,?梯蝮?陶?,?旨??瘞詨熒頝?4??121.45,23.8035,?旨蝷曉?瘣餃?銝剖?,?旨??50,"瘞渡,?瘚?,瘙???03-8771014,??????
2562,??蝮?偌??,瘞貉?????銝頝?5??120.857221,23.804301,瘞貉?蝷曉?瘣餃?銝剖?,瘞貉???300,,?喲?撣?049-2771352,??????
2563,敶啣?蝮??瘞湧?,憭批???憭批?撌?11-9??120.637258,23.804774,憭批??暑?葉敹?憭批???108,"瘞渡,?瘚?瘚瑕",?喳遣隞?04-8791318,??????
2564,??蝮?嘀靚琿?,???隞?頝?9-3??120.7929,23.8048,?蝷曉?瘣餃?銝剖?,???250,"瘞渡,?,?瘚?瘚瑕",???049-2671056,??????
2565,??蝮?偌??,銝???瘞港縑頝航楝3畾?21撌???120.835733,23.806556,銝?蝷曉??犖?尹,銝???50,,??撟?932552166,??????
2566,??蝮?偌??,銝???銝銝楝9??120.835733,23.806556,銝?蝷曉?瘣餃?銝剖?,銝???200,,?單偶????911663799,??????
2567,??蝮?偌??,?陸??隞?頝?-19??120.835733,23.806556,?陸蝷曉?瘣餃?銝剖?,?陸??400,,?喳???049-2777123,??????
2568,?脫?蝮?漸撖桅?,?瑕???6?圈??2-2??120.2891,23.8067,?瑕?瘣餃?銝剖?,?瑕??????????剜?????,50,"瘞渡,?",?單迤??05-6912059,??????
2569,敶啣?蝮??瘞湧?,????撅梯頝臭?畾?8-1??120.632285,23.806923,???暑?葉敹?????127,"瘞渡,?瘚?瘚瑕",?喳振蟡?04-8793788,??????
2570,敶啣?蝮??瘞湧?,鋆???鋆?撌?3??120.618217,23.807484,??摰?鋆???160,"瘞渡,?瘚?瘚瑕",閮梁???04-8793824,??????
2571,?脫?蝮?漸撖桅?,?啣????啣?69??120.2763,23.8076,?啣?蝷曉?瘣餃?銝剖?,?????敺??漸鞊?,30,"瘞渡,?",????6912945,??????
2572,敶啣?蝮??瘞湧?,銝???撅梯頝臭?畾?13-5??120.631193,23.808275,瘚瑁??暑?葉敹?銝???53,"瘞渡,?瘚?瘚瑕",?撖?04-8792363,??????
2573,??蝮?姘撅梢,撅勗????控頝臭?畾?729??120.7205,23.8095,蝷曉祚?葉?恕?暑?葉敹?撅勗???100,"瘞渡,?,?瘚?,?敶?049-2622010,??????
2574,敶啣?蝮??瘞湧?,鈭偌???⊿?頝臭?畾?25??120.615818,23.80974,鈭偌?暑?葉敹?鈭偌??21,"瘞渡,?瘚?瘚瑕",璆??04-8790512,??????
2575,敶啣?蝮??瘞湧?,????皞芷?撌?2??120.616648,23.809958,?擗其?璅?????114,"瘞渡,?瘚?瘚瑕",?單?隞?04-8794333,??????
2576,??蝮?偌??,????瘞?頝?51??120.854753,23.810077,瘞湧???蝳桀?,????500,,?券脩??⊿,049-2770014,??????
2577,??蝮?偌??,?極??瘞?頝???120.857053,23.811019,瘞湧??葉擃擗??極????7??500,,?喳?瞈?049-2772141,??????
2578,??蝮?偌??,?極??瘞?頝?12??120.856075,23.811322,瘞湧???,?極??????200,,?喟雿???049-2772141,??????
2579,敶啣?蝮??瘞湧?,??????銝 撌???120.618783,23.811622,???暑?葉敹?????56,"瘞渡,?瘚?瘚瑕",?喲,04-8792166,??????
2580,??蝮?姘撅梢,銝剖亢???控頝?畾?55??120.738,23.8118,銝剖???瘣餃?銝剖?,銝剖亢??80,"瘞渡,?,?瘚?,?唾?璁?049-2622625,??????
2581,??蝮?偌??,??????頝?7??120.853693,23.812232,銝????,????100,"瘞渡,?,?瘚?瘚瑕",璆?憒?049-2772141,??????
2582,??蝮?偌??,??????銵?6??120.853008,23.81304,蝚砌?蝡????港?璅?????500,,璆?憒?049-2771493,??????
2583,??蝮?姘撅梢,撖????控頝?畾?22??120.747,23.8141,撖?蝷曉?瘣餃?銝剖?,撖???50,"瘞渡,?,?瘚?,?單???049-2622012,??????
2584,敶啣?蝮??瘞湧?,?????脖?撌?0-1??120.615971,23.814279,???暑?葉敹?????64,"瘞渡,?瘚?瘚瑕",摮??04-8796929,??????
2585,敶啣?蝮?漯撌?,瞏格???敶啣?蝮?漯撌?瞏格??頠楝1畾?46??120.5195,23.8143,瞏格???,"瞏格???撘萄???,42,"瘞渡,?,?瘚?瘚瑕",蝮賢?銝颱遙?單鞈?04-8803059,??????
2586,??蝮?姘撅梢,銝剖亢???控頝?畾?236撌???120.7334,23.8145,銝剖亢蝷曉?瘣餃?銝剖?,銝剖亢??43,"瘞渡,?,?瘚?,?撌?049-2622252,??????
2587,敶啣?蝮??瘞湧?,鈭摩???頝?22??120.612113,23.814864,鈭摩?暑?葉敹?鈭摩??31,"瘞渡,?瘚?瘚瑕",?喳之璉?04-8795951,??????
2588,??蝮?偌??,銝剖亢??銝剜迤頝?16??120.852127,23.814914,銝剖亢蝷曉?瘣餃?銝剖?,銝剖亢??500,,?樴?049-2772141,??????
2589,敶啣?蝮?漯撌?,憭批???敶啣?蝮?漯撌?憭??葉璈怠毽1??120.5675,23.816,憭批???,"憭批???璁桀???,42,"瘞渡,?,?瘚?瘚瑕",蝮賢?銝颱遙???,04-8802438,??????
2590,??蝮??瘙?,甇衣????撌?8??120.8851,23.8169,?交?瞏剔?脤?摮訾葉敹?????,甇衣??30,"瘞渡,?,?瘚?,擳?獢,049-2861122,??????
2591,??蝮?偌??,颲脣???瘞?頝?58??120.854148,23.817226,瘞湧??噙?澈,颲脣???300,,?單??049-2772141,??????
2592,??蝮?姘撅梢,蝷曉祚??憭批銵?5??120.7223,23.8174,蝷曉祚蝷曉?瘣餃?銝剖?,蝷曉祚??80,"瘞渡,?,?瘚?,?鋆?049-2624653,??????
2593,??蝮?偌??,?葉??瘞?頝?35??120.848799,23.817421,蝢拇?撱??葉?撅望?,20,,撘萄???049-2770255,??????
2594,??蝮?縑蝢拚?,瞏剖????像撌?6-2??120.940118,23.817457,瞏剖?瘣餃?銝剖?,瞏剖???-2??40,"瘞渡,?,?瘚?,靚瑚???????049-2741561,??????
2595,??蝮????,?唳???憭?撌?1銋?8??120.6924,23.8185,?唳?????,?唳???-12??30,"瘞渡,?,?瘚?,?喳?璅???049-2731896,??????
2596,敶啣?蝮??瘞湧?,???銝儔撌?0-7??120.607488,23.818606,??暑?葉敹????64,"瘞渡,?瘚?瘚瑕",?⊿???04-8796327,??????
2597,??蝮?偌??,瘞湧???撅梢?撌?92??120.852233,23.818731,?思?撖嗅悅,瘞湧???300,,?唾敹?049-2770228,??????
2598,?梯蝮?ˊ鞊?,皞芸??皞芸頝?03撌???121.4734,23.8195,皞芸瘣餃?銝剖?,皞芸??50,"瘞渡,?,?瘚?瘚瑕",暺???03-8652809,??????
2599,??蝮?偌??,?啣???銝剖控頝臭?畾?50??120.848389,23.819695,?????降摰扎?05-106??01-208?恕,?啣???400,,閮勗遣??049-2770140,??????
2600,??蝮????,?葉???葉撌?1-12??120.6436,23.821,?葉???暹暑?葉敹??葉??-11??30,"瘞渡,?",?喳遣撌???0933-420047,??????
2601,??蝮?縑蝢拚?,瞏剖????像撌?8??120.93987,23.821418,瞏剖???,瞏剖???-4??60,"瘞渡,?,?瘚?,?????⊿,049-2741381,??????
2602,??蝮??瘙?,?剔冗??撟喳?撌?0銋???120.908,23.8234,?剔冗蝷曉?瘣餃?銝剖???銝?摰??剔冗??50,"瘞渡,?,?瘚?,暺???049-2861789,??????
2603,敶啣?蝮??瘞湧?,?????芰銝撌?6??120.612473,23.823503,???暑?葉敹?????142,"瘞渡,?瘚?瘚瑕",??╡憿?04-8796603,??????
2604,敶啣?蝮?漯撌?,????敶啣?蝮?漯撌????撅梯楝2畾?65??120.5448,23.8261,????,"????????镼輻???-8??,42,"瘞渡,?,?瘚?瘚瑕",蝮賢?銝颱遙?梁?敶?04-8802225,??????
2605,敶啣?蝮?漯撌?,銝???敶啣?蝮?漯撌?銝??葉憭株楝2畾?1??120.4945,23.8269,銝???,"銝???銝?????,42,"瘞渡,?,?瘚?瘚瑕",蝮賢?銝颱遙雓振鞊?04-8895080,??????
2606,??蝮????,?剖祚???剖祚撌?銋?0??120.679,23.8284,?剖祚????,?剖祚??-15??50,"瘞渡,?",?⊥?????049-2734560,??????
2607,敶啣?蝮??瘞湧?,??????頝?3-1??120.601502,23.828596,???暑?葉敹?????22,"瘞渡,?瘚?瘚瑕",?喳眾摰?04-8745687,??????
2608,敶啣?蝮??瘞湧?,敺抵????⊿?頝?畾?72??120.604775,23.829548,敺抵??暑?葉敹?敺抵???113,"瘞渡,?瘚?瘚瑕",????04-8795888,??????
2609,??蝮????,瞈偌??蝳?撌?4??蝳?摰格?嚗?120.7121,23.8308,瞈偌????,瞈偌??-18??40,瘞渡,?單狠蝺舀???049-2732409,??????
2610,??蝮?偌??,頠???瘞?撌?27??120.865694,23.831567,頠???蝳桀?,頠?????0??200,,?券脩??⊿,049-2771447,??????
2611,??蝮???,??????頝?05??120.785291,23.831643,????????函冗?瘣餃?銝剖?,????50,"瘞渡,?,?瘚?,閮勗?憯?049-2764076,??????
2612,??蝮??瘙?,甇衣????頝?4??120.894,23.8318,?望??誨??甇衣??25,"瘞渡,?,?瘚?,?之??049-2895371,??????
2613,敶啣?蝮?銝剝,憭批???憭批?頝?畾?12??120.594904,23.831884,?剖予摰桀誨??憭批???181,"瘞渡,?瘚?瘚瑕",?∩???04-8761122,??????
2614,敶啣?蝮?漯撌?,瘞游偏??敶啣?蝮?漯撌?瘞游偏?云撟唾楝137??120.4716,23.8319,瘞游偏??,瘞游偏??42,"瘞渡,?,?瘚?瘚瑕",蝮賢?銝颱遙?喳蝬?04-8892442,??????
2615,??蝮?偌??,頠???瘞?撌?3-1??120.86443,23.833623,頠?蝷曉?瘣餃?銝剖?,頠???1??3??50,,?勗?隞?049-2772141,??????
2616,??蝮????,?曉控??鞊?頝?8??120.6339,23.8342,?曉飯蝷曉?瘣餃?銝剖?,?曉控??-14??60,"瘞渡,?",?唾?箇冗?????0952-681996,??????
2617,??蝮???,瘞豢????湔?撌?-1??120.817036,23.83455,瘞豢???????函冗?瘣餃?銝剖?,瘞豢???20,"瘞渡,?,?瘚?,?單邦??049-2761181,??????
2618,??蝮????,?暹????頝臭?畾?16銋???120.6355,23.8346,?暹?????,?暹???-12??40,"瘞渡,?",?喳??單???049-2581563,??????
2619,?梯蝮?ˊ鞊?,鞊??鞊頝?畾?3??121.5096,23.8351,鞊瘣餃?銝剖?,鞊??32,"瘞渡,?,?瘚?瘚瑕",?暹??03-8652803,??????
2620,??蝮????,撏???頝臭?畾?50??120.66,23.8353,撏???暹暑?葉敹?撏??-10??30,"瘞渡,?",雓??交???049-2582662,??????
2621,??蝮???,?啣祚??樴?撌?5??120.7509,23.8363,?臬?菜銝剖?,?券,300,"瘞渡,?,?瘚?瘚瑕",????049-2781439549512,??????
2622,??蝮????,????撣撌?0-2??120.702841,23.837014,??????,????~12??20,瘞渡,?喃縑憒???049-2737221,??????
2623,??蝮??瘙?,?剔冗??撟喳?撌?05??120.9027,23.8373,?剔冗??,?剔冗??75,"瘞渡,?,?瘚?,瘣芣鈭?049-2861237,??????
2624,敶啣?蝮?姘憛?,?圈????頝?0??120.448869,23.837309,?圈??,?圈??200,"瘞渡,?,?瘚?瘚瑕",????04-8972189,??????
2625,??蝮????,銝剜迤??敶啣?頝?0-1??120.7033,23.8382,?祆?銝剖控??銝剜迤??-21??50,"瘞渡,?,?瘚?,銵摰支蜓隞駁蝯?,2732116-111,??????
2626,敶啣?蝮?漯撌?,?喳祚??敶啣?蝮?漯撌??喳祚??璅孵毽29??120.5229,23.8391,?喳祚??,?喳祚??42,"瘞渡,?,?瘚?瘚瑕",蝮賢?銝颱遙????04-8802165,??????
2627,敶啣?蝮?之??,?祇尹????頝?-8??120.300323,23.83961,瘞詨???,?祇尹??100,"瘞渡,?,?瘚?瘚瑕",?迤??8941640,??????
2628,敶啣?蝮?銝剝,銝???憭批?頝?畾?00??120.594376,23.840611,憭批???,銝???撅梢?,181,"瘞渡,?,?瘚?瘚瑕",?喟???876112,??????
2629,?梯蝮?ˊ鞊?,璅寞???憭扳邦??9??121.4692,23.8407,璅寞?瘣餃?銝剖?,璅寞???38,"瘞渡,?,?瘚?瘚瑕",暺???03-8652810,??????
2630,??蝮????,銝剖控???頝臭?畾?3??120.6932,23.8419,銝剖控????,銝剖控??-18??50,瘞渡,?冽??舀???049-2731889,??????
2631,敶啣?蝮??敹?,蝢??????梯楝100??120.51,23.842,蝢???,?尹?擗冽???擗冽?????????,100,"瘞渡,?,?瘚?瘚瑕",?折?,048-296249-31,??????
2632,敶啣?蝮?之??,撅梯???文控頝?7??120.31032,23.842146,?砍?摰?撅梯??100,"瘞渡,?瘚?瘚瑕",蝢???8943605,??????
2633,敶啣?蝮?之??,銝控??憭批控頝?-1??120.318028,23.842192,銝控蝷曉?瘣餃?銝剖?,銝控??100,"瘞渡,?瘚?瘚瑕",?⊿?鋡?8941155,??????
2634,??蝮????,?啣????啣?頝?4??120.6591,23.8427,?啣?????,?啣???-13??60,瘞渡,?喳?蟡交???049-2732768,??????
2635,敶啣?蝮?漯撌?,镼輻???撱??撌?4??120.5399,23.8429,????镼輻??,镼輻???-16??42,"瘞渡,?,?瘚?瘚瑕",?銝颱遙?喳遣??04-8802179,??????
2636,敶啣?蝮?漯撌?,皞芸???敶啣?蝮?漯撌?皞芸??葉撅梯楝2畾?62??120.4791,23.8442,?儔??,"皞芸???????,33,"瘞渡,?,?瘚?瘚瑕",蝮賢?銝颱遙暺??04-8892244,??????
2637,敶啣?蝮?姘憛?,璅寡??蝳頝???120.447765,23.844303,璅寡蝷曉?瘣餃?銝剖?,璅寡??50,"瘞渡,?瘚?瘚瑕",???,8970067,??????
2638,敶啣?蝮?之??,????閮勗?撌?0??120.272574,23.844414,?箄正蝷曉?瘣餃?銝剖?,????100,"瘞渡,?瘚?瘚瑕",閮勗控??919811567,??????
2639,?梯蝮?ˊ鞊?,鞊控??銝剖控頝?1??121.4918,23.8464,鞊控??,鞊控??50,"瘞渡,?,?瘚?瘚瑕",??摰?03-8651640,??????
2640,敶啣?蝮?姘憛?,?啣誨????頝臬誨蝳毽57??120.430132,23.846486,?啣誨蝷曉?瘣餃?銝剖?,"?啣誨??皞芸???,100,"瘞渡,?瘚?瘚瑕",????8972978,??????
2641,??蝮????,銝???銝剖?撌???120.6367,23.8468,銝?蝷曉?瘣餃?銝剖?,銝???-14??30,"瘞渡,?",雓?樴冗?????0955-401472,??????
2642,敶啣?蝮?姘憛?,?瑕????梢頝臭?畾?23??120.386672,23.847335,?瑕???,"?瑕????瑕?",100,"瘞渡,?,?瘚?瘚瑕",?唾眼??04-8972694,??????
2643,?梯蝮?ˊ鞊?,鞊控??銝剖控頝?27撌?5??121.4936,23.8478,鞊控瘣餃?銝剖?,鞊控??47,"瘞渡,?,?瘚?瘚瑕",?單??03-8652801,??????
2644,敶啣?蝮?之??,?????勗?頝?3-1??120.282454,23.848336,????,????100,"瘞渡,?,?瘚?瘚瑕",蝧???8945107,??????
2645,??蝮??瘙?,?交???銝剜迤頝?11撌???120.9355,23.8485,敺瑕???,?交???150,"瘞渡,?,?瘚?,蝪⊥???049-2850441,??????
2646,敶啣?蝮?姘憛?,?澈???梢頝臭?畾?62??120.409448,23.84954,?澈??,"?扳???澈??,100,"瘞渡,?,?瘚?瘚瑕",雿??04-8972140,??????
2647,敶啣?蝮??剝?,蝡孵???蝡孵?頝?87??120.454562,23.850218,蝡孵?蝷曉?瘣餃?銝剖?,蝡孵???50,"瘞渡,?瘚?瘚瑕",暺隞?04-8893621,??????
2648,敶啣?蝮?漯撌?,皞芸???銝剖亢頝臭?畾?00??120.4951,23.8504,皞芸??葉,皞芸???78,"瘞渡,?,?瘚?瘚瑕",蝮賢?銝颱遙撘萄?隞?04-8895054,??????
2649,??蝮????,銝???撘?撌?6銋???120.6262,23.8504,撘?蝷曉?瘣餃?銝剖?,銝???5-22??30,"瘞渡,?",?喳遣樴冗?????0910-478459,??????
2650,敶啣?蝮?銝剝,瘝???瘝?頝?81??120.583072,23.851096,瘝?蝷曉?瘣餃?銝剖?,瘝???181,"瘞渡,?瘚?瘚瑕",????8761122,??????
2651,敶啣?蝮?漯撌?,皞芸????喳?頝?38??120.497777,23.851238,?犖?熒瘣餃?銝剖?,"皞芸???撠曉???,42,"瘞渡,?,?瘚?瘚瑕",蝮賢凳鈭??,04-8891384,??????
2652,敶啣?蝮?漯撌?,撠曉???敶啣?蝮?漯撌?撠曉??葉撅梯楝3畾?15??120.4971,23.8526,皞芸???,"撠曉????勗???????,584,"瘞渡,?,?瘚?瘚瑕",蝮賢?銝颱遙暺???04-8895013,??????
2653,敶啣?蝮?之??,憭批???敶啣?蝮?之??憭批??葉撟唾楝132??120.324,23.8529,憭批??葉,?券?,100,"瘞渡,?,?瘚?瘚瑕",?賢揣隞?048-942980-13,??????
2654,敶啣?蝮?之??,憭批???敶啣?蝮?之??憭批??葉撟唾楝176??120.3203,23.853,憭批?瞍?撱??券?,100,"瘞渡,?瘚?瘚瑕",?賢揣隞?048-942980-13,??????
2655,敶啣?蝮?之??,?勗???敶啣?蝮?之???勗???撟唾楝224??120.3203,23.853,憭批???,?券?,100,"瘞渡,?,?瘚?瘚瑕",?賢揣隞?048-942980-13,??????
2656,敶啣?蝮?漯撌?,皞芸???敶啣?蝮?漯撌?皞芸???楝95??120.4909,23.853,????,?血???363,"瘞渡,?,?瘚?瘚瑕",蝮賢?銝颱遙???04-8892224,??????
2657,敶啣?蝮?銝剝,?啣???銝剖?頝臭?畾?54 ??120.5997,23.8537,敶啣?蝮?銝剝?批???撠飛,?啣???摰???撅梢??╡撜圈??皞??儔??,100,"瘞渡,?,?瘚?瘚瑕",????04-8761122259,??????
2658,敶啣?蝮?銝剝,?唳????祇尹頝?20??120.585674,23.85428,?唳???,?唳???181,"瘞渡,?,?瘚?瘚瑕",????8761122,??????
2659,敶啣?蝮???,憭扳??憭扳頝?56??120.557239,23.85495,憭扳??,憭扳???,440,"瘞渡,?,?瘚?瘚瑕",閮梁???04-8882640#10,??????
2660,?梯蝮?璁桅?,镼踵???8??34??121.342737,23.855288,镼踵?蝷曉?瘣餃?銝剖?,镼踵???100,"瘞渡,?瘚?瘚瑕",?剔??03-8771524,??????
2661,敶啣?蝮??剝?,?詨???銝剛頝?34??120.470711,23.855657,?詨?蝷曉?瘣餃?銝剖?,?詨???15,"瘞渡,?瘚?瘚瑕",??鞎?04-8890399,??????
2662,??蝮????,隞???撅梯撌?7-2??120.7057,23.8562,隞?????,隞???-12??50,"瘞渡,?瘚?,?唾??唳???049-2734156,??????
2663,敶啣?蝮?銝剝,?啣???銝剖控銵?34??120.594252,23.856537,?啣?蝷曉?瘣餃?銝剖?,?望??摨?,141,"瘞渡,?,?瘚?瘚瑕",?喟???8761122,??????
2664,敶啣?蝮?銝剝,銝剛楝??銝剜頝?29??120.588689,23.856625,?唬葉?桃??擗?銝剛楝??320,"瘞渡,?瘚?瘚瑕",瘣芸概??8761122,??????
2665,??蝮????,?啣???憭批?撌?0??120.6758,23.8568,撱蝷曉?瘣餃?銝剖?,?啣???-17??40,"瘞渡,?",雓?脩冗?????0912-384550,??????
2666,敶啣?蝮?銝剝,璇???銝剖?頝臭?畾?16??120.5821,23.8571,敶啣?蝮???臬揮?????-樴?擗?璇??正頝舫??瘞???撏??之撏?,150,"瘞渡,?瘚?瘚瑕",????04-8761122259,??????
2667,敶啣?蝮?銝剝,?楝??銝剖?頝?畾?77??120.587487,23.857342,?唬葉??,?楝?頝舫??正頝舫?,272,"瘞渡,?,?瘚?瘚瑕",????8761122,??????
2668,?梯蝮?璁桅?,镼踵???7??03??121.3593,23.8576,镼踵?憭拐蜓??镼踵???100,"瘞渡,?瘚?瘚瑕",?剔??03-8771524,??????
2669,??蝮????,蝡孵???蝡孵?撌?9??120.6382,23.8582,蝡孵??冗?瘣餃?銝剖?,蝡孵???-11??50,"瘞渡,?",暺?頛冗?????0910-541490,??????
2670,??蝮????,韏斗偌???頝?58銋?0??120.6317,23.8595,韏斗偌蝷曉?瘣餃?銝剖?,韏斗偌??-10??20,"瘞渡,?",?喟?瘜Ｙ冗?????049-2271283,??????
2671,敶啣?蝮??剝?,?啣????頝?24??120.483697,23.859739,?啣?蝷曉?瘣餃?銝剖?,?啣???20,"瘞渡,?瘚?瘚瑕",?剜???04-8892001,??????
2672,敶啣?蝮?姘憛?,蝡寞???蝡寥嘀頝臭?摰毽45??120.40292,23.860386,蝡寞?蝷曉?瘣餃?銝剖?,蝡寞???50,"瘞渡,?瘚?瘚瑕",?曹?,8973473,??????
2673,??蝮????,憭批???甇行撌?1銋???120.6578,23.8605,憭批?????,憭批???-11??60,"瘞渡,?",?單蝘???049-2271297,??????
2674,敶啣?蝮?銝剝,?梯楝???⊿?頝?畾?62??120.585,23.8606,?唬葉?桀??砍??祆?蝚砌??嗅撣,?梯楝?葉頝舫???頝舫???頝舫???瞏剝??像??,150,"瘞渡,?瘚?瘚瑕",雓?鞈?04-8761122頧?59,??????
2675,敶啣?蝮?之??,?望葛???望葛?葉憭株楝2??120.286532,23.860997,镼踵葛??鈭?,?望葛??100,"瘞渡,?,?瘚?瘚瑕",撘菜慦?8941029,??????
2676,敶啣?蝮?姘憛?,蝡孵?????銵?0??120.428771,23.861033,蝡孵???,蝡孵??姘??,200,"瘞渡,?,?瘚?瘚瑕",璆楛??04-8972039,??????
2677,敶啣?蝮?銝剝,镼輯楝???葉頝?畾?10??120.580803,23.861492,?唬葉?格?瘣餃?銝剖?,璇???75,"瘞渡,?瘚?瘚瑕",閮梁???8761122,??????
2678,??蝮????,?望?????撌?銋???120.6955,23.8622,??蝷曉?瘣餃?銝剖?,?望???6-26??60,瘞渡,?喳?隞冗?????049-2732508,??????
2679,獢?撣?撅勗?,撟貊?????頝?3撌?撘???120.971916,23.862946,撟貊???,撟貊???200,"瘞渡,?,?瘚?瘚瑕",?剖?撋?3194072#511,??????
2680,獢?撣?撅勗?,璆邦???陸頝?77??120.971916,23.862946,璆邦??,璆邦??200,"瘞渡,?,?瘚?瘚瑕",?ㄚ??3206166#510,??????
2681,??蝮????,?望???憭扯毽34??120.7,23.8652,?曹?蝷曉?瘣餃?銝剖?,?望???-15??60,瘞渡,?喳??冗?????049-2734896,??????
2682,敶啣?蝮?銝剝,?楝???⊿?頝?畾?15??120.586202,23.865501,銝蔬??,?蔬?葉瞏剝???頝舫?,272,"瘞渡,?,?瘚?瘚瑕",????8761122,??????
2683,敶啣?蝮??剝?,憭扳???憭扳?頝?60??120.4528,23.8659,憭扳?蝷曉?瘣餃?銝剖?,憭扳???40,"瘞渡,?瘚?瘚瑕",蝝雿黎,48922117,??????
2684,敶啣?蝮???,銝剖???敶啣?蝮???葉??銝剖頝?05??120.5462,23.8661,銝剖?蝷曉?瘣餃?銝剖?,銝剖???150,"瘞渡,?瘚?瘚瑕",?喟?憪?04-8884166#32,??????
2685,??蝮??瘙?,瘞渡冗??銝剖控頝?91??120.9098,23.8674,?蔬??,瘞渡冗??100,"瘞渡,?,?瘚?,?賭???049-2855045,??????
2686,敶啣?蝮?銝剝,敺抵???撅梯頝?畾?88撌?09??120.6062,23.867482,?勗???,敺抵??像??,181,"瘞渡,?,?瘚?瘚瑕",?券璆?04-8761122,??????
2687,敶啣?蝮?銝剝,樴蔬??憭抒冗頝?畾?16撌?00撘?0??120.580809,23.867615,樴蔬蝷曉?瘣餃?銝剖?,樴蔬??121,"瘞渡,?瘚?瘚瑕",?剛???8761122,??????
2688,?梯蝮?ˊ鞊?,??????頝?畾?4??121.556384,23.867967,????,憯質?????,50,"瘞渡,?,?瘚?瘚瑕",?熒??03-8631011,??????
2689,?梯蝮?ˊ鞊?,蝐單ㄖ??蝐單ㄖ頝臭?畾?3??121.5564,23.8681,????-蝐單ㄖ?,蝐單ㄖ??45,"瘞渡,?,?瘚?瘚瑕",?曇隞?03-8741270,??????
2690,??蝮??瘙?,瘞渡冗??銝剖控頝?90??120.9113,23.8684,?蔬?葉,瘞渡冗??150,"瘞渡,?,?瘚?,?憡?049-2855145,??????
2691,?梯蝮?ˊ鞊?,憯質???憯質?頝?畾?7??121.5099,23.8691,憯質?瘣餃?銝剖?,憯質???13,"瘞渡,?,?瘚?瘚瑕",?陶??03-8652805,??????
2692,敶啣?蝮?之??,?祚???勗像頝???120.312409,23.869103,?祚蝷曉?瘣餃?銝剖?,?祚??100,"瘞渡,?,?瘚?瘚瑕",閮曹???8943605,??????
2693,?梯蝮?ˊ鞊?,?勗???颲脣Ⅵ2銵?8??121.5308,23.8693,?勗?瘣餃?銝剖?,?勗???31,"瘞渡,?,?瘚?瘚瑕",?陶??03-8652804,??????
2694,敶啣?蝮??剝?,??????頝?95撌?1??120.503333,23.869502,??蝷曉?瘣餃?銝剖?,????35,"瘞渡,?瘚?瘚瑕",?喲???04-8925036,??????
2695,??蝮????,?唬????唬?撌?1銋???120.6751,23.8702,?唬?蝷曉?瘣餃?銝剖?,?唬???-18??50,瘞渡,?唾鋆冗?????0928-385043,??????
2696,敶啣?蝮???,镼踹噸??敶啣?蝮???镼踹噸??鞈Ｚ?35??120.5221,23.8703,?砌???,镼踹噸??500,"瘞渡,?,?瘚?瘚瑕",?剖???04-8882119#15,??????
2697,?梯蝮?ˊ鞊?,憯質???憯賢控頝?6??121.5091,23.8704,憯質???,憯質?????50,"瘞渡,?,?瘚?瘚瑕",??鞎?03-8654110,??????
2698,?梯蝮?ˊ鞊?,憯質????砍?頝?0??121.5091,23.8704,??銝剖?,憯質???50,"瘞渡,?,?瘚?瘚瑕",?唾撘?03-8652131-122,??????
2699,敶啣?蝮??剝?,??????頝?29??120.482115,23.870694,??蝷曉?瘣餃?銝剖?,????25,"瘞渡,?瘚?瘚瑕",憿??04-8925723,??????
2700,敶啣?蝮???,?勗???敶啣?蝮????葉頝?12??120.534312,23.871139,?粹???,?勗?????,440,"瘞渡,?,?瘚?瘚瑕",雓瘥?04-8882031,??????
2701,?梯蝮?ˊ鞊?,暽賢祚??暽賢祚165??121.59829,23.871385,暽賢祚瘣餃?銝剖?,暽賢祚??15,"瘞渡,?,?瘚?,暺???03-8671123,??????
2702,敶啣?蝮???,镼踹噸??敶啣?蝮???镼踹噸??銵???120.5218,23.8714,???桀?,镼踹噸,70,"瘞渡,?,?瘚?瘚瑕",?其???04-8884166#13,??????
2703,??蝮????,憭批???憭批?撌?2-4??120.6551,23.8722,憭批?????,憭批???-22??30,"瘞渡,?",?單?寞???049-2271189,??????
2704,??蝮????,韏斗偌???桀?撖桀毽21??120.6324,23.8734,?行?蝷曉?瘣餃?銝剖?,韏斗偌??1-20??40,"瘞渡,?",?單?Ｙ冗?????0952-271578,??????
2705,敶啣?蝮?姘憛?,鈭???蝡嫣?頝?22??120.431604,23.873491,鈭?蝷曉?瘣餃?銝剖?,鈭???50,"瘞渡,?瘚?瘚瑕",瘣芷?憭?8971939,??????
2706,敶啣?蝮?銝剝,銝???瘞?頝臭?畾?94??120.5661,23.8755,敶啣?蝮?銝剝?旨????,銝???????瞏剝??葉瞏剝??之蝷暸?,100,"瘞渡,?,?瘚?瘚瑕",????04-8742344,??????
2707,敶啣?蝮???,?唳??敶啣?蝮????唳???楝銝畾?2??120.523284,23.875762,????,撅???甈?,230,"瘞渡,?,?瘚?瘚瑕",?派甈?04-8882008#13,??????
2708,敶啣?蝮?銝剝,銝???瘞?頝?畾?92撌?5??120.566974,23.875905,銝?蝷曉?瘣餃?銝剖?,銝???70,"瘞渡,?瘚?瘚瑕",?剖???8761122,??????
2709,敶啣?蝮???,憭折?????頝?36??120.521586,23.875935,???葉,?唳?????170,"瘞渡,?,?瘚?瘚瑕",閮梁???04-8882072#12,??????
2710,敶啣?蝮???,镼踹?????頝?畾?50??120.514719,23.87624,?粹??,憭折??正摰?,420,"瘞渡,?,?瘚?瘚瑕",????04-8882039#104,??????
2711,??蝮?葉撖桅?,銝剖祚????撌?3??120.7732,23.8763,銝剖祚蝷曉?瘣餃?銝剖?,銝剖祚??30,"瘞渡,?,?瘚?,暺?摰?049-2694162,??????
2712,??蝮?葉撖桅?,撏???瘞詨像頝?04??120.7732,23.8763,撏?蝷曉?瘣餃?銝剖?,撏???50,"瘞渡,?,?瘚?,撱???049-2691164,??????
2713,??蝮????,?銝?,憭批痔撌?0銋???120.6355,23.8764,?銝冗?瘣餃?銝剖?,?銝?1-14??60,瘞渡,?單?甈?冗?????0933-419923,??????
2714,敶啣?蝮???,銝剖祚??敶啣?蝮???葉撖桅?銝剖亢頝?0撌?1??120.5109,23.8781,銝剖祚蝷曉?瘣餃?銝剖?,銝剖祚??310,"瘞渡,?,?瘚?瘚瑕",?喟??921492658,??????
2715,敶啣?蝮???,憭折???敶啣?蝮???憭折??飛摨楝50??120.5221,23.8785,??摰嗅?,?儔????,470,"瘞渡,?,?瘚?瘚瑕",?唾???04-8882224,??????
2716,??蝮?葉撖桅?,?批???樴?頝?-3??120.7628,23.879,?批?蝷曉?瘣餃?銝剖?,?批???100,"瘞渡,?,?瘚?,撱???049-2601662,??????
2717,敶啣?蝮?之??,鞊???撟喳?頝???120.306808,23.879191,鞊?蝷曉?瘣餃?銝剖?,鞊???100,"瘞渡,?,?瘚?瘚瑕",?縑??8943756,??????
2718,??蝮????,?啗???敶啣?頝?72??120.6934,23.8797,?啗?????,?啗???-26??20,瘞渡,?單????049-2241087,??????
2719,??蝮?葉撖桅?,?思???隞嘀撌?120.7641,23.8798,隞?蝷曉?瘣餃?銝剖?,?思???-3??-12??4??50,"瘞渡,?,?瘚?,瘙???049-2691425,??????
2720,敶啣?蝮??剝?,撏??銝剖飛頝?7??120.460262,23.880113,?日?葉,撏??50,"瘞渡,?,?瘚?瘚瑕",閮望?摰?04-8922004,??????
2721,??蝮?葉撖桅?,撱????瘞詨像頝?8-12??120.7724,23.8805,??蝷曉?瘣餃?銝剖?,撱????50,"瘞渡,?,?瘚?,?剖敶?049-2691848,??????
2722,?梯蝮?ˊ鞊?,?旨???旨1銵?6銋???121.5143,23.8817,?旨瘣餃?銝剖?,?旨??39,"瘞渡,?,?瘚?瘚瑕",瘝蔗?,03-8652806,??????
2723,??蝮??瘙?,憭扳???瘞詨?撌???120.9442,23.8823,憭扳?????,憭扳???25,"瘞渡,?,?瘚?,鞈渲???049-2898327,??????
2724,??蝮????,?砌號???唬號撌?8-2??120.7063,23.8827,?砌號蝷曉?瘣餃?銝剖?,?砌號??-16??50,瘞渡,暺???瑕蝷曉?????049-2237938,??????
2725,??蝮?葉撖桅?,樴痔??樴?頝?09-1??120.7992,23.8828,?賣??犖瘣餃?銝剖?,樴痔??100,"瘞渡,?,?瘚?,雓璅?049-2603698,??????
2726,??蝮??瘙?,銝剜????偌撌?8-2??120.9233,23.8834,???犖?尹,銝剜???30,"瘞渡,?,?瘚?,璆?甈?049-2899147,??????
2727,?梯蝮?ˊ鞊?,撟喳???撟喳?頝?2??121.5197,23.8837,撟喳?瘣餃?銝剖?,撟喳???49,"瘞渡,?,?瘚?瘚瑕",?喟???03-8661801,??????
2728,敶啣?蝮?撠暸?,?血????噸撌?62??120.549163,23.884051,?血?蝷曉?瘣餃?銝剖?,?血???42,"瘞渡,?瘚?瘚瑕",??暻?04-8832171133,??????
2729,??蝮?偌??,?啗????啗?撌?0-6??120.872715,23.884867,?啗??犖?尹,?啗???500,"瘞渡,?,?瘚?,?望???049-2772141,??????
2730,敶啣?蝮?撠暸?,擖像??撱箏像頝臭?畾?6??120.527114,23.885121,憭拐?摰?擖像??90,"瘞渡,?瘚?瘚瑕",??暻?04-8832171133,??????
2731,??蝮?葉撖桅?,?思???瘞豢?頝?6-1??120.7572,23.8857,?思?蝷曉?瘣餃?銝剖?,?思???-8??3??50,"瘞渡,?,?瘚?,瘙???049-2691425,??????
2732,敶啣?蝮?姘憛?,瘞???敶啣?蝮?姘憛?瘞???撅梯楝40??120.41144,23.886404,?犖?熒銝剖?,"瘞???撠正??,100,"瘞渡,?,?瘚?瘚瑕",?⊿暑鞈?048-972001-112,??????
2733,敶啣?蝮?撠暸?,????儔頝臭?畾?95??120.560701,23.886533,???,???????摰????150,"瘞渡,?,?瘚?瘚瑕",?偶??04-8227962#28,??????
2734,??蝮??瘙?,憭扳???撋拙控撌?7??120.949,23.8872,憭扳?蝷曉?瘣餃?銝剖?,憭扳???25,"瘞渡,?,?瘚?,鞈渲???049-2898327,??????
2735,??蝮??瘙?,鈭???鈭?撌?4-2??120.8879,23.8874,鈭??暑?葉敹?鈭???75,"瘞渡,?,?瘚?,?晶??049-2897466,??????
2736,敶啣?蝮??剝?,撟喳???敶唳偌頝?畾?52撌?5??120.4601,23.8888,?????,撟喳???撏???日??????40,"瘞渡,?瘚?瘚瑕",?喟???48927183,??????
2737,敶啣?蝮?冗?剝?,皜偌??皜?頝?0撌?1??120.605951,23.888885,皜?摰?皜偌???撅望???300,"瘞渡,?瘚?瘚瑕",?剜?皛?04-8732621164,??????
2738,敶啣?蝮?撠暸?,隞???銝剜迤頝臭?畾?03撌???120.534111,23.888979,隞?蝷曉?瘣餃?銝剖?,隞???84,"瘞渡,?瘚?瘚瑕",??暻?04-8832171133,??????
2739,敶啣?蝮?撠暸?,擖像???儔頝?畾?75??120.534111,23.888979,?梯?璅孵??拚尹,?券?,350,"瘞渡,?瘚?瘚瑕",??暻?04-8832171133,??????
2740,敶啣?蝮??剝?,撟喳???摰熒銵?2??120.46,23.889,?犖?熒銝剖?,撟喳????日??25,"瘞渡,?瘚?瘚瑕",敶剜扑蝡?48922117,??????
2741,??蝮?葉撖桅?,敺抵???敺抵?撌?2??120.7369,23.8892,瘞詨?蝷曉?瘣餃?銝剖?,敺抵???50,"瘞渡,?,?瘚?,摰???049-2694508,??????
2742,敶啣?蝮?撠暸?,?啁???撱嗅像頝?50??120.548715,23.88931,?啁?蝷曉?瘣餃?銝剖?,?啁???84,"瘞渡,?瘚?瘚瑕",??暻?04-8832171133,??????
2743,敶啣?蝮??剝?,?????偏頝?1??120.487282,23.889782,?郎摰株齒?砍恕,????30,"瘞渡,?瘚?瘚瑕",暺???04-8910078,??????
2744,敶啣?蝮?冗?剝?,隞???蝷暹?頝臭?畾?95??120.585,23.8898,蝷暸??憭抒旨???券?,50,"瘞渡,?,?瘚?瘚瑕",閮梁???04-8732621,??????
2745,??蝮??瘙?,?勗????園?撌?1-9??120.9665,23.8898,?勗?????,?勗???25,"瘞渡,?,?瘚?,????049-2880523,??????
2746,敶啣?蝮?撠暸?,蝳???儔頝臭?畾?8撌?81??120.562711,23.889989,蝳蝷曉?瘣餃?銝剖?,蝳??60,"瘞渡,?瘚?瘚瑕",??暻?04-8832171133,??????
2747,??蝮??瘙?,?勗????園?撌?6??120.9667,23.8905,?勗???,?勗???200,"瘞渡,?,?瘚?,?喳???049-2880523,??????
2748,??蝮??瘙?,鈭????舫?撌?-2??120.8891,23.8909,鈭???,鈭???100,"瘞渡,?,?瘚?,????049-2896455,??????
2749,敶啣?蝮?撠暸?,甇?儔??銝剜迤頝臭?畾?32??120.516759,23.891782,甇?儔蝷曉?瘣餃?銝剖?,甇?儔??34,"瘞渡,?瘚?瘚瑕",??暻?04-8832171133,??????
2750,敶啣?蝮?撠暸?,擖像??銝剖控頝臭?畾?49??120.528588,23.891877,?啣偏??,?啣偏??撟喋漯???整??整迤蝢押?蝪?500,"瘞渡,?,?瘚?瘚瑕",?曹???04-8832745#113,??????
2751,敶啣?蝮?撠暸?,???撟喳?頝臭?畾?40??120.554772,23.892145,?蝷曉?瘣餃?銝剖?,???78,"瘞渡,?瘚?瘚瑕",??暻?04-8832171133,??????
2752,??蝮??瘙?,銝剜????迤撌?-10??120.9206,23.8922,銝剜?瘣餃?銝剖?,銝剜???25,"瘞渡,?,?瘚?,璆?甈?049-2899147,??????
2753,??蝮?葉撖桅?,瘞詨???樴?頝?21-11??120.7764,23.8925,瘞詨?蝷曉?瘣餃?銝剖?,瘞詨???50,"瘞渡,?,?瘚?,?單?蟡?049-2601318,??????
2754,敶啣?蝮??剝?,?日??銝剖?頝?45??120.478352,23.892504,?日??,?日???噙??50,"瘞渡,?,?瘚?瘚瑕",?剔?暻?04-8922019,??????
2755,??蝮????,瘞貉????怠頝?8撌?0??120.6389,23.8926,瘞貉??瘞摰寞?蝷曉?瘣餃?銝剖?,瘞貉???150,"瘞渡,?,?瘚?,??剝???049-2235456,??????
2756,敶啣?蝮?撠暸?,???蝳噸撌?85??120.534173,23.892743,?蝷曉?瘣餃?銝剖?,???84,"瘞渡,?瘚?瘚瑕",??暻?04-8832171133,??????
2757,??蝮????,????璅銝?2??120.6696,23.8928,???瘞摰寞??????函冗?瘣餃?銝剖?,????100,"瘞渡,?,?瘚?,暺?曀?049-2222110,??????
2758,敶啣?蝮?冗?剝?,?冗???撌?-16??120.595,23.893,蝷暸?犖?熒瘣餃?銝剖?,?券?,150,"瘞渡,?瘚?瘚瑕",?剜?皛?04-8732621,??????
2759,??蝮????,??????頝?22??120.706,23.893,???瘞摰寞?蝷曉?瘣餃?銝剖?,????150,"瘞渡,?,?瘚?,??喳遣??049-2227180,??????
2760,敶啣?蝮??剝?,??????頝?35??120.4587,23.8933,?擗其?璅?????撟喳???40,"瘞渡,?,?瘚?瘚瑕",????48927904,??????
2761,敶啣?蝮??剝?,銝剖???皞芣?頝?84??120.4587,23.8933,銝剖???瘣餃?銝剖?,銝剖???摨??50,"瘞渡,?瘚?瘚瑕",?曇?蝔?48922117,??????
2762,敶啣?蝮?之??,銝???撟喳熒頝?3??120.299171,23.893532,銝?蝷曉?瘣餃?銝剖?,銝???100,"瘞渡,?瘚?瘚瑕",瘣芰???8986158,??????
2763,敶啣?蝮??剝?,??????頝?61??120.459432,23.894074,????,????50,"瘞渡,?,?瘚?瘚瑕",瘣芯?隞?04-8922030,??????
2764,敶啣?蝮?撠暸?,???蝳噸撌?59??120.53401,23.894834,?蝷曉?瘣餃?銝剖?,???90,"瘞渡,?瘚?瘚瑕",??暻?04-8832171133,??????
2765,??蝮?葉撖桅?,?賣???樴?頝?90??120.7244,23.8949,?賣?蝷曉?瘣餃?銝剖?,?賣???100,"瘞渡,?,?瘚?,?偶撜?049-2602430,??????
2766,??蝮????,??????銝頝?32撌???120.6871,23.8955,???????賣??嗅捆???????,??????,250,"瘞渡,?,?瘚?,?頛?049-2231475,??????
2767,??蝮????,??????銝頝?32撌???120.6871,23.8955,???瘞摰寞???????,??????,250,"瘞渡,?,?瘚?,??頛?049-2234543,??????
2768,敶啣?蝮???,頝臭????唬?頝?2??120.3283,23.8961,頝臭???,?券?,150,"瘞渡,?,?瘚?瘚瑕",雓暻?04-8982014,??????
2769,敶啣?蝮???,?臬????儔頝?3??120.427,23.8963,銝剛???,?券,100,"瘞渡,?,?瘚?瘚瑕",瘣芰雁??04-8683458,??????
2770,??蝮?葉撖桅?,瘞貉??樴?頝?69-1??120.7145,23.8966,瘞貉蝷曉?瘣餃?銝剖?,瘞貉??50,"瘞渡,?,?瘚?,?曄?撖?049-2601938,??????
2771,敶啣?蝮?冗?剝?,蝢???敶啣?蝮?冗?剝?蝢??葉撅梯楝1畾?72??120.5858,23.8968,蝷暸??????脤尹,?券?,500,"瘞渡,?,?瘚?瘚瑕",?憡?04-8732621,??????
2772,敶啣?蝮?撠暸?,???撟喳?頝臭?畾?51??120.552144,23.897327,?蝷曉?瘣餃?銝剖?,???78,"瘞渡,?瘚?瘚瑕",??暻?04-8832171133,??????
2773,敶啣?蝮?撠暸?,皞芷???銝漯頝臭?畾?09??120.508138,23.897399,皞芷?蝷曉?瘣餃?銝剖?,皞芷???45,"瘞渡,?瘚?瘚瑕",??暻?04-8832171133,??????
2774,敶啣?蝮?撠暸?,?啣偏???儔頝臭?畾?38撌???120.508138,23.897399,?啣偏蝷曉?瘣餃?銝剖?,?啣偏??84,"瘞渡,?瘚?瘚瑕",??暻?04-8832171133,??????
2775,敶啣?蝮?冗?剝?,隞???蝷暹?頝臭?畾?58??120.584451,23.897442,蝷暸??,蝷暸??300,"瘞渡,?,?瘚?瘚瑕",?剜?皛?04-8732621164,??????
2776,敶啣?蝮???,鞊????頝臬?畾?86??120.3707,23.8976,鈭??桅蝡匱??,?券,200,"瘞渡,?瘚?瘚瑕",瘣芷?憒?04-8952421,??????
2777,敶啣?蝮???,???銝剛噙頝?5??120.366378,23.898143,?蝷曉?瘣餃?銝剖?,?祇?,75,"瘞渡,?瘚?瘚瑕",瘣芰儔??48966058,??????
2778,敶啣?蝮???,?航???鈭漯頝?畾?26??120.366378,23.898143,?祈??葉,?祈????瘞貉???121,"瘞渡,?,?瘚?瘚瑕",瘣芯輔頛?48681593,??????
2779,敶啣?蝮???,頞???桀像撌???120.366378,23.898143,??摰??祇?,121,"瘞渡,?瘚?瘚瑕",?喳祝??48961129,??????
2780,敶啣?蝮???,??????撌???120.366378,23.898143,瘞瘣餃?銝剖?,?祇?,121,"瘞渡,?瘚?瘚瑕",瘣芣??48961062,??????
2781,敶啣?蝮???,憭姘??銝剖?撌?1-1??120.366378,23.898143,?脣噸??,憭姘??121,"瘞渡,?,?瘚?瘚瑕",雓?蝯?48968055,??????
2782,敶啣?蝮???,璇??憭芸像頝?2-1??120.366378,23.898143,璇蝷曉?瘣餃?銝剖?,璇??151,"瘞渡,?瘚?瘚瑕",?喳??48683288,??????
2783,敶啣?蝮???,镼踹?????撌?0-1??120.366378,23.898143,??摰?镼踹???227,"瘞渡,?瘚?瘚瑕",瘣芣慰銝?48682046,??????
2784,敶啣?蝮???,敺????唳旨撌?-2??120.366378,23.898143,撱??摰??祇?,303,"瘞渡,?瘚?瘚瑕",?喟???48967723,??????
2785,敶啣?蝮???,?梯???蝳遣撌?5-1??120.366378,23.898143,?梯?蝷曉?瘣餃?銝剖?,?祇?,303,"瘞渡,?瘚?瘚瑕",瘣芰頛?48956015,??????
2786,??蝮??瘙?,?望????啣?撌?5??120.9396,23.8983,暻?摰桐誨?????,?望???50,"瘞渡,?",????049-2896817,??????
2787,敶啣?蝮??剝?,瘞貉????梯正頝?21??120.450794,23.898467,瘞貉?蝷曉?瘣餃?銝剖?,瘞貉???25,"瘞渡,?,?瘚?瘚瑕",?唾??04-8923001,??????
2788,敶啣?蝮?撠暸?,?啗????啗?頝?80??120.558394,23.898593,?啗?蝷曉?瘣餃?銝剖?,?啗???90,"瘞渡,?瘚?瘚瑕",??暻?04-8832171133,??????
2789,??蝮??瘙?,擳?????撌?1??120.9373,23.899,擳???,擳???300,"瘞渡,?",撠日??049-2895537,??????
2790,??蝮??瘙?,?勗????瑁?撌?銋?1??120.9533,23.8992,?瑁??瑕祚撠暹暑?葉敹??勗???50,"瘞渡,?,?瘚?,?單??049-2880168,??????
2791,??蝮?葉撖桅?,樴???樴?頝?4-5??120.7592,23.8996,樴?蝷曉?瘣餃?銝剖?,樴???50,"瘞渡,?,?瘚?,撱瘛?049-2601314,??????
2792,?梯蝮?ˊ鞊?,??????頝臭?畾?08??121.554,23.8996,??瘣餃?銝剖?,????53,"瘞渡,?,?瘚?瘚瑕",暺?頛?03-8631116,??????
2793,?箔葉撣?暽踹?,銝嘀??銝嘀?撘瑁楝293??120.364822,23.899861,銝嘀蝷曉?瘣餃?銝剖?,銝嘀??224,"瘞渡,?,?瘚?瘚瑕",?喳???04-26358251,??????
2794,敶啣?蝮???,鞊??敶啣?蝮???鞊???楝鈭挾22??120.3716,23.8999,鈭???,?券,200,"瘞渡,?,?瘚?瘚瑕",?喟???04-8960057#701,??????
2795,敶啣?蝮???,????撱箄?銵?0??120.3773,23.8999,銝剜迤??,?券,150,"瘞渡,?,?瘚?瘚瑕",??璁?04-8960145,??????
2796,敶啣?蝮?撠暸?,?啣?????撌?4??120.503867,23.899999,?啣?蝷曉?瘣餃?銝剖?,?啣???30,"瘞渡,?瘚?瘚瑕",??暻?04-8832171133,??????
2797,敶啣?蝮???,??????頝臭?畾?65??120.3754,23.9005,????,?券,100,"瘞渡,?,?瘚?瘚瑕",?∪?隤?04-8902322,??????
2798,敶啣?蝮?冗?剝?,撱????銝剛?頝???120.582081,23.901267,蝷暸?葉,撱????300,"瘞渡,?,?瘚?瘚瑕",?剜?皛?04-8732621164,??????
2799,敶啣?蝮?撠暸?,?啣???銝剜迤頝臭?畾?01??120.508227,23.902513,隞???,隞???漯????100,"瘞渡,?,?瘚?瘚瑕",?剖瘞?04-8830347,??????
2800,??蝮????,銝???敶啣?頝臭?畾?92??120.6859,23.9026,銝??瘞摰寞?????,銝???250,"瘞渡,?,?瘚?,??喳?曀?049-2225041,??????
2801,敶啣?蝮?撠暸?,鞊???儔頝臬?畾?14??120.510873,23.903422,鞊蝷曉?瘣餃?銝剖?,鞊??60,"瘞渡,?瘚?瘚瑕",??暻?04-8832171133,??????
2802,??蝮????,銝???敶啣?頝臭?畾?93??120.6853,23.9039,銝??瘞摰寞???擃?瘣餃?銝剖?,銝???250,"瘞渡,?,?瘚?,?⊿雿璅?049-2222269,??????
2803,敶啣?蝮?撠暸?,?偏??瘞?頝臭?畾?45??120.529979,23.904866,?偏蝷曉?瘣餃?銝剖?,?偏??60,"瘞渡,?瘚?瘚瑕",??暻?04-8832171133,??????
2804,?梯蝮?ˊ鞊?,敹飛??銝剜迤頝?20撌?3??121.5322,23.9053,敹飛瘣餃?銝剖?,敹飛??40,"瘞渡,?,?瘚?瘚瑕",敺??03-8661800,??????
2805,??蝮????,撏???敶啣?頝臭?畾?059??120.6839,23.9058,撏??瘞摰寞?????瘣餃?銝剖?,撏???250,"瘞渡,?,?瘚?,?單炬鞊?049-2222038,??????
2806,??蝮????,????敶啣?頝臭?畾?059??120.6839,23.9058,敶唬??瘞摰寞?????瘣餃?銝剖?,敶唬?????,250,"瘞渡,?,?瘚?,?⊿?單炬鞊?049-2222038,??????
2807,??蝮??瘙?,?啣?????撌???120.9259,23.9059,?啣?????,?啣???50,"瘞渡,?,?瘚?,瘝??049-2899669,??????
2808,??蝮?葉撖桅?,瘞詨像??瘞詨像頝?16??120.8067,23.906,銝剖祚??瘣餃?銝剖?,瘞詨像??100,"瘞渡,?,?瘚?,蝪∠???049-2691322,??????
2809,敶啣?蝮?偶??,?啗???瘞貊冗頝?5-1??120.553913,23.906852,?啗?蝷曉?瘣餃?銝剖?,?啗???26,"瘞渡,?瘚?瘚瑕",閰寞??8224149,??????
2810,敶啣?蝮?偶??,?????怠ˊ頝?23??120.553913,23.906852,瘞賊??葉,????472,"瘞渡,?瘚?瘚瑕",?喟???8221191-283,??????
2811,敶啣?蝮???,????銝剜迤撌?3??120.436185,23.907276,??蝷曉?瘣餃?銝剖?,????10,"瘞渡,?瘚?瘚瑕",撱?隤?8902022,??????
2812,敶啣?蝮???,镼踵????頝?6??120.436185,23.907276,镼踵?蝷曉?瘣餃?銝剖?,镼踵???12,"瘞渡,?瘚?瘚瑕",?⊥???8903877,??????
2813,敶啣?蝮???,?勗????扯正頝?76撌???120.436185,23.907276,?勗?????,?勗???18,"瘞渡,?瘚?瘚瑕",瘣芣???48961005,??????
2814,敶啣?蝮???,憭扳偶??憭扳偶頝?7??120.436185,23.907276,憭扳偶蝷曉?瘣餃?銝剖?,憭扳偶??91,"瘞渡,?瘚?瘚瑕",?噸??8902596,??????
2815,敶啣?蝮???,?勗???Ｗ?撌???120.436185,23.907276,?勗蝷曉?瘣餃?銝剖?,?勗??91,"瘞渡,?瘚?瘚瑕",????8902421,??????
2816,敶啣?蝮???,?砍????撌???4,120.436185,23.907276,?啗?摰??砍???136,"瘞渡,?瘚?瘚瑕",?喃???8904637,??????
2817,敶啣?蝮???,敺抵???瞍撌?0??120.436185,23.907276,敺抵?蝷曉?瘣餃?銝剖?,敺抵???151,"瘞渡,?瘚?瘚瑕",?暸脰?,8903832,??????
2818,敶啣?蝮???,?梯??頝舀撌?-23??120.436185,23.907276,???,?梯??200,"瘞渡,?瘚?瘚瑕",?暹???8902114,??????
2819,敶啣?蝮???,?????瑚?銵???120.436185,23.907276,??蝷曉?瘣餃?銝剖?,?祇?,200,"瘞渡,?瘚?瘚瑕",瘣芣?憟?48961006,??????
2820,??蝮????,銝剜迤????頝?8??120.98989,23.907318,銝剜迤?冗?瘣餃?銝剖?,銝剜迤??100,"瘞渡,?,?瘚?瘚瑕",擃?瘞?049-2926534,??????
2821,敶啣?蝮?冗?剝?,????蝷曄頝?1??120.604063,23.908289,????,??????瘜啣???200,"瘞渡,?,?瘚?瘚瑕",?剜?皛?04-8732621164,??????
2822,??蝮??瘙?,憭折???撅望??喳毽16-1??120.9149,23.9089,擗?蝷曉?瘣餃?擗?蝷曉?瘣餃?銝剖?撅望???憭折???25,"瘞渡,?,?瘚?,雓?瞍?049-2896856,??????
2823,??蝮????,?航????航?撌?9撌?8??120.6961,23.9095,?航??瘞摰寞??齒?祈?,?航???100,"瘞渡,?,?瘚?,?撱?皜?049-2222483,??????
2824,??蝮????,隞???瘞?銵?3-3??120.6858,23.9101,隞??瘞摰寞?撣?7??齒?祈?,隞???150,"瘞渡,?,?瘚?,??擐?2237153,??????
2825,??蝮????,隞???瘞?銵?3銋???120.6858,23.9101,???瘞摰寞?撣?銝??臬?颲血??????150,"瘞渡,?,?瘚?,???皞?049-2244089,??????
2826,??蝮????,銝???撱箏?頝?37??120.6809,23.9105,銝??瘞摰寞???擃葉,銝???300,"瘞渡,?,?瘚?,?⊿暺?頠?049-2231175,??????
2827,敶啣?蝮?偶??,皝單葛??皝單葛?偶蝷曇楝205??120.548393,23.910928,皝單葛蝷曉?瘣餃?銝剖?,皝單葛,230,"瘞渡,?瘚?瘚瑕",閰寞鞊?8221147,??????
2828,敶啣?蝮?偶??,鈭???鈭???蝳毽99-1??120.541084,23.911429,鈭?蝷曉?瘣餃?銝剖?,鈭?,67,"瘞渡,?瘚?瘚瑕",擃??8225153,??????
2829,敶啣?蝮?撠暸?,皞芰???皞芰?撌?57??120.536106,23.912249,皞芰?蝷曉?瘣餃?銝剖?,皞芰???36,"瘞渡,?瘚?瘚瑕",??暻?04-8832171133,??????
2830,??蝮????,蝳控???怠頝?21銋?2??120.6376,23.9131,蝳控?瘞摰寞?蝷曉?瘣餃?銝剖?,蝳控??150,"瘞渡,?,?瘚?,??撏?049-229208,??????
2831,??蝮????,撟喳????脫?頝?2??120.6912,23.9132,撟喳??瘞摰寞?撟喳???瘣餃?銝剖?,撟喳???250,"瘞渡,?,?瘚?,?⊿?喲雓,049-2222028,??????
2832,??蝮????,摨瑕ˊ???頝?69??120.6863,23.9133,樴??瘞摰寞?摨瑕ˊ??瘣餃?銝剖?,樴???150,"瘞渡,?,?瘚?,瘙??049-2243457,??????
2833,??蝮????,摨瑕ˊ???頝?69??120.6863,23.9133,摨瑕ˊ?瘞摰寞?摨瑕ˊ??瘣餃?銝剖?,摨瑕ˊ??150,"瘞渡,?,?瘚?,瘙??049-2243457,??????
2834,??蝮????,瞍喳?????頝?32??120.6738,23.9134,瞍喳??瘞摰寞?瞍喳??暑?葉敹?瞍喳???150,"瘞渡,?,?瘚?,撘萄兢??2242848,??????
2835,??蝮????,瞍喳???蟡?頝?61??120.6769,23.9137,瞍喳??瘞摰寞????葉瘣餃?銝剖?,瞍喳???250,"瘞渡,?,?瘚?,?⊿?游???049-2222549,??????
2836,??蝮????,瘜祥???控撌?2??121.042737,23.913769,甇衣??箇?瑁???瘜祥??200,"瘞渡,?瘚?瘚瑕",??餌??,2974133??13,??????
2837,敶啣?蝮?偶??,皜航正??蝳噸撌?6-1??120.541515,23.914104,皜航正蝷曉?瘣餃?銝剖?,皜航正,34,"瘞渡,?瘚?瘚瑕",暺???8223811,??????
2838,??蝮????,瞍唾???瞍唾?撌?1??120.681,23.9146,瞍唾??瘞摰寞?蝷曉?瘣餃?銝剖?,瞍唾???200,"瘞渡,?,?瘚?,?雓??049-2227563,??????
2839,??蝮??瘙?,憭折???憭折?撌?-1??120.9193,23.9166,憭折?????,憭折???25,"瘞渡,?,?瘚?,雓?瞍?049-2896856,??????
2840,敶啣?蝮??剝?,鞊????∪?頝?0??120.4602,23.9172,鞊???,鞊???50,"瘞渡,?,?瘚?瘚瑕",?函??48922117,??????
2841,敶啣?蝮?撠暸?,?貉???瘞?頝?畾?00??120.505044,23.917345,?貉???,瘚瑁??鞊曈?120,"瘞渡,?,?瘚?瘚瑕",?脰??04-8222563#13,??????
2842,敶啣?蝮?偶??,瘞詨???瘞貉正頝?55??120.542396,23.918325,瘞詨?蝷曉?瘣餃?銝剖?,瘞詨???37,"瘞渡,?瘚?瘚瑕",?典?,04-8231035,??????
2843,敶啣?蝮?偶??,蝳???蝳??葉?毽52??120.513506,23.918644,蝳?蝷曉?瘣餃?銝剖?,蝳???37,"瘞渡,?瘚?瘚瑕",瘙??8222265,??????
2844,敶啣?蝮?冗?剝?,璈???⊿?頝臭?畾?28??120.579834,23.9187,璈??,璈?像摨??啣???300,"瘞渡,?,?瘚?瘚瑕",?剜?皛?04-8732621164,??????
2845,敶啣?蝮?撠暸?,瘚瑁???銝剜迤頝臭?畾?71??120.498374,23.918704,瘝?摰?瘚瑁???80,"瘞渡,?瘚?瘚瑕",??暻?04-8832171133,??????
2846,敶啣?蝮?偶??,?券假???券假頝?92撌?-9??120.531449,23.919024,?券假蝷曉?瘣餃?銝剖?,?券假??116,"瘞渡,?瘚?瘚瑕",瘙晾憒?8248369,??????
2847,??蝮??瘙?,?勗???鈭收撌?7-1??120.9663,23.9192,?勗???,?勗???75,"瘞渡,?,?瘚?,雓偶蝢?049-2880608,??????
2848,?梯蝮?ˊ鞊?,瘙???瘙?頝?畾?7??121.506,23.9197,瘙?瘣餃?銝剖?,瘙???53,"瘞渡,?,?瘚?瘚瑕",瘝蔗?,03-8641008,??????
2849,敶啣?蝮?偶??,瘚桀??瘚桀頝?09??120.560075,23.920049,瘚桀蝷曉?瘣餃?銝剖?,瘚桀??45,"瘞渡,?瘚?瘚瑕",皜訾?摨?8221708,??????
2850,敶啣?蝮?冗?剝?,皝喲???撅梯頝臭?畾?95??120.601444,23.920353,皝喲???,皝喲?????撟喳???鈭?,300,"瘞渡,?,?瘚?瘚瑕",?剜?皛?04-8732621164,??????
2851,敶啣?蝮?偶??,撏????券假頝?70撌?-1??120.538616,23.920355,撏?蝷曉?瘣餃?銝剖?,撏???96,"瘞渡,?瘚?瘚瑕",?⊥?甈?8223100,??????
2852,??蝮????,頠???頠?頝?40撌?6??120.7003,23.9208,頠??瘞摰寞??暑?葉敹?頠???150,"瘞渡,?,?瘚?,?撱偶鋆?049-2237088,??????
2853,敶啣?蝮???,敺祚???喳祚頝?0??120.3417,23.9209,敺祚??,?券?,150,"瘞渡,?,?瘚?瘚瑕",?喳撥??04-8983184,??????
2854,敶啣?蝮?撠暸?,?貉????貉?頝?8??120.50099,23.920935,?貉?蝷曉?瘣餃?銝剖?,?貉???45,"瘞渡,?瘚?瘚瑕",??暻?04-8832171133,??????
2855,敶啣?蝮?冗?剝?,撘萄???撘萄??之?喳毽9-6??120.50099,23.920935,撘萄?????,撘萄???50,"瘞渡,?瘚?瘚瑕",?剜?皛?04-8732621164,??????
2856,??蝮????,撟喳控??撟喳控鈭楝47撌???120.6749,23.921,撟喳控?瘞摰寞?撟喳控?齒?祈?,撟喳控??150,"瘞渡,?,?瘚?,??喟匱??049-2260565,??????
2857,敶啣?蝮?偶??,瘞詨???瘞貊?頝臭?畾?2??120.541331,23.92112,??摰?瘞詨???50,"瘞渡,?瘚?瘚瑕",?梁?鈭?04-8223408,??????
2858,??蝮?葉撖桅?,蝳???瘞豢?頝?8-8??120.7318,23.9236,蝳?蝷曉?瘣餃?銝剖?,蝳???50,"瘞渡,?,?瘚?,撘菜溶蝳?049-2691561,??????
2859,??蝮????,?勗控???勗控頝?3??120.7167,23.9238,?勗控?瘞摰寞?閫?喳笑,?勗控??150,"瘞渡,?,?瘚?,撖箏?雿??瘛?049-2222950,??????
2860,敶啣?蝮?偶??,瘞貉????祐頝?96??120.569898,23.923805,??摰?瘞貉???197,"瘞渡,?瘚?瘚瑕",鞈游?敹?8224248,??????
2861,敶啣?蝮?偶??,蝡孵???蝡嫣葉撌?1??120.503855,23.924464,蝡孵?蝷曉?瘣餃?銝剖?,蝡孵???45,"瘞渡,?瘚?瘚瑕",?梯??8240195,??????
2862,??蝮????,曈喲陷???怠頝?96??120.6397,23.9248,曈喲陷?瘞摰寞?曈喲陷?葉蝳桀?,曈喲陷??250,"瘞渡,?,?瘚?,?⊿擳???049-2291831,??????
2863,敶啣?蝮?偶??,????像頝?06-1??120.522486,23.925579,?蝷曉?瘣餃?銝剖?,???73,"瘞渡,?瘚?瘚瑕",?折?憭?8222465,??????
2864,敶啣?蝮?偶??,????镼輻?撌?1-1??120.528556,23.925671,??蝷曉?瘣餃?銝剖?,????145,"瘞渡,?瘚?瘚瑕",?喳予??8222551,??????
2865,敶啣?蝮?偶??,?????撌?8-1??120.555617,23.92713,?蝷曉?瘣餃?銝剖?,???88,"瘞渡,?瘚?瘚瑕",閰孵噸憒?8221460,??????
2866,敶啣?蝮?偶??,皝喳???敹?頝?3-1??120.532649,23.92828,皝喳?蝷曉?瘣餃?銝剖?,皝喳???39,"瘞渡,?瘚?瘚瑕",??,8222267,??????
2867,敶啣?蝮?偶??,????????楝7-1??120.532649,23.92828,??蝷曉?瘣餃?銝剖?,????43,"瘞渡,?瘚?瘚瑕",撘菜?璅?8247678,??????
2868,??蝮????,?啗???敶啣?頝臭?畾?21??120.6724,23.9294,?啗??瘞摰寞??啗???蝳桀?,?啗???250,"瘞渡,?,?瘚?,?⊿鞈港縑雿?049-2251804,??????
2869,??蝮???,暻???甇衣?頝???120.99,23.9304,暻???,暻???280,"瘞渡,?,?瘚?,撘菟暑??049-2925941,??????
2870,敶啣?蝮?偶??,撏???銋?頝?92-1??120.566311,23.930578,撏?蝷曉?瘣餃?銝剖?,撏???35,"瘞渡,?瘚?瘚瑕",?勗?瘛?8229052,??????
2871,敶啣?蝮?偶??,鈭探??鈭探撌???120.558809,23.9307,鈭探蝷曉?瘣餃?銝剖?,鈭探??35,"瘞渡,?瘚?瘚瑕",鋡??8237900,??????
2872,敶啣?蝮?漯皝,镼踹??镼踹?頝?17撌?6??120.476644,23.931225,镼踹蝷曉?瘣餃?銝剖?,镼踹,30,"瘞渡,?瘚?瘚瑕",璆?雓?939529552,??????
2873,??蝮???,???璇?頝?10??120.9902,23.9314,?????,???50,"瘞渡,?,?瘚?,閮梢瞈?049-2984040-118,??????
2874,??蝮?葉撖桅?,????瘞豢?頝?43-2??120.7501,23.9322,??蝷曉?瘣餃?銝剖?,????50,"瘞渡,?,?瘚?,摮怎?憡?049-2692989,??????
2875,??蝮????,?扯???銝剛?頝?00??120.693,23.9325,?扯??瘞摰寞?敺瑁???瘣餃?銝剖?,?扯???250,"瘞渡,?,?瘚?,?⊿?喟╡??049-2359050,??????
2876,?梯蝮??摰?,????鈭?200??121.578,23.934,?瘣餃?銝剖?,???37,"瘞渡,?,?瘚?,????8422057,??????
2877,??蝮?葉撖桅?,蝢拙???瘞詨像頝?13-12??120.7601,23.9349,蝢拙?????,蝢拙???100,"瘞渡,?,?瘚?,撱?靽?049-2220602,??????
2878,??蝮????,?扳????頝?83??120.6903,23.9357,?扳?瘞摰寞??扳????,?扳??150,"瘞渡,?,?瘚?,??曆???049-2390779,??????
2879,??蝮?葉撖桅?,蝢拙???瘞詨像頝?47-12??120.7589,23.9359,蝢拙?蝷曉?瘣餃?銝剖?,蝢拙???50,"瘞渡,?,?瘚?,撱?靽?049-2220602,??????
2880,??蝮??憪?,?葛???葛頝?6??120.8663,23.9366,皜舀?蝷曉?鈭?摰??葛??1-15??50,"瘞渡,?,?瘚?瘚瑕",敺?敹?2451892,??????
2881,??蝮?葉撖桅?,樴痔??樴?頝?54??120.7629,23.9376,樴痔????,樴痔??50,"瘞渡,?,?瘚?,雓璅?049-2603698,??????
2882,??蝮???,?????頝?6-5??120.9584,23.9376,?????,???30,"瘞渡,?,?瘚?,閮梢瞈?049-2984040-118,??????
2883,敶啣?蝮??敹?,憭芸像??憭芸像頝?89??120.552667,23.938168,憭芸像??,隞??????,200,"瘞渡,?,?瘚?瘚瑕",撘菟?隢?8226049-102,??????
2884,敶啣?蝮??敹?,憭芸像??憭芸像頝?36??120.5513,23.9385,????撟澆????梢??之?舀???????????云撟單?????銝剜????,100,"瘞渡,?瘚?瘚瑕",??捷摰?04-8242192-12,??????
2885,??蝮????,瘞貉???銝剛頝?90撌?0??120.6703,23.9385,瘞貉??瘞摰寞??齒?祈?,瘞貉???100,"瘞渡,?,?瘚?,????049-2253667,??????
2886,敶啣?蝮?漯皝,皝喳???皝喳?頝?7-6??120.507252,23.940604,皝喳?蝷曉?瘣餃?銝剖?,皝喳?,30,"瘞渡,?瘚?瘚瑕",??蝝?04-8282055,??????
2887,??蝮????,曈喳控???怠頝?310??120.6379,23.9409,曈喳控?瘞摰寞?曈喳控????,曈喳控??100,"瘞渡,?,?瘚?,?????049-2292060,??????
2888,??蝮???,瘞湧??瘞湧頝?8??120.9707,23.9409,??摰?瘞湧??30,"瘞渡,?,?瘚?,敺璁?049-2984040-107,??????
2889,敶啣?蝮?漯皝,慦賢???皝喳?頝?7??120.496339,23.941071,慦賢???,慦賢?,100,"瘞渡,?,?瘚?瘚瑕",?喳頛?04-8854793,??????
2890,??蝮?葉撖桅?,皜偌???扳?撌?-6??120.7725,23.9415,皜偌蝷曉?瘣餃?銝剖?,皜偌??100,"瘞渡,?,?瘚?,??璉?049-2602388,??????
2891,??蝮????,??????銝頝?7??120.7024,23.9416,???瘞摰寞??儔??撠葦摰文銝恕,????150,"瘞渡,?,?瘚?,?⊿撘菜?擐?049-2332587,??????
2892,??蝮???,獢掖??獢掖撌?8-1??120.9269,23.9424,獢掖????,獢掖??50,"瘞渡,?,?瘚?,閮梢瞈?049-2984040-118,??????
2893,??蝮????,?????頝?13??120.6754,23.9438,???瘞摰寞???????,????150,"瘞渡,?,?瘚?,??∟瘞?049-2329087,??????
2894,??蝮????,蝳???敶啣?頝臭?畾?53??120.665769,23.944121,蝳??瘞摰寞?蝳?????瘞貉?摰?蝳???50,"瘞渡,?,?瘚?,??撏?049-2256727,??????
2895,??蝮???,瘞湧??銝剜迤頝?21??120.9799,23.9446,瘞湧????,瘞湧??30,"瘞渡,?,?瘚?,閮梢瞈?049-2984040-118,??????
2896,??蝮?葉撖桅?,撱?????批?撌?-2??120.7883,23.9447,撱????瘣餃?銝剖?,撱????100,"瘞渡,?,?瘚?,??璉?049-2691464,??????
2897,敶啣?蝮?之??,蝢葛??銝剖控頝臭?畾?18??120.562457,23.944818,蝢葛蝷曉?瘣餃?銝剖?,蝢葛??50,"瘞渡,?瘚?瘚瑕",皜賊?撖?04-8520149#111,??????
2898,??蝮???,皞芸?????頝?9-1??120.9567,23.945,皞芸??????死??皞芸???60,"瘞渡,?,?瘚?,閮梢瞈?049-2984040-118,??????
2899,??蝮????,蝳????頝?26??120.6593,23.9467,蝳??瘞摰寞?銝?摰?蝳???150,"瘞渡,?,?瘚?,蝛???049-2251580,??????
2900,??蝮?葉撖桅?,瘞貊???瘞詨像頝?00??120.791,23.9471,瘞貊?蝷曉?瘣餃?銝剖?,瘞貊???50,"瘞渡,?,?瘚?,撘萄蔗??049-2691519,??????
2901,??蝮????,?祈???皜撌???121.07602,23.947392,?祈???,?祈???200,"瘞渡,?瘚?瘚瑕",?喟儔??2974123,??????
2902,?梯蝮??摰?,撟脣???撟脣?銝銵?7撌???121.545,23.9474,撟脣?瘣餃?銝剖?,撟脣???35,"瘞渡,?,?瘚?,????8526086,??????
2903,?梯蝮????,???6??9??121.5068,23.9479,?瘣餃?銝剖?,???掖鈭虜蝷曉?,100,"瘞渡,?,?瘚?瘚瑕",??頛?955079056,??????
2904,敶啣?蝮??敹?,?????⊿嘀頝?畾?01??120.525928,23.948035,?尹??,憭扯??????擗冽???擗冽??擗冽?,600,"瘞渡,?,?瘚?瘚瑕",????8292025,??????
2905,敶啣?蝮???,鞊????頝?畾?00??120.4428,23.9482,鈭?撌亙?,?券,200,"瘞渡,?,?瘚?瘚瑕",?喳?蝳?04-8962123#301,??????
2906,敶啣?蝮?漯皝,憭批滬??撏??唾楝34-1??120.498582,23.949215,憭批滬蝷曉?瘣餃?銝剖?,憭批滬,40,"瘞渡,?瘚?瘚瑕",?賜???04-8859409,??????
2907,??蝮????,?旨??銝剖飛頝???120.6962,23.9498,?旨?瘞摰寞??摨?撠僑瘣餃?銝剖?,?旨??200,"瘞渡,?,?瘚?,?撌交瘞豢迤,049-2394852,??????
2908,??蝮???,獢掖??憭批飛頝???120.93,23.950278,???典?憭批飛擃?亙熒銝剖?,獢掖??2200,"瘞渡,?,?瘚?,?暹?,049-2911045,??????
2909,??蝮??憪?,?葛???葛頝?12銋???120.8693,23.9504,?葛??1??6?脰?3??蝘?摰??葛??-10??60,"瘞渡,?,?瘚?瘚瑕",?喳?瑼單??049-2451937,??????
2910,??蝮??憪?,?葛???葛頝?12銋?1??120.8695,23.9508,?葛蝷曉?瘣餃?銝剖?,?葛??-4?啜?摰嗡???50,"瘞渡,?,?瘚?瘚瑕",敶剖??踵???049-2452813,??????
2911,敶啣?蝮??敹?,?血???镼踹??楝178??120.557191,23.951445,????,?血??銝剜????,400,"瘞渡,?,?瘚?瘚瑕",撘菟??8295395,??????
2912,?梯蝮??摰?,隞????絲銝?71??121.5968,23.9517,隞?瘣餃?銝剖?,隞???63,"瘞渡,?,?瘚?,?⊥???8422948,??????
2913,??蝮????,?????楝2??120.6908,23.9522,??瘞摰寞????瘣餃?銝剖?,???100,"瘞渡,?,?瘚?,?⊿撘菟???049-2332549,??????
2914,??蝮????,????銝剜迤頝?52-7??120.6877,23.9524,???瘞摰寞????齒?祈?,????100,"瘞渡,?,?瘚?,?啣孝?湧???492371449,??????
2915,敶啣?蝮???,暺?????銵?1??120.5742,23.9526,?⊥?撣?勗?撠?瘞???????靘??葉憭桅??????之擖??之???撟湧?????230,"瘞渡,?,?瘚?瘚瑕",?振??04-8320130#716,??????
2916,?梯蝮??摰?,??????123??121.5513,23.9527,?瘣餃?銝剖?,???63,"瘞渡,?,?瘚?,?剛??8534573,??????
2917,敶啣?蝮??敹?,蝢拇????⊿嘀頝臭?畾?44??120.5435,23.9531,????,???儔瘞??硃頠??????╡曈單??????單?,100,"瘞渡,?瘚?瘚瑕",暺??04-8296249-31,??????
2918,敶啣?蝮??敹?,蝢拇????⊿嘀頝臭?畾?54??120.544016,23.953935,????,?梢???500,"瘞渡,?,?瘚?瘚瑕",暺???8291928,??????
2919,敶啣?蝮?漯皝,?望漯???⊿嘀頝臭?畾?38??120.497939,23.953975,?望漯??,?望漯,50,"瘞渡,?,?瘚?瘚瑕",?單溶撖?04-8853223,??????
2920,敶啣?蝮??敹?,蝢拇???敹儔?楝51??120.543018,23.95404,???葉,????700,"瘞渡,?,?瘚?瘚瑕",暺??8291129,??????
2921,?梯蝮??摰?,蝔駁????嗉?頝?9??121.5757,23.9548,蝔駁?瘣餃?銝剖?,蝔駁???40,"瘞渡,?,?瘚?,?扳???8533083,??????
2922,?梯蝮??摰?,瘞貉???瘞貉?銝?86??121.5683,23.955,瘞貉?瘣餃?銝剖?,瘞貉???53,"瘞渡,?,?瘚?,?單?敹?8526058,??????
2923,?梯蝮??摰?,隞????絲銝?314??121.5876,23.9563,隞?瘣餃?銝剖?,隞???101,"瘞渡,?,?瘚?,鞈湔?蝡?8523002,??????
2924,敶啣?蝮?漯皝,?唬葉???唬葉憭株楝275撌?2撘?13??120.46673,23.956799,?唬葉蝷曉?瘣餃?銝剖?,?唬葉,30,"瘞渡,?瘚?瘚瑕",璆???04-8858452,??????
2925,敶啣?蝮?漯皝,憭抒姘??敺瑁銵?7??120.47851,23.956882,?犖?熒銝剖?,憭抒姘,100,"瘞渡,?瘚?瘚瑕",雿?璅?925797151,??????
2926,??蝮???,????蝔桃?頝?7-2??120.8946,23.9575,??????,????100,"瘞渡,?,?瘚?,暺銝?049-2913075,??????
2927,??蝮???,?????銵???120.9766,23.9579,?????,???0-44??80,"瘞渡,?,?瘚?,閮梢瞈?049-2984040-118,??????
2928,敶啣?蝮???,????敶啣?蝮???????皝楝??畾?40??120.3784,23.9583,???葉,?券?,400,"瘞渡,?,?瘚?瘚瑕",?喳???04-8861051,??????
2929,敶啣?蝮???,?啁????銵?0??120.5642,23.9587,?⊥?撣正?擃尹,銝儔?????撟喲???????瞏剝??之??????200,"瘞渡,?瘚?瘚瑕",鞈渡??04-8347171#177,??????
2930,??蝮???,?瑕???瘞?鈭?69??120.9699,23.9588,?瑕?????,?瑕???100,"瘞渡,?,?瘚?,閮梢瞈?049-2984040-118,??????
2931,敶啣?蝮???,銝剜迤??銝?銵?8??120.5743,23.9591,?⊥?撣?銝?蝳桀?,???葉撅梢??????蝢???????璇????????100,"瘞渡,?,?瘚?瘚瑕",雓?頛?04-8347171#662,??????
2932,敶啣?蝮?漯皝,皝??憭扳漯頝?畾?23??120.478529,23.95923,皞芣??桀?,皝,100,"瘞渡,?,?瘚?瘚瑕",撘菜??04-8852121,??????
2933,敶啣?蝮?漯皝,???鈭漯頝臭?畾?5??120.478529,23.95923,皞芣???,?,100,"瘞渡,?瘚?瘚瑕",暺?璇?04-8853827,??????
2934,??蝮???,????銵?15??120.9655,23.9594,????,???100,"瘞渡,?,?瘚?瘚瑕",閮梢瞈?049-2984040-118,??????
2935,敶啣?蝮?漯皝,憭抒?????頝?0??120.467753,23.959709,皝正??,憭抒?,60,"瘞渡,?,?瘚?瘚瑕",?剖儔皞?04-8851256,??????
2936,??蝮??撅舫,??????撌?6??120.6633,23.9599,??蝷曉?瘣餃?銝剖?,????-13.19-23??,50,"瘞渡,?",?????旨??049-2550802,??????
2937,??蝮????,????摨正頝?9??120.6861,23.9601,???瘞摰寞?????,????150,"瘞渡,?,?瘚?,?瘝???049-2324530,??????
2938,??蝮??撅舫,銝????漯頝?14??120.6689,23.9611,蝝怠凝摰?銝???2--14??30,"瘞渡,?",銝餃? 蝪⊥???049-2359066,??????
2939,??蝮??撅舫,????銝剜迤頝?05??120.6845,23.9611,??????,????-7??,80,"瘞渡,?",? ?ㄚ??049-2553300,??????
2940,??蝮??撅舫,?陸????頝?10??120.6845,23.9629,?扈??蝳桀?,?陸.?迤.銝剜迤??,200,"瘞渡,?",?⊿ ?單???049-2362007,??????
2941,敶啣?蝮?漯皝,瘝單??瘝單頝?81??120.448106,23.962975,瘝單蝷曉?瘣餃?銝剖?,瘝單,30,"瘞渡,?瘚?瘚瑕",璆?蝑?0921-785158,??????
2942,??蝮???,?啣????脰銵?8??璅?120.9623,23.9635,?啣?????,?啣???25,"瘞渡,?,?瘚?,閮梢瞈?049-2984040-118,??????
2943,??蝮???,皜???脰銵?8??璅?120.9623,23.9635,皜????,皜??30,"瘞渡,?,?瘚?,閮梢瞈?049-2984040-118,??????
2944,??蝮???,??????銵?15撌???120.9669,23.9637,??????,????60,"瘞渡,?,?瘚?,閮梢瞈?049-2984040-118,??????
2945,??蝮???,??????頝?-1??120.9446,23.9638,蝢拇?蟡?????30,"瘞渡,?,?瘚?,敺璁?049-2984040-107,??????
2946,敶啣?蝮?漯皝,皝??憭扳漯頝臭?畾?23??120.482373,23.963927,皝??,皝,100,"瘞渡,?,?瘚?瘚瑕",瘣芷??04-8858771,??????
2947,敶啣?蝮?漯皝,?像??靽∪?銵???120.479389,23.96397,蝳?摰??像,30,,璆??,04-8851852,??????
2948,敶啣?蝮???,?????脣為撌?5??120.342,23.9642,????,?券?,400,"瘞渡,?,?瘚?瘚瑕",璇???04-8932182,??????
2949,??蝮??撅舫,撅梯???啁?頝?6??120.6809,23.9648,?控??蝳桀?,撅梯??1-36??200,"瘞渡,?",?⊿ ?函雁鞈?049-2339107,??????
2950,?梯蝮????,????9??3??121.4944,23.965,???嗅捆?,????70,"瘞渡,?瘚?,雿?敹?03-8641057,??????
2951,敶啣?蝮?漯皝,憭芸像???唳頝?01??120.47679,23.965221,皝???,憭批像,100,"瘞渡,?,?瘚?瘚瑕",?喲?摮?04-8855548,??????
2952,??蝮????,?仿??3?圈?撅勗毽67-1??121.211132,23.965785,?仿瘣餃?銝剖?,?仿??100,"瘞渡,?,?瘚?瘚瑕",?單???2802471,??????
2953,?梯蝮??摰?,?望????望絲?剛?74??121.5953,23.9658,?望?瘣餃?銝剖?,?望???47,"瘞渡,?,?瘚?,擳瘛?8528607,??????
2954,??蝮??撅舫,?啣???憭芸像頝臭?畾?14??120.739,23.9669,憭芣?摰??啣???30,"瘞渡,?",銝餃? ?郎??049-2333346,??????
2955,敶啣?蝮???,銝縑??銝剖控頝臭?畾?80??120.5716,23.967,?⊥?撣?靽∪?撠?銝剜迤??撟喲???摮???????璈???????靽⊿???憭?????200,"瘞渡,?,?瘚?瘚瑕",鈭?蝯撘萇?隤?04-8320810#16,??????
2956,??蝮???,瘜啣???瘞?鈭?58??120.9756,23.9671,瘜啣?????,瘜啣???50,"瘞渡,?,?瘚?,閮梢瞈?049-2984040-118,??????
2957,??蝮??撅舫,撟單????亥?頝?5撌?1??120.7397,23.9673,撟單?????,撟單???-7??,100,"瘞渡,?",? 雓?璉?049-2572288,??????
2958,敶啣?蝮???,???撅梯頝臬?畾?12??120.601,23.9678,?⊥?撣撅勗?撠?撏?????????瘞湧???瘞湧??之撜圈?????筑?喲??正?梢????梢??葉?梢??????2??300,"瘞渡,?,?瘚?瘚瑕",鈭?蝯????04-8310749#22,??????
2959,??蝮??撅舫,?喳????喳?頝?7-37??120.7451,23.968,?喳?????,?喳???-8??,100,"瘞渡,?",? 瘣芣??049-2327162,??????
2960,??蝮???,镼輸???銝剜迤頝?11??120.9643,23.9681,镼輸?????,镼輸???50,"瘞渡,?,?瘚?,閮梢瞈?0492984040-118,??????
2961,?梯蝮??摰?,隞???隞?鈭?1??121.5925,23.9684,隞?瘣餃?銝剖?,隞???90,瘞渡,璆???8514057,??????
2962,??蝮????,閬芣???擃像頝???121.107902,23.968466,閬芣??暑?葉敹?閬芣???100,"瘞渡,?瘚?瘚瑕",瞏面??2974201,??????
2963,??蝮??撅舫,敺∪???勗控頝?7??120.6685,23.9686,敺∪?????,敺∪??-11.20-23.30.33.36??,50,"瘞渡,?",? 瘣芣??049-2569326,??????
2964,?梯蝮??桀?,銝餉噙??銝剝?銵?7??121.5968,23.9688,銝餉噙蝷曉?瘣餃?銝剖?,銝餉噙?蜓摰?,50,"瘞渡,?瘚?瘚瑕",??摰?03-8350088,??????
2965,?梯蝮??摰?,蝳???蝳噸銵???121.5624,23.9689,蝳?瘣餃?銝剖?,蝳???106,"瘞渡,?,?瘚?,暺?敶?8526216,??????
2966,??蝮??撅舫,????銝剜迤頝?89??120.6763,23.9691,????蝳桀?,????200,"瘞渡,?",?⊿ ?雁撜?049-2552024,??????
2967,??蝮??撅舫,?芷????頝?0-2??120.6657,23.9692,?芷???蝳桀?,?芷???200,"瘞渡,?",?⊿ ????049-2552074,??????
2968,敶啣?蝮??敹?,鈭???鈭?頝?2??120.526197,23.969739,曈喲???,瘝寡?????,363,"瘞渡,?,?瘚?瘚瑕",????8294072,??????
2969,??蝮??撅舫,?血????血?頝?2-6??120.668,23.9698,?血???蝳桀?,?血???4-37??,200,"瘞渡,?",?⊿ 蝪∠?曊?049-2365074,??????
2970,?梯蝮??摰?,??????銝?64??121.5797,23.9704,??瘣餃?銝剖?,????72,"?,?瘚?瘚瑕",?單??8521081,??????
2971,敶啣?蝮??敹?,璇折陶??憭扳漯頝臭?畾?75??120.512005,23.970465,璇折陶??,璇折陶?????單?,363,"瘞渡,?,?瘚?瘚瑕",????8291964-13,??????
2972,??蝮???,???銋?銵?6??120.9598,23.9712,?蝷曉?瘣餃?銝剖?,???1-19??50,"瘞渡,?,?瘚?,瘝??049-2984040-225,??????
2973,?梯蝮??桀?,銝餃飛??銝剜迤頝?10??121.5997,23.9717,銝剜迤??,銝餉噙?蜓摰蜓?蜓摮詻蜓甈蜓????187,"瘞渡,?瘚?瘚瑕",?喃???03-8322819,??????
2974,?梯蝮??桀?,銝餅???銝剖?頝?31??121.5964,23.9718,銝剖????葉銝?銝剝?摰,銝餉噙?蜓摰蜓?蜓摮詻蜓甈蜓????85,"瘞渡,?瘚?瘚瑕",?喲???03-8333547,??????
2975,??蝮??撅舫,?喳????喳?頝?6-10??120.6606,23.9719,?喳?蝷曉?瘣餃?銝剖?,?喳???-11??,50,"瘞渡,?",????雿??049-2357833,??????
2976,??蝮??撅舫,??,?楝268??120.6837,23.972,?????,??5.9-13.17??,50,"瘞渡,?",? ????049-2330638,??????
2977,??蝮???,憭批???憭批?頝?8??120.9589,23.9721,憭批?蝷曉?瘣餃?銝剖?,憭批???-12??50,"瘞渡,?,?瘚?,瘝??049-2984040-225,??????
2978,敶啣?蝮?漯皝,銝剔姘??蝡寧?頝?81??120.504958,23.973162,銝剔姘蝷曉?瘣餃?銝剖?,銝剔姘??40,"瘞渡,?瘚?瘚瑕",暺???04-8818737,??????
2979,敶啣?蝮?之??,?啗????啗?撌?-3??120.537435,23.973249,?啗?蝷曉?瘣餃?銝剖?,?啗???30,"瘞渡,?瘚?瘚瑕",皜賊?撖?04-8520149#111,??????
2980,??蝮???,憭扳像???喃?銵?0??120.9777,23.9734,?控蝷曉?瘣餃?銝剖?,憭扳像??120,"瘞渡,?,?瘚?,瘝??049-2984040-225,??????
2981,?梯蝮??摰?,??????頝臭?畾?7??121.5628,23.9734,????,????223,"瘞渡,?,?瘚?,撱???8523984,??????
2982,?梯蝮??桀?,銝餌????銵?69??121.6058,23.9734,?梯??撱?摰Ｗ之璅??梯撣???100,"瘞渡,?瘚?瘚瑕",摮怠???03-8222854,??????
2983,??蝮???,憭批???憭批?頝?59??120.9498,23.9736,??瘣餃?銝剖?,憭批???3-22??60,"瘞渡,?,?瘚?,瘝??049-2984040-225,??????
2984,?梯蝮??摰?,????銝剛?頝?55撌???121.5643,23.9736,??瘣餃?銝剖?,????32,"?,?瘚?瘚瑕",皞恍???8535282,??????
2985,敶啣?蝮?漯皝,镼踹祚???⊿嘀頝?69-1??120.47264,23.973695,?予摰?镼踹祚,30,"瘞渡,?瘚?瘚瑕",瘣芷?銵?04-8818072,??????
2986,?梯蝮??摰?,????銝剖控頝臭?畾?9撌?8??121.5742,23.974,鈭?摰??券?,70,"瘞渡,?,?瘚?,??敺?8521334,??????
2987,??蝮????,閬芣???憭批?頝?7??121.127976,23.974175,閬芣????砍之?,閬芣???200,"瘞渡,?瘚?瘚瑕",撘萇?憡?2974032,??????
2988,??蝮??撅舫,???銝剜迤頝?3-1??120.7039,23.9749,?蝷曉?瘣餃?銝剖?,???-11.18-22??,100,"瘞渡,?",??????憟?049-2571599,??????
2989,?梯蝮??摰?,??????銝銵?0??121.5869,23.9754,??瘣餃?銝剖?,????38,"瘞渡,?,?瘚?,?單???8522377,??????
2990,?梯蝮??摰?,摰????孕?剛?52撌???121.5832,23.9756,摰?瘣餃?銝剖?,摰???49,"?,?瘚?瘚瑕",????8535389,??????
2991,?梯蝮??桀?,銝餃???銝剛頝?98??121.5986,23.9756,敹???,銝餃??蜓摮貊???47,"瘞渡,?瘚?瘚瑕",蝔?,03-8351218,??????
2992,?梯蝮??桀?,銝餅???銝剖?頝?66??121.5938,23.9757,銝餅?蝷曉?瘣餃?銝剖?,銝餅???72,"瘞渡,?瘚?瘚瑕",敺???03-8333749,??????
2993,??蝮???,????頝?6??120.9897,23.9767,?????,???50,"瘞渡,?,?瘚?,閮梢瞈?049-2984040-118,??????
2994,??蝮???,????銝剖控頝臬?畾?73??120.919707,23.976883,??????,????70,,閮梢瞈?049-2984040-118,??????
2995,??蝮??撅舫,蝣扳散??蝡犖頝?63撌?9??120.6864,23.9773,蝣扳散蝷曉?瘣餃?銝剖?,蝣扳散??-8.14??,100,"瘞渡,?",?喳???????049-2367656,??????
2996,?梯蝮??摰?,??????銝?118??121.5867,23.9777,??摰?????1300,"瘞渡,?,?瘚?,?啣???8528658,??????
2997,??蝮??撅舫,?血???隞?銵?56??120.7005,23.9778,?血?????,?血???-13??,50,"瘞渡,?",? ?詨?,049-2355085,??????
2998,?梯蝮??摰?,??????銝?136??121.586,23.978,?????????700,"?,?瘚?,?鼠??8521334,??????
2999,?梯蝮??桀?,瘞????砍?頝?3??121.6142,23.978,銝剜迤擃擗??梯撣???593,"瘞渡,?瘚?,????03-8580686,??????
3000,?梯蝮??桀?,?◢???銵???121.5954,23.9785,?◢?葉,???憸函???800,"瘞渡,?瘚?瘚瑕",???03-8323847,??????
3001,敶啣?蝮???,?啣窄???單慰頝?29撌?00??120.35004,23.978617,?啣窄??,?券?,150,"瘞渡,?,?瘚?瘚瑕",????04-8932885,??????
3002,??蝮??撅舫,撅梯??靽⊥?銵?0??120.7257,23.9788,撅梯蝷曉?瘣餃?銝剖?,撅梯??-10??20,"瘞渡,?",?????單??049-2332160,??????
3003,??蝮??撅舫,蝣批陸??蝣批陸頝?35撌???120.7177,23.9789,蝣批陸????,蝣批陸??-9.15-24??,100,"瘞渡,?",? ?偶蝳?049-2355921,??????
3004,?梯蝮??桀?,?◢???儔銵?07??121.6029,23.979,?儔??,?????憡?瘝颯?擳?摰??脯??胯???憸具?銝颯?瘝颯???????甈蜓?蜓?扎蜓閮蜓蝢押蜓撌乓蜓?艾蜓靽∠???185,"瘞渡,?瘚?瘚瑕",?剜???03-8326686,??????
3005,??蝮???,?輸????輸?頝?-1??120.9493,23.9791,?輸?????,?輸???40,"瘞渡,?,?瘚?,閮梢瞈?049-2984040-118,??????
3006,??蝮??撅舫,????銝剜迤頝?88-41??120.6982,23.9797,??撠?撱??葉敹?????4-18??,100,"瘞渡,?",銝餃? ?ㄚ??049-2568603,??????
3007,敶啣?蝮??暽賡?,鞊黎??敶啣?蝮??暽賡?鞊黎???楝45銋???120.4882,23.9798,憭批???,鞊黎??撱?,150,"瘞渡,?,?瘚?瘚瑕",????04-8853760,??????
3008,??蝮??撅舫,撖祚??銝剜迤頝?68-23??120.6866,23.9799,?剖?擃葉蝳桀?,撖祚??.6.20-22.26-28.30??,200,"瘞渡,?",?⊿ ?單???049-2563472,??????
3009,??蝮??撅舫,撖祚??撖?頝臭?畾?67??120.6947,23.9801,撖祚????,撖祚??-14.25.33??,20,"瘞渡,?",? 擃?瘣?049-2569379,??????
3010,??蝮??撅舫,撟單????亥?頝?5撌?0??120.721,23.9801,撟單???蝳桀?,撟單???-13??,200,"瘞渡,?",?⊿ 暺??049-2571761,??????
3011,??蝮??撅舫,?啣????祈?頝臭?畾?42??120.6806,23.9803,?啣?????,?啣???-12??,50,"瘞渡,?",? 撱?撌?049-2313717,??????
3012,??蝮??撅舫,銝????漯頝?99撌?撘???120.6799,23.9804,銝??犖瘣餃?銝剖?,銝???--11??60,"瘞渡,?",? 撘萄噸敹?049-2350417,??????
3013,??蝮??憪?,?控??銝剜迤頝?畾?57??120.8736,23.9805,?控?葉,?控??-3?啜之?單?8-10?啜?皜舀?1??50,"瘞渡,?,?瘚?瘚瑕",撘菜?曈單??049-2451028,??????
3014,??蝮??憪?,?控??銝剜迤頝?畾?9銋???120.8939,23.9808,?控??1??6?脰?6??蝘?摰??控??-10??50,"瘞渡,?,?瘚?瘚瑕",?唾眼???049-2451935,??????
3015,??蝮???,蝐???蝐?頝?1??120.9567,23.981,蝐?蝷曉?瘣餃?銝剖?,蝐???100,"瘞渡,?,?瘚?,瘝??049-2984040-225,??????
3016,??蝮??撅舫,??,??頝?82-1??120.6872,23.9813,??摰???4.6-8??,30,"瘞渡,?",銝餃? 瘣芷???049-2327903,??????
3017,??蝮??撅舫,?????撌?4-2??120.7911,23.9815,樴?摰????20,"瘞渡,?,?瘚?,銝餃? 暺?敹?049-2566297,??????
3018,??蝮??撅舫,蝣批陸??蝡犖頝?39??120.6775,23.9817,蝣批陸??蝳桀?,蝣批陸??0-14??,200,"瘞渡,?",?⊿ ?單???049-2334304,??????
3019,??蝮??憪?,?控??銝剜迤頝?畾?60-1??120.8724,23.9817,?予摰??控??-5??50,"瘞渡,?,?瘚?瘚瑕",?????049-2451032,??????
3020,??蝮??撅舫,??,?頝?8??120.7911,23.9818,?摰???1-3.14-16??,30,"瘞渡,?,?瘚?,銝餃? ?望瘞?049-2354886,??????
3021,?梯蝮??桀?,?????ㄝ頝?52??121.6068,23.9821,?梯撣?,?梯撣???37,"瘞渡,?瘚?瘚瑕",敶剛???03-8322141,??????
3022,??蝮??憪?,?控??銝剜迤頝?畾?12??117.874241,23.982156,?控蝷曉?瘣餃?銝剖?,?控??50,"瘞渡,?,?瘚?瘚瑕",?????0921-786113,??????
3023,?梯蝮??摰?,?嗉????嗅?銝銵?37??121.5632,23.9825,?嗉?瘣餃?銝剖?,?嗉???61,"?,?瘚?瘚瑕",?剝?撖?8535375,??????
3024,??蝮??撅舫,?血????血?頝?4??120.664,23.9835,?血?摰??血???-6??,200,"瘞渡,?",銝餃? ??鋆?049-2323793,??????
3025,?梯蝮??桀?,????撱箏?頝?61??121.599,23.9836,???梯颲脫平?瑟平摮豢,?????瘝颯?憡?摰??脯??胯???憸具?擳???382,"瘞渡,?瘚?瘚瑕",鞈港?璁?03-8312313,??????
3026,??蝮??撅舫,銝剖????芾撌?0??120.7428,23.984,銝剖???蝳桀?,銝剖???3-15??,200,"瘞渡,?",?⊿ 皞怠?璁?049-2554631,??????
3027,敶啣?蝮?之??,憭批???憭批?頝?0??1,120.5261,23.9841,憭扯正??,?券?,100,"瘞渡,?,?瘚?瘚瑕",皜貊???04-8522677,??????
3028,??蝮??撅舫,銝剖???銝剖?頝?7-1??120.6638,23.9841,瘞詨?摰?銝剖???-12??,20,"瘞渡,?",銝餃? ???049-2560987,??????
3029,??蝮??撅舫,?????頝?29??120.7951,23.9847,瘞詨?摰????-12??,20,"瘞渡,?,?瘚?,銝餃? ?郎??049-2568513,??????
3030,敶啣?蝮??暽賡?,憭拍???敶啣?蝮??暽賡?憭拍???楝68銋???120.4288,23.985,憭拍???,憭拍??蝣?,150,"瘞渡,?,?瘚?瘚瑕",?賣???04-86650842,??????
3031,??蝮??撅舫,?芷????頝?9??120.7206,23.9852,?芷?蝷曉?瘣餃?銝剖?,?芷???-6??,30,"瘞渡,?",????????049-2552573,??????
3032,敶啣?蝮?之??,?箏????箏?璈怠毽1-1??120.559998,23.985318,?箏?蝷曉?瘣餃?銝剖?,?箏???30,"瘞渡,?瘚?瘚瑕",皜賊?撖?04-8520149#111,??????
3033,敶啣?蝮??暽賡?,?唳偌??敶啣?蝮??暽賡??唳偌???啣之?啗楝1撌?2-80撌?2??120.4423,23.9858,?厭??撟澆????券?,200,"瘞渡,?瘚?瘚瑕",?喟???048-652301-142,??????
3034,敶啣?蝮??暽賡?,?唳偌??敶啣?蝮??暽賡??唳偌?之?啗楝15??120.4453,23.9858,?唳偌??,?唳偌????,200,"瘞渡,?,?瘚?瘚瑕",?喟???04-8652301142,??????
3035,?梯蝮??桀?,????銝剖控頝?18??121.6025,23.9865,?梯擃?,?????胯?擳???266,"瘞渡,?,?瘚?瘚瑕",?勗???03-8322532210,??????
3036,?梯蝮??摰?,??????123??121.5947,23.987,??瘣餃?銝剖?,????83,"?,?瘚?瘚瑕",暺???8577346,??????
3037,??蝮???,????摰?鈭毽1??120.9863,23.9872,摰?蝷曉?瘣餃?銝剖?,????50,"瘞渡,?,?瘚?,瘝??049-2984040-225,??????
3038,??蝮??撅舫,?陸???控頝?08??120.7183,23.9876,?扈?葉蝳桀?,?陸??-11.19-22??,200,"瘞渡,?",?⊿ 暺???049-2362024,??????
3039,??蝮??撅舫,撖祚??銝剜迤頝?67??120.6624,23.9877,撖???蝳桀?,撖祚??5-19.2.23.29.32??,200,"瘞渡,?",?⊿?單?甇?049-2569213,??????
3040,??蝮??撅舫,銝剖???銝剖?頝?7??120.7183,23.9879,銝剖?????,銝剖???-5??,100,"瘞渡,?",? ?儔??049-2554436,??????
3041,敶啣?蝮??暽賡?,?葛??敶啣?蝮??暽賡??葛???楝29銋???120.4958,23.988,?葛??,?葛?瘞湔?,200,"瘞渡,?,?瘚?瘚瑕",璆?瘜?04-8850169,??????
3042,敶啣?蝮?之??,鞎Ｘ???憭批?頝?-1??120.538159,23.988147,鞎Ｘ?蝷曉?瘣餃?銝剖?,鞎Ｘ???50,"瘞渡,?瘚?瘚瑕",皜賊?撖?04-8520149#111,??????
3043,敶啣?蝮?之??,????銝剖控頝?畾?40??120.5655,23.9882,憭扳??葉,?券?,100,"瘞渡,?,?瘚?瘚瑕",???04-8521231#215,??????
3044,敶啣?蝮?之??,????銝剜迤?梯楝98撌???120.566488,23.988403,??蝷曉?瘣餃?銝剖?,????50,"瘞渡,?瘚?瘚瑕",皜賊?撖?04-8520149#111,??????
3045,敶啣?蝮?之??,????鈭毽16-3??120.524909,23.988689,?蝷曉?瘣餃?銝剖?,???50,"瘞渡,?瘚?瘚瑕",皜賊?撖?04-8520149#111,??????
3046,??蝮???,??????頝?5??120.9253,23.9887,??????,????40,"瘞渡,?,?瘚?,閮梢瞈?049-2984040-118,??????
3047,?梯蝮??桀?,瘞???啗?頝?0??121.6157,23.9887,??撏??,?梯撣???300,"瘞渡,?,?瘚?瘚瑕",憪?撌葉?∪?雓摰?03-8358100頧?38413,??????
3048,敶啣?蝮?之??,????銝剖控頝?畾?42??120.5648,23.9889,????,?券?,150,"瘞渡,?,?瘚?瘚瑕",?喟??04-8533680,??????
3049,?梯蝮??摰?,瘞詨???憭芣?頝?88??121.5731,23.989,瘞詨?瘣餃?銝剖?,瘞詨???156,"?,?瘚?瘚瑕",?凋?瘛?8566167,??????
3050,??蝮??撅舫,??????頝?85??120.6913,23.9892,??????,????-8??,100,"瘞渡,?",? 閮望???049-2321339,??????
3051,??蝮??憪?,憭抒??銝剜迤頝?畾?35銋???120.8616,23.9893,憭抒蝷曉?瘣餃?銝剖?,憭抒??-7??50,"瘞渡,?,?瘚?瘚瑕",璆偶????049-2451365,??????
3052,??蝮??撅舫,?啗???蝔駁?頝?6??120.6894,23.9909,?啗?????,?啗???60,"瘞渡,?",? ?喟???049-2314651,??????
3053,??蝮???,????摰?頝?8??120.9798,23.991,敹???,????180,"瘞渡,?,?瘚?,敺璁?049-2984040-107,??????
3054,??蝮??撅舫,敺∪???餉?頝?63??120.7643,23.9911,敺∪????,敺∪??2-19.24-29.31.32.35??,150,"瘞渡,?,?瘚?,? 瘣芣??049-2569326,??????
3055,?梯蝮??桀?,??????鈭?22??121.607,23.992,銝剛??,?????憡?瘝颯?擳?摰??脯??胯???憸函???189,"瘞渡,?瘚?瘚瑕",?曉??03-8324308,??????
3056,??蝮??撅舫,???銝剜迤頝?4-7??120.6722,23.9922,???蝳桀?,???2-17.23-25.29-34??,200,"瘞渡,?",?⊿??蟡?049-2571362,??????
3057,??蝮??撅舫,敺抵???敺抵?頝?75??120.7624,23.9923,?桃?撟澆???敺抵???5-29??,100,"瘞渡,?,?瘚?,隞????閰寞?憒?049-2313114,??????
3058,敶啣?蝮??暽賡?,????敶啣?蝮??暽賡????蔑瘞渲楝銝畾?52??120.4766,23.9927,?厭??,?厭??撏?,200,"瘞渡,?,?瘚?瘚瑕",閮梯???04-8852882,??????
3059,??蝮??撅舫,?芷????頝?0-1??120.7423,23.9927,?芷?????,?芷???-10??,100,"瘞渡,?",? ?迤??049-2552468,??????
3060,敶啣?蝮?之??,??????銝毽36-2??120.554649,23.992766,??蝷曉?瘣餃?銝剖?,????30,"瘞渡,?瘚?瘚瑕",皜賊?撖?04-8520149#111,??????
3061,?梯蝮??桀?,瘞??瘞貉?頝?0??121.6255,23.9928,?撥??,瘞??????輻???293,"瘞渡,?,?瘚?瘚瑕",????03-8223787,??????
3062,敶啣?蝮?之??,蝳???撅梯頝?02??1,120.5856,23.9934,???,?券?,50,"瘞渡,?,?瘚?瘚瑕",?剖膝??8526328#515,??????
3063,敶啣?蝮?之??,憭扳???銝剜迤镼輯楝338??120.5472,23.9935,憭扳???,?券?,90,"瘞渡,?瘚?瘚瑕",?喲???048-520149#131,??????
3064,?梯蝮??摰?,憭芣???憭芣?頝?88??121.5639,23.9936,憭芣?瘣餃?銝剖?,憭芣???80,"瘞渡,?,?瘚?,?冽?摰?8569236,??????
3065,敶啣?蝮?之??,憭扳???銝剜迤镼輯楝381??120.5454,23.9937,憭扳???,?券?,200,"瘞渡,?,?瘚?瘚瑕",?憒?04-8522794,??????
3066,??蝮??撅舫,?????脤尹頝舫?隞毽17撘?6??120.6496,23.9938,??摰?????-3.14-17??,30,"瘞渡,?",銝餃? 瘣芣??049-2333635,??????
3067,敶啣?蝮??暽賡?,????敶啣?蝮??暽賡??????啣蔑瘞渲楝1畾?40撌?2??120.4783,23.9946,?犖?熒銝剖?,?券?,150,"瘞渡,?瘚?瘚瑕",?喟???04-8652301-142,??????
3068,敶啣?蝮?之??,憭扳???銝剖控頝臭?畾?93撌?9??120.560413,23.994646,憭扳?蝷曉?瘣餃?銝剖?,憭扳???50,"瘞渡,?,?瘚?瘚瑕",皜賊?撖?04-8520149#111,??????
3069,?梯蝮??桀?,????銝剖控頝?03??121.5947,23.995,????,????撖?,51,"瘞渡,?,?瘚?瘚瑕",??蟡?03-8569088,??????
3070,??蝮??撅舫,???銝剜迤頝?3??120.6679,23.9951,蝝恍摰????6-28.35.36??,20,"瘞渡,?",銝餃? ????049-2571466,??????
3071,??蝮??撅舫,?啣????啣?銝楝32??120.7173,23.9957,?啣???蝳桀?,?啣???3-23??,200,"瘞渡,?",?⊿ ??璁?049-2333104,??????
3072,??蝮??撅舫,?????脤尹頝?39??120.7173,23.9958,?摰?????-13??,30,"瘞渡,?",銝餃? ?典恭擉?049-2327645,??????
3073,敶啣?蝮?之??,?唳????唳?撌?1??120.533553,23.996098,?唳?蝷曉?瘣餃?銝剖?,?唳???50,"瘞渡,?瘚?瘚瑕",皜賊?撖?04-8520149#111,??????
3074,?梯蝮??桀?,????隞?銵?76??121.5746,23.997,"??憭批飛?身??銝剖飛,撠飛",????蝳??嗥???344,"瘞渡,?,?瘚?瘚瑕",?∩漁??03-8572823,??????
3075,?梯蝮??桀?,瘞?????頝?0撌???121.6277,23.9978,蝢??葉,瘞???敹?鈭怒?璅????踴?敺瑯?蝡??扎?????193,"瘞渡,?,?瘚?,?單蝢?03-8223537,??????
3076,?梯蝮??桀?,????鋆孕頝?9??121.5991,23.9979,?芸撥?葉,????撖?,330,"瘞渡,?,?瘚?瘚瑕",?剔?霅?03-8579338,??????
3077,??蝮??撅舫,蝣扳散??蝣批陸頝?69撌?1??120.6568,23.9984,蝣扳散????,蝣扳散??-5.9-13.15??,30,"瘞渡,?",? ?頛?049-2367656,??????
3078,敶啣?蝮?之??,憭扳????頝臭?畾?03??120.544791,23.99852,憭扳??冗?瘣餃?銝剖?,憭扳???50,"瘞渡,?瘚?瘚瑕",皜賊?撖?04-8520149#111,??????
3079,?梯蝮??桀?,瘞???摨?頝?7??121.6199,23.9987,?梯擃極,瘞???摮?敹?鈭怒?璅????踴?敺瑯?蝡??斤???310,"瘞渡,?,?瘚?瘚瑕",?典???03-8226108,??????
3080,?梯蝮??桀?,????隞?銵?7??121.5734,23.9997,??憭批飛鈭箸?蝷暹?摮賊,????蝳??嗥???316,"瘞渡,?,?瘚?瘚瑕",???03-8572677,??????
3081,??蝮??撅舫,撖祚??撖?頝臭?畾?03??120.6757,23.9999,撖祚蝷曉?瘣餃?銝剖?,撖祚??.4-7.31.34??,30,"瘞渡,?",????瘙??049-2354922,??????
3082,撅蝮?遛撌?,?噸??撅梢?頝?7??憯?118,24,?噸蝷曉?瘣餃?銝剖?,?噸??60,"瘞渡,?瘚?瘚瑕",摰?摰?08-8801358,??????
3083,?啣?撣摨?,敺瑕???摰熒頝臭?畾?83撌?3-4??121,24,敺瑕?撣?瘣餃?銝剖?,敺瑕??????撏???閫?????????????????圈????,22,"瘞渡,?瘚?,?唾??02-29112281#1209,??????
3084,敶啣?蝮??暽賡?,瘞豢???敶啣?蝮??暽賡?瘞豢??偶璅楝435??120.4345,24.0004,瘞豢?蝳??,瘞豢???150,"瘞渡,?瘚?瘚瑕",??鞎?910437974,??????
3085,?梯蝮??桀?,???銝剖控頝?畾?00??121.5916,24.0004,蝘??雁擃?銝剖飛,????蝳??嗥???500,"瘞渡,?,?瘚?瘚瑕",閮梁???03-8561455,??????
3086,敶啣?蝮??暽賡?,瘞豢???敶啣?蝮??暽賡?瘞豢??偶璅楝600??120.4313,24.0005,瘞豢???,瘞詨像??150,"瘞渡,?,?瘚?瘚瑕",?喳???04-8652263,??????
3087,敶啣?蝮??暽賡?,憟賭耨??敶啣?蝮??暽賡?憟賭耨?葉甇?楝192??120.4637,24.0005,?厭??,?券?,100,"瘞渡,?,?瘚?瘚瑕",?喟???048-652301-142,??????
3088,??蝮??撅舫,敺抵???敺抵?頝?32-1??120.6665,24.0007,敺抵?????,敺抵???-14??,100,"瘞渡,?",? ???049-2336449,??????
3089,敶啣?蝮?之??,蝳???摮詨?頝?68??120.5963,24.0012,憭扯?憭批飛,?券?,70,"瘞渡,?,?瘚?瘚瑕",瘙芣慰??04-8511888#1130,??????
3090,??蝮??撅舫,?????頝?29-1??120.6564,24.0012,?????,???-6??,100,"瘞渡,?",? ?郎??049-2568513,??????
3091,??蝮??撅舫,?陸???陸銵?撟游毽1??120.6501,24.0013,?臬??齒?祈?,銝剖控???像???陸??-3.12-18??,60,"瘞渡,?",? 瘣芣??049-2328906,??????
3092,??蝮????,????璆?頝?6??121.067987,24.001311,璆?瘣餃?銝剖?,?????冗?,50,"瘞渡,?,?瘚?瘚瑕",?舀?朣?2920775,??????
3093,?梯蝮??桀?,瘞???摨?頝?9??121.6182,24.0017,銵?Ｗ?頠?文蝴摰頛?憪?,?梯蝮?10,"瘞渡,?,?瘚?瘚瑕",?喳?璁?03-8223111,??????
3094,?梯蝮??桀?,瘞?????銝銵?6??121.631,24.0022,瘞?蝷曉?瘣餃?銝剖?,瘞???鈭怒?敹???54,"瘞渡,?,?瘚?,暺鞎?03-8223273,??????
3095,?梯蝮???,?????頝?撌?3??121.6142,24.0035,銵?蝳?冽??犖銋振擗風?Ｗ?,???180,"瘞渡,?,?瘚?瘚瑕",?振璁?03-8222831,??????
3096,?梯蝮????,瘞湔???107??121.554,24.0038,瘞湔??嗅捆?,瘞湔???60,"瘞渡,?瘚?,?⊥??03-8567603,??????
3097,?梯蝮??桀?,瘞???瘞?483-1??121.6168,24.0039,憭折鈭?瘣餃?銝剖?,瘞???63,"瘞渡,?瘚?瘚瑕",雿??03-8241064,??????
3098,?梯蝮??桀?,????皝憭扯楝23??121.582,24.004,?梯蝮??擃???梯撣???527,"瘞渡,?瘚?,?雁??03-858068615,??????
3099,敶啣?蝮??瘞湧?,銝???瘞?銵?62??120.505354,24.004341,?脫???,?券?,50,"瘞渡,?,?瘚?瘚瑕",璇垢?,04-7694845,??????
3100,?梯蝮???,???6?啣???銵?3撌???121.6123,24.0055,?蝷曉?瘣餃?銝剖?,???71,"瘞渡,?,?瘚?瘚瑕",?望???8221227,??????
3101,??蝮???,?脫葛??镼踹?頝臭?畾?97??120.9571,24.0056,?剖噸???脫葛??50,"瘞渡,?,?瘚?,敺璁?049-2984040-115,??????
3102,敶啣?蝮???,瞍Ｗ窄????銝頝?5??120.3688,24.0058,瞍Ｗ窄瘣餃?銝剖?,?券?,100,"瘞渡,?瘚?瘚瑕",??瘜?04-8991999,??????
3103,敶啣?蝮??瘞湧?,銝???瘞?銵?06?予?悅,120.502367,24.006258,銝???蝷曉?瘣餃?銝剖?,銝???30,"瘞渡,?瘚?瘚瑕",?喳???04-7692952,??????
3104,??蝮???,?脫葛??摰??頝?7??120.9575,24.0067,?脫葛????,?脫葛??70,"瘞渡,?,?瘚?,閮梢瞈?0492984040-118,??????
3105,??蝮???,?脫葛????頝???120.9575,24.0067,?脫葛??,?脫葛??130,"瘞渡,?,?瘚?,敺?蝢?049-2931521,??????
3106,敶啣?蝮??瘞湧?,?正????撌?2??120.517821,24.006705,?正蝷曉?瘣餃?銝剖?,?正??30,"瘞渡,?瘚?瘚瑕",瘙???0-7691039,??????
3107,敶啣?蝮??瘞湧?,?正????撌?2??120.517821,24.006705,?正蝷曉?瘣餃?銝剖?,?正??30,"瘞渡,?瘚?瘚瑕",??璅?04-7694737,??????
3108,??蝮???,銝?圈?,瘞貉?頝?9??120.9321,24.0068,撣?撱暑?葉敹?銝?圈?,30,"瘞渡,?,?瘚?,敺璁?049-2984040-107,??????
3109,??蝮????,????銝剜迤頝?4??121.095971,24.00694,????皞芸予銝餃?,????100,,???0935-058112,??????
3110,敶啣?蝮??暽賡?,憟賭耨??敶啣?蝮??暽賡?憟賭耨?暽輯楝鈭挾149??120.4596,24.0072,憟賭耨??,憟賭耨?之??镼踵????,200,"瘞渡,?,?瘚?瘚瑕",憿???04-8653555,??????
3111,??蝮???,蝳???蝳?頝?46撌?8??120.9756,24.0074,?拇眾隡舐冗蝳???身蝘??箇隞?銋振,蝳???30,"瘞渡,?,?瘚?,?憟?049-29830390-204,??????
3112,??蝮???,蝳???蝳?頝?4-4??120.9756,24.0074,蝳?????,蝳???50,"瘞渡,?,?瘚?,閮梢瞈?049-2984040-118,??????
3113,?梯蝮??桀?,???銝剖控頝?畾?00撌?5??121.5872,24.0076,?梯皜臬予摰??梯撣???300,"瘞渡,?,?瘚?瘚瑕",?迤?梁蜇撟嫣?,03-8560017,??????
3114,敶啣?蝮?之??,????頝臭?畾?41撌?1??120.538835,24.00841,?蝷曉?瘣餃?銝剖?,???50,"瘞渡,?瘚?瘚瑕",皜賊?撖?04-8520149嚗?11,??????
3115,敶啣?蝮????,銝?????銵?8??120.406752,24.00954,銝?蝷曉?瘣餃?銝剖?,暻亙??????桀像??100,"瘞渡,?瘚?瘚瑕",甇???7701811,??????
3116,??蝮??憪?,憭抒??銝剜迤頝?畾?35銋???120.8488,24.0097,??蝷曉?瘣餃?銝剖?,憭抒??-7??50,"瘞渡,?,?瘚?瘚瑕",?剔???049-2721002,??????
3117,??蝮??憪?,蝳???撖?撌?1銋???120.8169,24.0098,蝳?蝷曉???摰?"蝳???-5??7-8??,30,"瘞渡,?,?瘚?瘚瑕",蝢敶砌誨銵?0932-959275,??????
3118,敶啣?蝮?憯?,?瑟??敶啣頝?畾?72撌?5??120.575939,24.010247,?瑟蝷曉?瘣餃?銝剖?,?瑟??30,"瘞渡,?瘚?瘚瑕",?單???04-7864214,??????
3119,?梯蝮??桀?,????瘝??銵?11??121.5819,24.0104,??蝷曉?瘣餃?銝剖?,????35,"瘞渡,?,瘚瑕",????03-8580837,??????
3120,??蝮??憪?,蝳????瑕ˊ撌?3??120.823,24.0114,蝳???1??6?脰?2??蝘?摰?"蝳???,9,10??,50,"瘞渡,?,?瘚?瘚瑕",鞈摰??⊿,049-2721019,??????
3121,敶啣?蝮??瘞湧?,?????芾頝?61??120.517437,24.011726,?正??,?券?,150,"瘞渡,?,?瘚?瘚瑕",瘣芣旨??04-7692242,??????
3122,敶啣?蝮???,蝷曉??敶啣?頝?畾?7撌?8??120.628002,24.012375,?砍???,?券?,300,"瘞渡,?,?瘚?瘚瑕",閮勗???049-2523968,??????
3123,敶啣?蝮???,蝷曉???祈?頝臭?畾?00??120.628926,24.013628,?砍???,?砍??憓?100,"瘞渡,?,?瘚?瘚瑕",閮勗???049-2523968,??????
3124,敶啣?蝮???,??????銵?6??120.643044,24.014864,????,?券?,300,"瘞渡,?,?瘚?瘚瑕",閮勗???049-2523968,??????
3125,敶啣?蝮??瘞湧?,????芾頝?50撌?6??120.505552,24.0149,?摰桀誨?????50,"瘞渡,?瘚?瘚瑕",?雁蟡?04-7684285,??????
3126,敶啣?蝮?憯?,銝剖???銝剜?銵?26??120.551257,24.016243,?臬???瘣餃?銝剖?,銝剖???40,"瘞渡,?瘚?瘚瑕",閮望?憍?04-7863225,??????
3127,敶啣?蝮?憯?,???敶啣?蝮?憯???葉撅梯楝鈭挾182??120.5664,24.0163,?勗???,?券?,40,"瘞渡,?,?瘚?瘚瑕",?,04-7865921,??????
3128,敶啣?蝮?憯?,銝??銝頝?7??120.566415,24.016307,銝??,銝??100,"瘞渡,?,?瘚?瘚瑕",?喳遣??04-7862154,??????
3129,敶啣?蝮?憯?,?????璆?撌?28??120.562948,24.016991,璆摰桀誨???????望?銝?偶?交??瑟??80,"瘞渡,?瘚?瘚瑕",?皜?04-7875360,??????
3130,??蝮??憪?,????銝剜迤頝?畾?5??120.8459,24.0173,"?脫???1??6?脰?2??蝘?摰??摰?蝳桀?",????-9??50,"瘞渡,?,?瘚?瘚瑕",雓??單??049-2721274,??????
3131,敶啣?蝮????,銝探??敶唳偌頝?46撌?7??120.485889,24.018321,銝探蝷曉?瘣餃?銝剖?,銝探?鞊?蝷曉偏??100,"瘞渡,?瘚?瘚瑕",??蟡?7772066,??????
3132,敶啣?蝮??瘞湧?,?????啗?銵?25??120.517401,24.018535,??銝?摰桃冗?瘣餃?銝剖?,????30,"瘞渡,?瘚?瘚瑕",?恭??04-7685467,??????
3133,敶啣?蝮?憯?,?????渲正鈭毽62??120.564167,24.019029,?振摰?,????60,"瘞渡,?瘚?瘚瑕",??璁?04-7864343,??????
3134,??蝮????,憭批???撅梯噙撌???121.133046,24.02061,隞???,憭批???300,,?喲???049-2802373,??????
3135,敶啣?蝮??瘞湧?,?曉???憭批?撌瑁66??120.509332,24.020649,?曉?蝷曉?瘣餃?銝剖?,?曉???30,"瘞渡,?瘚?瘚瑕",撘萇???04-7694747,??????
3136,?梯蝮???,雿單???瘞?2銵?9??121.6023,24.0211,雿單?蝷曉?瘣餃?銝剖?,雿單???36,"瘞渡,?瘚?瘚瑕",雿旨憌?8260919,??????
3137,??蝮??憪?,蝳????瑕ˊ撌?4-1??120.8269,24.0222,蝛鞊悅,蝳???1-18??50,"瘞渡,?,?瘚?瘚瑕",?望?鞈Ｘ???049-2722746,??????
3138,敶啣?蝮?憯?,?勗???敶啣?蝮?憯??勗??像??76??120.5281,24.0228,?勗??暑?葉敹??券?,40,"瘞渡,?瘚?瘚瑕",璇???04-7863746,??????
3139,敶啣?蝮?憯?,璈???望?銵?17-1??120.549491,24.023454,璈蝷曉?瘣餃?銝剖?,璈??60,"瘞渡,?瘚?瘚瑕",瘣芣???04-7882699,??????
3140,敶啣?蝮?憯?,?瑟???敶啣頝?畾?86-1??120.554321,24.024199,?瑟?蝷曉?瘣餃?銝剖?,?瑟???30,"瘞渡,?瘚?瘚瑕",??蝢?7863163,??????
3141,?梯蝮???,??????頝?63??121.6074,24.0244,??805?恍,????100,"瘞渡,?,?瘚?瘚瑕",擃???03-8263151,??????
3142,??蝮???,撱????镼踹?頝臭?畾?8??120.9498,24.025,?摰?撱????100,"瘞渡,?,?瘚?,敺璁?049-2984040-107,??????
3143,??蝮???,撱????镼踹?頝?畾?8??120.9498,24.025,撱???冗?瘣餃?銝剖?,撱????100,"瘞渡,?,?瘚?,瘝??049-2984040-225,??????
3144,敶啣?蝮????,?芰冗??80??120.452946,24.025656,瘞貉???,?芰冗??銝剜?憭葉??100,"瘞渡,?,?瘚?瘚瑕",撘菔???7792748,??????
3145,??蝮????,憭批???靽∠儔撌?8??121.137109,24.02587,隞??葉,蝎曇?之??,100,"瘞渡,?瘚?瘚瑕",??獢?2802206,??????
3146,敶啣?蝮?憯?,?瑟???摮詨?頝?08??120.543046,24.02619,?勗???,"?勗???????瑟???,300,"瘞渡,?,?瘚?瘚瑕",???7862043,??????
3147,敶啣?蝮??瘞湧?,????敶唳偌頝臭?畾?41??120.493159,24.026497,?迤??,????200,"瘞渡,?,?瘚?瘚瑕",?抒???04-7692533,??????
3148,敶啣?蝮???,憭批???憭批?頝???120.619987,24.027045,撖控??,?券?,100,"瘞渡,?,?瘚?瘚瑕",瘣芯???049-2522084,??????
3149,?梯蝮???,憭扳慰???蔬銵?7??121.6298,24.0271,銝?瞏剔冗?瘣餃?銝剖?,憭扳慰??27,"瘞渡,?瘚?,?溶撖?8265717,??????
3150,?梯蝮???,??????頝?3??121.6062,24.0275,?箇??車??????41,"瘞渡,?,?瘚?瘚瑕",?喲???03-8260653,??????
3151,?箔葉撣撜啣?,?????頝?80-2??120.673656,24.027631,??暑?葉敹????50,"瘞渡,?,?瘚?,?喲??04-23329371,??????
3152,??蝮??憪?,銋暹???镼踵撌?銋???120.8246,24.0279,銋曉陸??1??6?脰?4??蝘?摰?銋暹???-8??20,"瘞渡,?,?瘚?瘚瑕",憪?摰??049-2721002,??????
3153,敶啣?蝮??瘞湧?,蝘瘞湔?,??撌?2??120.522912,24.027939,蝘瘞湔葛憓冗?瘣餃?銝剖?,蝘瘞湔?,61,"瘞渡,?瘚?瘚瑕",?振蝢?04-7680775,??????
3154,敶啣?蝮??瘞湧?,蝘瘞湔?,?梁?頝?6????120.522912,24.027939,蝘瘞渡冗?瘣餃?銝剖?,蝘瘞湔?,61,"瘞渡,?瘚?瘚瑕",?唾瓷撌?04-7694735,??????
3155,敶啣?蝮????,撱???瘝踵絲頝?畾?00??120.410328,24.027997,蝞∪飲??,蝳窄??蝎?撱???100,"瘞渡,?,?瘚?瘚瑕",閮梢?隞?7702949,??????
3156,?箔葉撣撜啣?,?祈???銝剜迤頝?24??120.698322,24.02802,?祈??????恕,?祈???甇?1830,"瘞渡,?,?瘚?,?郭??04-23393417#830,??????
3157,??蝮????,?仿??5?唳偶璅毽58??121.148717,24.02827,?仿??,?仿??100,"瘞渡,?,?瘚?瘚瑕",璇?蝡?2802573,??????
3158,敶啣?蝮????,璈??敶啣?蝮????璈?蔑暽輯楝7畾?95??120.474,24.0288,?勗?撟澆???憭批?????,100,"瘞渡,?瘚?瘚瑕",?賣??047-772066-304,??????
3159,??蝮??憪?,銋暹???銝剛正撌?6??120.8141,24.0293,銋暹?蝢拇?蟡?銋暹???20,"瘞渡,?,?瘚?瘚瑕",?啣?舀???049-2723185,??????
3160,??蝮??憪?,銋暹???镼踵撌?銋???120.824,24.0294,銋暹?蝷曉?瘣餃?銝剖?,銋暹???-12??50,"瘞渡,?,?瘚?瘚瑕",?啣?舀???049-2723509,??????
3161,敶啣?蝮??瘞湧?,蝳???瘞?銵?4??120.494877,24.029756,蝳?蝷曉?瘣餃?銝剖?皜?撌?蝳???30,"瘞渡,?瘚?瘚瑕",?刻??04-7689186,??????
3162,敶啣?蝮?憯?,?瑟???璈畾??啗?敶啣頝?畾?86??餈?120.549226,24.030566,?勗?????,"?瑟???璈???噸???賣???,300,"瘞渡,?瘚?瘚瑕",?勗??祆?,04-7865921,??????
3163,敶啣?蝮??瘞湧?,????蝘銝剛?82撌?7撘???120.507116,24.031813,??蝷曉?瘣餃?銝剖?,????99,"瘞渡,?瘚?瘚瑕",敺???04-7691899,??????
3164,敶啣?蝮??瘞湧?,????蝘銝剛?82撌?7撘15??120.507116,24.031813,??蝷曉?瘣餃?銝剖?,????99,"瘞渡,?瘚?瘚瑕",敺???04-7691899,??????
3165,敶啣?蝮?憯?,撏????梁?頝?46??120.523698,24.034076,?孕??,撏???????100,"瘞渡,?瘚?瘚瑕",敺?撜?04-7862255,??????
3166,?梯蝮???,??????頝?59??121.6032,24.0341,??蝷曉?瘣餃?銝剖?,????35,"瘞渡,?,?瘚?瘚瑕",??擐?8269669,??????
3167,敶啣?蝮??瘞湧?,蝳???銝剖控頝?64??120.496818,24.03447,蝘瘞湧?撌??券?,100,"瘞渡,?,?瘚?瘚瑕",?暸蝡?04-7697021,??????
3168,??蝮???,????镼踹?頝?67撌?撘???120.924,24.0345,憭芸像蝷曉?瘣餃?銝剖?,????50,"瘞渡,?,?瘚?,瘝??049-2984040-225,??????
3169,敶啣?蝮??瘞湧?,摰??銝剖控頝?28??120.501234,24.034949,蝘瘞湧?颲脫?,?券?,200,"瘞渡,?瘚?瘚瑕",?剜???04-7691321,??????
3170,敶啣?蝮??瘞湧?,摰??銝剖控頝?57??120.503149,24.03508,蝘瘞游?撠??券?,200,"瘞渡,?,?瘚?瘚瑕",??皞?04-7695756,??????
3171,??蝮????,蝎曇??銝剛撌?8-1??121.185665,24.035156,蝎曇?齒?祈?,蝎曇??80,"瘞渡,?,?瘚?瘚瑕",?賣?敺?049-2970913,??????
3172,??蝮???,????镼踹?頝臭?畾?21??120.9247,24.0363,??蝷曉?瘣餃?銝剖?,????40,"瘞渡,?,?瘚?,瘝??049-2984040-225,??????
3173,?梯蝮???,憭扳慰??19?唳???101??121.61,24.0368,憭扳慰蝷曉?瘣餃?銝剖?,憭扳慰??70,"瘞渡,?,?瘚?瘚瑕",?溶撖?8265717,??????
3174,??蝮??憪?,????瘞?頝?0??120.855,24.0376,??蝷曉?瘣餃?銝剖?,????-15??50,"瘞渡,?,?瘚?瘚瑕",?單璁格???049-2721731,??????
3175,?梯蝮???,憭扳慰??瘞?銵???121.6119,24.038,敺抵????,?啣???摰??熒璅??之瞍Ｘ?????,120,"瘞渡,?,?瘚?瘚瑕",?喳?摨凋?撠?03-8269732,??????
3176,敶啣?蝮??瘞湧?,蝘瘞湔?,?梁?頝?1??120.51409,24.038279,?舫???,蝘瘞湔?,150,"瘞渡,?,?瘚?瘚瑕",?∠??04-7692713,??????
3177,敶啣?蝮??瘞湧?,????銝剖控頝?9??120.507324,24.038285,蝘瘞湧??犖?熒銝剖?,????50,"瘞渡,?瘚?瘚瑕",?單???7697024-302,??????
3178,敶啣?蝮?憯?,銝剖??銝剖控頝?畾?71??120.535034,24.038331,????,銝剖??40,"瘞渡,?,?瘚?瘚瑕",?唾?甈?04-7863227,??????
3179,敶啣?蝮??瘞湧?,摰????撌?0??120.501248,24.039226,摰蝷曉?瘣餃?銝剖?,摰??61,"瘞渡,?瘚?瘚瑕",雓???04-7694739,??????
3180,??蝮??憪?,??????頝?11??120.8567,24.0396,????瘣餃?銝剖?,????-7??50,"瘞渡,?,?瘚?瘚瑕",???⊿,049-2721018,??????
3181,?梯蝮???,憭扳慰???儔頝?72??121.6042,24.0399,?啣????擗????之瞍Ｘ?,58,"瘞渡,?,?瘚?瘚瑕",暺???03-8261790,??????
3182,?梯蝮???,憭扳慰??憭批?銵???121.6048,24.0405,?啣???雿???擗????熒璅?,90,"瘞渡,?,?瘚?瘚瑕",?唾?,03-8267223,??????
3183,?梯蝮???,????璅寞?銵?7撌???121.597687,24.040698,璅寞??喟冗?瘣餃?銝剖?,????39,"瘞渡,?,?瘚?瘚瑕",??擐?8269669,??????
3184,?箔葉撣撜啣?,???銝頝?71撌???120.669669,24.040961,??暑?葉敹?"??????,50,"瘞渡,?,?瘚?,??蝝?04-23393521,??????
3185,敶啣?蝮????,蝳???敶啣?蝮????蝳????楝51撌?2??120.4367,24.041,蝳??葉,镼踹??摰?,200,"瘞渡,?,?瘚?瘚瑕",暺??047-772066-304,??????
3186,?箔葉撣??亙?,皞芸偏??皞芸硫頝?6??120.6397,24.0411,皞芸偏???飛憭扳?2璅???摰?皞芸偏??80,"瘞渡,?",?晷隞?049-2523020,??????
3187,敶啣?蝮?憯?,?瑟???敶啣?蝮?憯??瑟??葉甇?楝72??120.5322,24.0415,?勗????擗??券?,30,"瘞渡,?瘚?瘚瑕",?,047865921-04,??????
3188,??蝮??憪?,?瑁????曹?撌?6銋???120.8585,24.0423,???葉蝳桀?,?喲???200,"瘞渡,?,?瘚?瘚瑕",?喳?靽??049-2721144,??????
3189,??蝮??憪?,?喲?????頝?07-5??120.8616,24.0425,霅瑕?摰??喲???50,"瘞渡,?,?瘚?瘚瑕",???????0910-523351,??????
3190,敶啣?蝮?憯?,?賣???敶啣頝?畾???120.547443,24.042943,?噸摰桅?摰Ｗ之璅?"?瑟???璈???噸???賣???撗拍姘??,100,"瘞渡,?瘚?瘚瑕",雓?蝳?04-7863904,??????
3191,?箔葉撣撜啣?,???靽∠儔頝?0??120.69726,24.043054,敺抵???-隤脣??折“?恕,????895,"瘞渡,?,?瘚?,?敺?04-23306075#608,??????
3192,?箔葉撣撜啣?,????唾?頝?35??120.689245,24.044171,?儔?葉撠?銝剝?唬?摰??,1095,"瘞渡,?,?瘚?,??璉?04-23393141#31,??????
3193,敶啣?蝮?憯?,撗拍姘???控銵?37??120.554382,24.044817,撗拍姘蝷曉?瘣餃?銝剖?,撗拍姘??25,"瘞渡,?瘚?瘚瑕",?喳噸樴?04-7878114,??????
3194,敶啣?蝮??瘞湧?,摰漯??摰漯銵?8??120.510015,24.04494,摰漯蝷曉?瘣餃?銝剖?,摰漯??103,"瘞渡,?瘚?瘚瑕",?兢蝳?04-7638056,??????
3195,敶啣?蝮????,镼踹??敶啣?蝮????镼踹?暽輯楝2畾?70??120.4272,24.0451,镼踹?撟澆???镼踹??摰??????撟單???蝎?????,100,"瘞渡,?瘚?瘚瑕",?賣??047-772066-336,??????
3196,敶啣?蝮?憯?,瘞豢??敶啣?蝮?憯?瘞豢??楝25??120.5352,24.0457,?勗????犖?熒銝剖?,?券?,40,"瘞渡,?瘚?瘚瑕",?,04-7865921,??????
3197,敶啣?蝮?憯?,?賣???皞芸?銵?87??120.545254,24.046307,?賣?蝷曉?瘣餃?銝剖?,?賣???50,"瘞渡,?瘚?瘚瑕",隢嗆?蝧?04-7870138,??????
3198,敶啣?蝮????,憭???敶啣?蝮????憭??儔?楝15銋?5??120.4439,24.0479,蝳???,憭批???隞亙?喳?箔蜓嚗?????銝剜???瘙湔??鞊???銝剜?,200,"瘞渡,?,?瘚?瘚瑕",????047-772066-304,??????
3199,敶啣?蝮?嘀皜舫,銵偏????銵?5??120.435661,24.048477,銵偏?暑?葉敹?銵偏??100,"瘞渡,?,?瘚?瘚瑕",?喟雁??47775508,??????
3200,敶啣?蝮?嘀皜舫,樴控????撌?1??120.43454,24.049074,樴控撖?樴控??303,"瘞渡,?,?瘚?瘚瑕",?單偶蟡?47772461,??????
3201,敶啣?蝮??瘞湧?,摰???衣銵?7??120.505332,24.050373,蝘瘞湧?蝡??脤尹,?券?,100,"瘞渡,?,?瘚?瘚瑕",敺撽?47697024,??????
3202,敶啣?蝮?嘀皜舫,????銝?頝?32??120.432859,24.05102,??蝷曉?瘣餃?銝剖?,????60,"瘞渡,?,?瘚?瘚瑕",暺蟡?47775505,??????
3203,敶啣?蝮?嘀皜舫,??????銵???120.435768,24.051194,?噸??????60,"瘞渡,?,?瘚?瘚瑕",暺??47775509,??????
3204,敶啣?蝮?嘀皜舫,憭扳????砍?銝頝???120.432607,24.053493,暽踵葛?桃?????憭扳???333,"瘞渡,?,?瘚?瘚瑕",?質???47772850,??????
3205,?梯蝮???,摨瑟???撱??1銵?12??121.609904,24.053809,摨瑟?蝷曉?瘣餃?銝剖?,摨瑟???30,"瘞渡,?,?瘚?瘚瑕",鞈湔???03-8260352,??????
3206,?梯蝮????,雿單???119??121.5994,24.0539,雿單????嗅捆?,雿單???60,"瘞渡,?,?瘚?瘚瑕",蝮賢?銝颱遙暺窄鞈?03-8264900,??????
3207,敶啣?蝮?嘀皜舫,?瑁???銝剖控頝?83??120.434782,24.054169,??憭批?蟡??尹,?瑁???75,"瘞渡,?,?瘚?瘚瑕",?喲???47773657,??????
3208,敶啣?蝮?嘀皜舫,瘣揖???砍?銝楝51??120.430906,24.054635,瘣揖??,瘣揖??151,"瘞渡,?,?瘚?瘚瑕",暺?蝘?47772782,??????
3209,敶啣?蝮?嘀皜舫,?勗????勗?銝毽1??120.474947,24.056173,?勗?蝷曉?瘣餃?銝剖?,?勗???60,"瘞渡,?,?瘚?瘚瑕",????47784919,??????
3210,敶啣?蝮?嘀皜舫,?啣悅????頝?0??120.430026,24.056602,????,?啣悅??151,"瘞渡,?,?瘚?瘚瑕",雿璁?04-7788770,??????
3211,敶啣?蝮?嘀皜舫,?舐????砍ˊ頝?44??120.436563,24.057183,?舐?蝷曉??澆???,?舐???181,"瘞渡,?,?瘚?瘚瑕",?∪?皞?47775494,??????
3212,敶啣?蝮?嘀皜舫,瘞詨????梢?頝?36??120.438339,24.057261,擃?????瘞詨???100,"瘞渡,?,?瘚?瘚瑕",?賭蔗憒?47756139,??????
3213,??蝮??憪?,?葛????頝?1-12??120.913738,24.057935,?葛????,?葛??50,"瘞渡,?,?瘚?瘚瑕",???舀???049-2461033,??????
3214,敶啣?蝮?嘀皜舫,????敶啣?蝮?嘀皜舫????摮楝403??璅?120.4339,24.0582,?熒摰?瘣餃?銝剖?,?券,200,"瘞渡,?,?瘚?瘚瑕",頞振??047772006-1610,??????
3215,敶啣?蝮?嘀皜舫,?????瑕?頝?25??120.443296,24.058411,暽踵??,????181,"瘞渡,?,?瘚?瘚瑕",閮梁??47775513,??????
3216,敶啣?蝮??瘞湧?,曊湧陷???控銵182??120.502822,24.058427,曊湧陷蝷曉?瘣餃?銝剖?,曊湧陷??30,"瘞渡,?瘚?瘚瑕",?單偶樴?7682323蝮賢凳鈭???????
3217,敶啣?蝮??瘞湧?,曊湧陷???控銵?1??120.502822,24.058427,曊湧陷蝷曉?瘣餃?銝剖?,曊湧陷??30,"瘞渡,?瘚?瘚瑕",暺??04-7694741,??????
3218,??蝮??憪?,?瑞???憭折頝?92-1??120.8777,24.0591,璆摰?"憭扳???-10???瑟?????,30,"瘞渡,?,?瘚?瘚瑕",?????049-2431305,??????
3219,??蝮????,????撟喟?頝?3??121.1922,24.0595,????摮貊?瘣餃?銝剖?,????300,"瘞渡,?,?瘚?瘚瑕",暺???2970063,??????
3220,?箔葉撣撜啣?,?噸???噸頝?33??璅?120.667048,24.060807,?噸?暑?葉敹??噸??50,"瘞渡,?,?瘚?,瞏澈??04-23338120,??????
3221,?箔葉撣撜啣?,?噸???噸頝?04??120.667937,24.060827,?噸??蝳桀?,?噸????1425,"瘞渡,?,?瘚?,擳偶樴?????04-23393374#630,??????
3222,敶啣?蝮?嘀皜舫,?梁??銝剖控頝?61??120.423682,24.06098,暽踵葛擃葉,?梁??212,"瘞渡,?,?瘚?瘚瑕",?扳???47761912,??????
3223,?箔葉撣撜啣?,?砍???憭批?頝???120.700564,24.061924,?批陸??擗?璅??砍????璁?500,"瘞渡,?,?瘚?,?⊿?蝣?04-23332426,??????
3224,敶啣?蝮??瘞湧?,擐祈????寡撌???120.496892,24.061957,擐祈???,?券?,150,"瘞渡,?,?瘚?瘚瑕",?喳???04-7521728,??????
3225,?箔葉撣??亙?,?箸蔬??皞芸?頝?畾?70??120.642879,24.06228,??拙?撠?璉?璅?嗆?摰??箸蔬??200,"瘞渡,?",撘萇?憡?23351016,??????
3226,??蝮??憪?,?葛???撌?6-1??120.9248,24.0626,蝣折摰??葛??50,"瘞渡,?,?瘚?瘚瑕",???舀???049-2461198,??????
3227,敶啣?蝮??瘞湧?,擐祈???镼輸?撌?-1??120.495508,24.062724,擐祈?蝷曉?瘣餃?銝剖?,擐祈???69,"瘞渡,?瘚?瘚瑕",?典振??04-7526742,??????
3228,敶啣?蝮??瘞湧?,擐祈???镼輸?撌?-1??120.495508,24.062724,擐祈?蝷曉?瘣餃?銝剖?,擐祈???69,"瘞渡,?瘚?瘚瑕",?單???04-7526742,??????
3229,敶啣?蝮?嘀皜舫,????銝剜迤頝?88??120.435873,24.06311,暽踵葛??尹,????242,"瘞渡,?,?瘚?瘚瑕",??遣??47775514,??????
3230,??蝮??憪?,?葛???瑕?頝?3-2??120.8979,24.0637,瘛刻蝳芸笑,?葛??100,"瘞渡,?,?瘚?瘚瑕",???舀???049-2461557,??????
3231,敶啣?蝮?嘀皜舫,皞???璉撌?2銋???120.475495,24.064293,皞?蝷曉??澆???,皞???30,"瘞渡,?,?瘚?瘚瑕",瘣芣???47716479,??????
3232,?箔葉撣撜啣?,獢???瘞?頝?72??120.735954,24.066166,獢??????誨??獢?,385,"瘞渡,?,?瘚?,瘙??04-23304311,??????
3233,??蝮????,鈭????頝?69??120.972709,24.066472,鈭?葉?暑?葉敹?鈭??200,"瘞渡,?,?瘚?瘚瑕",璆???049-2941162,??????
3234,??蝮??憪?,?葛????頝?8銋???120.9364,24.0666,敺瑟?敹萎?撖??葛??150,"瘞渡,?,?瘚?瘚瑕",???舀???049-2461870,??????
3235,敶啣?蝮??瘞湧?,蝢抵???蝢抵?銵?3??120.491039,24.066695,蝢抵?蝷曉?瘣餃?銝剖?,蝢抵???73,"瘞渡,?瘚?瘚瑕",?賣??04-7526567,??????
3236,敶啣?蝮??瘞湧?,蝢抵???蝢抵?銵?0??120.491039,24.066695,蝢抵?蝷曉?瘣餃?銝剖?,蝢抵???73,"瘞渡,?瘚?瘚瑕",?賣???04-7627095,??????
3237,??蝮??憪?,?瑟???憭折頝?59??120.8763,24.0667,?瑟???1??6?脣?2??蝘?摰??瑟???.5.7.8.9??50,"瘞渡,?,?瘚?瘚瑕",憪????049-22431006,??????
3238,?箔葉撣撜啣?,?祇???瘞?頝?5??120.7008,24.067116,?祇??暑?葉敹??祇???25,"瘞渡,?,?瘚?,?曉?摰?04-23336367,??????
3239,敶啣?蝮?蔑??,????頝?3??120.538264,24.06767,?摰??典?,100,"瘞渡,?,?瘚?瘚瑕",?航???047222141-1710,??????
3240,?箔葉撣撜啣?,?脣???瘞?頝?25撌???璅?120.701315,24.068272,?脣??暑?葉敹??脣???50,"瘞渡,?,?瘚?,????04-23308890,??????
3241,?箔葉撣撜啣?,?脣???瘞?頝?56??120.703193,24.069926,?旨??璅黎璅銝恕,?脣????750,"瘞渡,?,?瘚?,?∟輯?,04-23335553#730,??????
3242,敶啣?蝮?撓皜舫?,?曉振???曉振頝?2??120.545169,24.070115,?曉振蝷曉?瘣餃?銝剖?,?曉振??60,"瘞渡,?,?瘚?瘚瑕",?膝摰?04-7982010154,??????
3243,??蝮??憪?,?瑟???憭折頝?27??120.8762,24.0708,?瑟?蝷曉?瘣餃?銝剖?,?瑟???0-11??100,"瘞渡,?,?瘚?瘚瑕",蝢誨????049-2431753,??????
3244,敶啣?蝮?嘀皜舫,瘚瑕???暽輯?頝?畾?97??120.43939,24.071142,瘚瑕??????,瘚瑕???90,"瘞渡,?,?瘚?瘚瑕",暺蝢?47751662,??????
3245,?箔葉撣??亙?,皞芸????皞芸?漯?楝銝畾?31??120.6442,24.0715,皞芸??葉???恕2璅?皞芸ㄘ??????瞏?150,"瘞渡,?",摰?憡?04-23353959-11,??????
3246,?箔葉撣之??,蝷曇??瘝頝臭?畾?64??120.34069,24.07197,餈賢???憭??賣?摰?閰脫摰寡??鈭行??惇蝛箏?臭?雿輻儮蝛?974撟單?砍偕儮?100,"瘞渡,?瘚?瘚瑕",鞈游?頞?04-26932604,??????
3247,敶啣?蝮?嘀皜舫,閰????撌?5??120.456784,24.072394,?啗???,閰?????,121,"瘞渡,?,?瘚?瘚瑕",?賡脩?,7775520,??????
3248,?箔葉撣撜啣?,?脣???銝剜迤頝?222??120.699599,24.073209,?批陸颲脣極?璅??脣?,1070,"瘞渡,?,?瘚?,瘝??04-23303118#605,??????
3249,?箔葉撣撜啣?,鈭????啣?頝?39??120.667351,24.07347,鈭???摨瑕祐璅?鈭?,1655,"瘞渡,?,?瘚?,??蝧?04-23396119#606,??????
3250,??蝮??憪?,憭扳???憭折頝?07-1??120.8776,24.0739,憟予摰??瑟???-3??30,"瘞渡,?,?瘚?瘚瑕",閰孵祝摰嫣蜓憪?049-2431705,??????
3251,??蝮????,憭批?????撌?2??121.170939,24.074957,?曉?瘣餃?銝剖?,隞??之??,100,,撘菟???2803700,??????
3252,?箔葉撣之??,?望????勗?頝?07撌?6??120.693182,24.076807,?望?瘣餃?銝剖?撱?,镼踵????望???20,"瘞渡,?",?陶??935045731,??????
3253,??蝮??憪?,?瑁????曹?撌?6銋???120.8711,24.0774,?瑁?蝷曉?瘣餃?銝剖?,?瑁???30,"瘞渡,?,?瘚?瘚瑕",雓脫?,049-2431975,??????
3254,?箔葉撣之??,镼踵???镼踵?頝?2??120.689997,24.078248,????撠飛蝳桀?/?,镼踵????望???1100,"瘞渡,?",????04-24953078#700,??????
3255,?箔葉撣撜啣?,?陸??瘞?頝?49??120.7191,24.079603,?陸??銝??∟??唬?摰??陸,856,"瘞渡,?,?瘚?,?喟汙??04-23300893830,??????
3256,??蝮????,?????除撌?9??121.26806,24.080452,敺琿嘀靚琿????????80,"瘞渡,?,?瘚?瘚瑕",憪?蝑蝯?921786179,??????
3257,敶啣?蝮?蔑??,?儔??瘞?頝?59??120.544605,24.080673,隞ˊ?暑??擗??典?,115,"瘞渡,?,?瘚?瘚瑕",閮梁◣??047222141-2007,??????
3258,?梯蝮????,?舐????106??121.6067,24.0825,?舐?瘣餃?銝剖?,?舐???100,"瘞渡,?,?瘚?瘚瑕",??蝢?03-8267603,??????
3259,??蝮????,????撟喟?頝?6??121.215808,24.083307,??瘣餃?銝剖?,????60,"瘞渡,?,?瘚?瘚瑕",擃???049-2970912,??????
3260,?箔葉撣??亙?,?勗???皞芸?頝臭?畾?38撌?98??120.639937,24.083915,?勗???擃擗??勗???150,"瘞渡,?",??鞎?04-23353092,??????
3261,?箔葉撣之??,憛???蝢黎頝?9??120.708825,24.084163,蝢黎??撠飛?唬?摰?憸券?,憛???????隞???隞噸??????2000,"瘞渡,?",?勗振暻?04-24912129#1801,??????
3262,?箔葉撣之??,憛???憛?頝?-26??120.723743,24.084237,憛?瘣餃?銝剖?,憛????交???115,瘞渡,鞈湔撱?04-24937979,??????
3263,敶啣?蝮??镼輸?,敺瑁???蝺頝臭?畾?47??120.519016,24.084258,敺瑁?瘞瘣餃?銝剖?,敺瑁???50,"瘞渡,?,?瘚?瘚瑕",閮勗?璁?04-7583036,??????
3264,敶啣?蝮??蝢,皞????頝?05??120.5107,24.0853,皞蝷曉?瘣餃?銝剖?,皞 ??,150,"瘞渡,?,?瘚?瘚瑕",?喟?蝢?04-7631247,??????
3265,?箔葉撣之??,憭????頝?25??120.668552,24.085406,憭瘣餃?銝剖?撱?,憭??憭折???40,"瘞渡,?",?⊿???928901233,??????
3266,?箔葉撣之??,????蝢?銵?96 ??120.702842,24.08609,????撠飛瘣餃?銝剖?/?,????憛???隞噸??镼踵????望???1300,?,????04-24923397#766,??????
3267,?箔葉撣之??,??????銵?6??120.703756,24.086128,??瘣餃?銝剖?,????憛???隞噸??镼踵???100,?,?憒成,04-24925618,??????
3268,敶啣?蝮?蔑??,?賣???銝?頝?36??120.549124,24.086545,?犖?熒銝剖?,?典?,74,"瘞渡,?,?瘚?瘚瑕",?航???047222141-1710,??????
3269,敶啣?蝮?嘀皜舫,???敶啣?蝮?嘀皜舫??蔑?楝326撌?38??120.4848,24.0867,?蝷曉?瘣餃?銝剖?,?券,100,"瘞渡,?,?瘚?瘚瑕",瞏???919499499,??????
3270,敶啣?蝮??蝢,??????頝?96??120.501,24.087,憭扳旨??,?? 閰? ?桀像,200,"瘞渡,?,?瘚?瘚瑕",雓???7636814,??????
3271,敶啣?蝮??蝢,?桀像???像頝?1??120.509,24.088,?桀像蝷曉?瘣餃?銝剖?,?桀像,60,"瘞渡,?瘚?瘚瑕",璆???7525245,??????
3272,敶啣?蝮?嘀皜舫,?????頝臭?畾?00??120.479839,24.088748,???,???181,"瘞渡,?,?瘚?瘚瑕",瞏???47711515,??????
3273,?箔葉撣之??,?交????∪?頝?7??120.72904,24.089117,蝡嫣??冗?瘣餃?銝剖?,?交???憛???45,瘞渡,鞈渡???04-24911213,??????
3274,?箔葉撣之??,?交????∪?頝?6??120.727899,24.089412,?交???撠飛瞍?撱??,?交???隞???憛???1000,瘞渡,??摰?04-24912342#188,??????
3275,敶啣?蝮??蝢,?????勗頝?撌???120.516,24.09,??蝷曉?瘣餃?銝剖?,????100,"瘞渡,?瘚?瘚瑕",閮望邦璉?7365277,??????
3276,?箔葉撣之??,????憛?頝?23撌?9??120.695431,24.090127,??瘣餃?銝剖?,????隞噸???望???100,"瘞渡,?",閰寞???04-24921753,??????
3277,?箔葉撣之??,?交????交?頝?6??120.730206,24.09039,蝡孵???,?交???隞???憛???60,瘞渡,?∟??撠?04-24916292,??????
3278,敶啣?蝮??蝢,閰???敶啣?頝臭?畾?76撌???120.528,24.091,閰?蝷曉?瘣餃?銝剖?,閰?,150,"瘞渡,?瘚?瘚瑕",?偶??7355293,??????
3279,敶啣?蝮?嘀皜舫,瘣????啣?撌瑁51銋???120.447463,24.091044,?啣?蝷曉?瘣餃?銝剖?,瘣???60,"瘞渡,?,?瘚?瘚瑕",閮勗?鋆?47781566,??????
3280,敶啣?蝮?嘀皜舫,?剖?????頝?畾?50??120.476961,24.091441,?剖?????,?剖????,150,"瘞渡,?,?瘚?瘚瑕",璆???47711517,??????
3281,??蝮??憪?,?瑞???憭折頝?1??120.888,24.0927,"?瑞???1??6???單?摰??摰?,?瑞???50,"瘞渡,?,?瘚?瘚瑕",?臬?敹??049-2431295,??????
3282,?箔葉撣之??,隞?????銵?19??120.699929,24.092829,隞噸瘣餃?銝剖?,隞???憛???100,"瘞渡,?",?蝡?910507094,??????
3283,?箔葉撣之??,隞噸????銵?20??120.700282,24.093045,憛???撠飛???飛憭扳??唬?摰?????憛???????????500,"瘞渡,?",撘菜偶敹?04-24922935#700,??????
3284,?箔葉撣之??,?????喳?頝?57??120.699273,24.094049,????銝剖飛?,????隞噸???望???1200,"瘞渡,?",璆?暻?04-24927226,??????
3285,?箔葉撣??亙?,??????頝?0??120.647007,24.094481,鈭???镼踵?1璅?頩?摰?鈭???50,?,畾萇???23362276,??????
3286,?箔葉撣之??,憭批????葉頝?65??120.678963,24.095124,憭折?擃葉銝剜迤???,憭折???銝剜??憭???圈???憭批???1500,"瘞渡,?",?蝬?04-24067870#514,??????
3287,?箔葉撣之??,?交???曈喳頝?8??120.718063,24.096178,?迤??銝剖飛憸券?/?,?交???隞???憛???隞噸??2500,"瘞渡,?",????04-24911599#101,??????
3288,敶啣?蝮??蝢,????敶啣?頝?畾?0??120.511,24.0966,憭批???,?? ?啣?,200,"瘞渡,?,?瘚?瘚瑕",???7552524,??????
3289,敶啣?蝮??蝢,?啣???敶啣?蝮??蝢?啣???潸楝100撌?6-1??120.5336,24.0971,?啣?蝷曉?瘣餃?銝剖?,?啣???100,"瘞渡,?瘚?瘚瑕",暺?撅?04-7550003,??????
3290,?箔葉撣之??,?圈???蝳?銵???120.677457,24.098079,蝳?摰??圈???憭折???????100,"瘞渡,?",撘菜?瘝?04-24065066,??????
3291,敶啣?蝮??蝢,?Ｗ?????頝?65??120.488,24.099,?Ｗ?蝷曉?瘣餃?銝剖?,?Ｗ? 隞?,100,"瘞渡,?瘚?瘚瑕",?單???7562842,??????
3292,??蝮????,?啁???撅望?撌?75銋?8??121.030694,24.099167,颲脩?Ｗ??ａ銝剖?,?啁???200,"瘞渡,?瘚?瘚瑕",?剖?隤?2941765,??????
3293,?箔葉撣之??,?圈????啗?頝?9撌?6撘?6??120.675852,24.099619,憭扳瘣餃?銝剖?,?圈???憭折???????憭??200,"瘞渡,?",????04-24063979123,??????
3294,?箔葉撣之??,?????鈭??之?楝???楝鈭文???120.685353,24.100053,憭折????砍?,?????瑟旨??憭折????圈????典?,2000,"瘞渡,?",?喳???04-24063979#302,??????
3295,?箔葉撣之??,?圈????啗?頝?0??120.677018,24.100547,憭折???撠飛?????圈???憭折???憭??620,"瘞渡,?",?⊥溶??04-24066002#710,??????
3296,?箔葉撣之??,?????鈭楝1??120.683161,24.10083,???暑?葉敹?????憭批???銝剜??45,"瘞渡,?",閰寞敹?04-24810965,??????
3297,?箔葉撣之??,蝡噸???脫??楝10??120.694601,24.100964,蝡噸?暑?葉敹?蝡噸???唬???蝡???75,"瘞渡,?",雓蝧?04-22753457,??????
3298,?箔葉撣之??,?望????望???啗楝8??120.69486,24.100964,?扳??撠飛???唬?摰??,?扳???交???唬????望???350,"瘞渡,?",?殿頛?04-24852863#12,??????
3299,?箔葉撣??亙?,???鈭?頝?71??120.628046,24.101386,?芣祥?砍?,???4000,?,??隞?04-23368016-111,??????
3300,敶啣?蝮??蝢,憭折???敶啣?頝?畾?22??120.5037,24.1017,憭折?蝷曉?瘣餃?銝剖?,憭折? 撅梁?,250,"瘞渡,?瘚?瘚瑕",?喲?鞎?7564903,??????
3301,?箔葉撣?撟喳?,????梢?頝?畾?銋???120.548274,24.102225,銵?Ｗ?雿????⊥??僑???蝧葉敹???予頛芥?????1200,"瘞渡,?,?瘚?瘚瑕",?潛鈭箏,04-25942731,??????
3302,?箔葉撣之??,憭批????曉盛頝?0??120.691079,24.102746,憭批???撠飛?啣?擗??,銝剜??憭批????扳??????1120,"瘞渡,?",?勗?敹?04-24834568#888,??????
3303,?箔葉撣云撟喳?,?望探???琿?頝?畾?35??120.7716,24.1035,?望探?暑?葉敹??望探?瘙氬???189,"瘞渡,?,?瘚?,?樴?04-22789685,??????
3304,敶啣?蝮??蝢,撅梁???隞?頝?79??120.494,24.104,????,撅梁? ?萄控 皞,150,"瘞渡,?,?瘚?瘚瑕",?單?敶?7575407,??????
3305,敶啣?蝮??蝢,????敶唳頝?畾?00??120.533,24.104,?啣???,?? 銝剖祚 蝟?,200,"瘞渡,?,?瘚?瘚瑕",?單派隡?7353267,??????
3306,敶啣?蝮?嘀皜舫,?葉??敶啣?蝮?嘀皜舫?葉??銝剖毽2-16??120.4626,24.1041,?葉蝷曉?瘣餃?銝剖?,?券,100,"瘞渡,?,?瘚?瘚瑕",暺?蝭?922839189,??????
3307,?箔葉撣之??,蝡????脣頝?36??120.696923,24.104365,蝡??銝剖飛?文飛璅銝恕/憸券?,蝡????唬???蝡噸??200,"瘞渡,?",?券陶??04-22732299#888,??????
3308,?箔葉撣云撟喳?,????憭芸像??????楝487撌???120.7277,24.1046,???????詨恕2璅????偶?噸??1773,"瘞渡,?,?瘚?,?單???04-22713625732皞怠控??923152541,??????
3309,?箔葉撣??亙?,皝???啗?頝?57??120.617307,24.104763,???銝剖飛蝚?璉?璅?皝??200,"瘞渡,?",??,04-23381009,??????
3310,?箔葉撣??亙?,隞噸????隞噸?縑蝢抵?99??120.6408,24.1051,?噸?葉B?璉?摰?璅??姘??????敺?320,"瘞渡,?",鞈湔?璁?04-23389802#201,??????
3311,?箔葉撣之??,蝡???蝡銵?38??120.699567,24.10543,蝡??撠飛D璉之璅銝恕/憸券?,蝡???蝡噸???唬???250,"瘞渡,?",???隤?04-22769178#800,??????
3312,?梯蝮???,??????52-2??121.621,24.1057,??璉抒冗?瘣餃?銝剖?,????35,"瘞渡,?,?瘚?瘚瑕",暺輔蟡?8611280,??????
3313,?箔葉撣??亙?,銝???銝旨頝臭?畾菔?銝旨銝楝??120.608039,24.106312,銝?????砍?,銝???1000,?,??隞?04-23368016#111,??????
3314,敶啣?蝮?嘀皜舫,?葉???葉撌?-16??120.463263,24.106537,?葉蝷曉??澆???,?葉???,60,"瘞渡,?,?瘚?瘚瑕",????47712750,??????
3315,?箔葉撣之??,?瑟旨????頝臭?畾?8??120.6873,24.107,????撠飛敺??唬?摰??????瑟旨??镼踵旨??銝剜???扳??525,"瘞渡,?",?Ｗ?樴?04-24834970,??????
3316,?箔葉撣??亙?,?????????亥楝228??120.6257,24.1075,?蝷曉?瘣餃?銝剖?,????乓?80,"瘞渡,?",??撟?04-23387906,??????
3317,?箔葉撣之??,瘞賊???瘞賊?銝?1??120.677165,24.107882,?賣???銝剖飛瘣餃?銝剖?/?,瘞賊???憭扳???璅寧????圈???????1470,"瘞渡,?",?遣??04-24067545#211,??????
3318,敶啣?蝮??蝢,蝟???蝟?銝銵?0-82??璅?120.5342,24.108,蝟?蝷曉?瘣餃?銝剖?,蝟???,200,"瘞渡,?瘚?瘚瑕",?喟?撅?04-7363737,??????
3319,?箔葉撣之??,?唬???蝡銵?1??120.705297,24.108,?唬?瘣餃?銝剖?,?唬???蝡噸??蝡???50,"瘞渡,?",?頠?910428646,??????
3320,?箔葉撣??亙?,隞噸??銝剖控頝臭?畾?41??120.640795,24.108288,????擃擗?隞噸??300,?,瘣芰???23381241,??????
3321,?箔葉撣之??,璅寧???璅寧?頝?35??120.66758,24.108368,璅寧?瘣餃?銝剖?,璅寧???瘞賊????圈???75,"瘞渡,?",暺郎??04-24069030,??????
3322,敶啣?蝮??蝢,隞???敶啣?蝮??蝢暽踹?頝?畾?37??120.4943,24.1085,???桀?,隞? 憭折? ??蝑?,150,"瘞渡,?,?瘚?瘚瑕",?雁撅?047-560620-251,??????
3323,敶啣?蝮??蝢,???敶啁?頝?畾?10??120.5015,24.1093,???,?券,500,"瘞渡,?,?瘚?瘚瑕",?凋蜓隞?047-552724-24,??????
3324,?箔葉撣??亙?,銋噸???瑟銵?00??120.638956,24.109863,銋噸??撠飛憸券?,銋噸??300,"瘞渡,?",?葉??04-23366540,??????
3325,敶啣?蝮??蝢,???敹?頝?29??120.5,24.11,???桃?撟澆???? ?? ??,100,"瘞渡,?,?瘚?瘚瑕",?喟???7555965,??????
3326,?箔葉撣之??,镼踵旨???望旨頝?80??120.686909,24.110479,?旨??銝剖飛?旨擗??,镼踵旨???望旨??憭扳???600,"瘞渡,?",?偶??04-24831428#100,??????
3327,?箔葉撣之??,?扳???啣?頝?2??120.691871,24.110647,?咱??撟渡??拇??葉敹?蝡???蝡噸??銝剜???瑟旨??镼踵旨???望????扳??200,"瘞渡,?",????04-24827405,??????
3328,?箔葉撣之??,瘞賊???瘞賊?鈭?鈭?,120.676497,24.110842,瘞賊???撠飛瘣餃?銝剖?/?,?瑟旨??瘞賊???????憭扳???1100,"瘞渡,?",?⊥?憡?04-24066637#700,??????
3329,敶啣?蝮??蝢,?正???像頝?9??120.495,24.111,????,?正 憟賭耨 ??,500,"瘞渡,?,?瘚?瘚瑕",?曹???7552005,??????
3330,敶啣?蝮??蝢,?????姘頝?31撌?1??120.514,24.111,??蝷曉?瘣餃?銝剖?,?? ?,100,"瘞渡,?瘚?瘚瑕",?喲??7356693,??????
3331,敶啣?蝮??蝢,????蝢祚頝臭?畾?90??120.519,24.111,?黎?葉,?? ?冗 蝡孵? 銝剖?,300,"瘞渡,?,?瘚?瘚瑕",?單?頛?7552430,??????
3332,?箔葉撣之??,蝡???憭批像?暺姘???楝1001??120.730485,24.111229,????,?唬???蝡????嗡?,35,"瘞渡,?",暺ㄚ撘瑚?撠?04-22784383,??????
3333,敶啣?蝮??镼輸?,銝???銝?頝?39銋???120.469995,24.111237,銝?瘞瘣餃?銝剖?,銝???80,"瘞渡,?瘚?瘚瑕",暺?,04-7583111,??????
3334,?箔葉撣??亙?,璁格?????璁格??銵楝501??120.592633,24.111637,?剖????剖?撱?璅?璁格????飛??120,"瘞渡,?",?單???04-23381847-10,??????
3335,?箔葉撣之??,璅寧???璅寧?頝?42??120.666962,24.11179,?陸銝剖飛?脫?憭扳?,璅寧???瘞賊????圈???憭折???250,"瘞渡,?",撱???04-24063936,??????
3336,敶啣?蝮??蝢,銝剖???蝡寧冗頝?23??120.532,24.112,銝剖?蝷曉?瘣餃?銝剖?,銝剖???100,"瘞渡,?瘚?瘚瑕",????7356849,??????
3337,?箔葉撣??,璅寧儔??蝳頝?1??120.6574,24.112,璅寧儔??璅黎璅??,璅寧儔,953,"瘞渡,?,?瘚?瘚瑕",?望?撱箇???04-22657298#733,??????
3338,?箔葉撣云撟喳?,??????頝?6??120.7323,24.112,???暑?葉敹?????????204,"瘞渡,?,?瘚?,鞈渡???04-22756053,??????
3339,?箔葉撣之??,瘞賊???瘞賊??剛?29??120.673837,24.112793,瘞賊??暑?葉敹?瘞賊???璅寧???60,"瘞渡,?",?ㄚ??04-24069937,??????
3340,敶啣?蝮??蝢,?正??敶啣?蝮??蝢?正?正?楝31??120.4936,24.113,??擃葉,?正 ?撐 ?Ｗ?蝑?,500,"瘞渡,?,?瘚?瘚瑕",????047-552043-242,??????
3341,敶啣?蝮??蝢,銝剖祚???梯?頝?5??120.538,24.113,銝剖祚蝷曉?瘣餃?銝剖?,銝剖祚,60,"瘞渡,?瘚?瘚瑕",??瘜?7352282,??????
3342,?箔葉撣云撟喳?,?瑕????瑕??剛?銝??120.7216,24.1131,?瑕?擃葉???脤尹.????瑕??偶?像摰?5386,"瘞渡,?,?瘚?,璆窄??04-22704022#151,??????
3343,?箔葉撣之??,?扳??銝剜銵???120.690859,24.113152,?扳?暑?葉敹??望????扳??75,"瘞渡,?",??瘙?04-24828833,??????
3344,敶啣?蝮?嘀皜舫,撅勗???撏偏撌?7-1??120.447793,24.113156,蝳?摰?撅勗???106,"瘞渡,?,?瘚?瘚瑕",?喲???7712531,??????
3345,?箔葉撣之??,?梯???瘞貉?頝?60??120.681226,24.113398,?梯?瘣餃?銝剖?,?梯???瘞賊???憭扳???50,"瘞渡,?",?瞏?04-24812032,??????
3346,敶啣?蝮??蝢,?撐???株正頝?4??120.485,24.114,?撐蝷曉?瘣餃?銝剖?,?撐 ?正,100,"瘞渡,?瘚?瘚瑕",?敹?7569735,??????
3347,?箔葉撣之??,?梯???憭扳?頝?81??120.68357,24.115191,撏???撠飛撏?璅銝恕/?,?梯???憭扳???镼踵旨???瑟旨??1000,"瘞渡,?",頞??04-24818836#5001,??????
3348,??蝮????,?潛孕????頝?-1??121.160619,24.115564,?潛孕瘣餃?銝剖?,?痔?刻,100,"瘞渡,?瘚?瘚瑕",?曄?蝢?2955670,??????
3349,?箔葉撣??,瘞貉???擃極頝?91??120.6612,24.116,?箔葉擃極?,撌亙飛?偶??780,"瘞渡,?,?瘚?瘚瑕",???拍???04-22613158#5200,??????
3350,?箔葉撣?撅臬?,璆邦???扈?璆邦??璅寡正銵?00??120.6289,24.1161,璆邦?咱??撟湔暑?葉敹?璆邦?葉?撟?50,"瘞渡,?",鞈湧??24738325,??????
3351,?箔葉撣之??,憭扳????唬?頝臭?畾?10??120.685976,24.116491,蝘?憭扳?擃?銝剖飛擃??蝳桀?,憭扳???蟡亥???镼踵旨???梯???270,"瘞渡,?",摰???04-24816565,??????
3352,?儔蝮?偌銝?,憛???1-1??120.6132,24.1165,憭批???憛??-摰文?,憛???500,?,?銝颱遙????05-3712690,??????
3353,敶啣?蝮??蝢,蝡寧????頝?37??120.5011,24.117,蝡寧?蝷曉?瘣餃?銝剖?,蝡寧? ??,100,"瘞渡,?瘚?瘚瑕",?喲皞?04-7553911,??????
3354,?箔葉撣??,????撌亙飛頝?2??璅?120.6638,24.1171,?箔葉撣???臬?颲血憭扳?,??,61,"瘞渡,?,?瘚?瘚瑕",鞈游???04-22626105#507,??????
3355,?梯蝮???,??????158??121.6365,24.1172,??颲脣?蝷箇?銝剖?,????23,"瘞渡,?瘚?瘚瑕",暺輔蟡?8611280,??????
3356,?箔葉撣云撟喳?,?望探??憭芸像??望探?控?啗楝100??120.7958,24.1174,?望探?????踵?摮詨之璅?????望探?瘙氬???575,"瘞渡,?瘚?,?梁?暻?04-22702664630皞怠膝蝔?937-218039,??????
3357,?梯蝮????,蝘??,蝘?楝76??121.6244,24.118,蝘??撠摰寞?,蝘??,100,"瘞渡,?,?瘚?瘚瑕",蝮賢?銝颱遙?迤??03-8611393,??????
3358,?箔葉撣之??,?交???交頝?83??120.692373,24.11811,?箔葉撣?憭折?撟澆????交?,?交???扳???望???80,"瘞渡,?",????04-24070302,??????
3359,敶啣?蝮??蝢,蝡孵???敶唳頝?畾?15??120.525,24.119,蝡孵?蝷曉?瘣餃?銝剖?,蝡孵?,60,"瘞渡,?瘚?瘚瑕",?函???7351963,??????
3360,?箔葉撣云撟喳?,?瑕????瑕?頝?-1??120.7209,24.1192,?瑕?瘞豢??暑?葉敹??瑕??偶?像摰?815,"瘞渡,?,?瘚?,?陶敿?04-22785777,??????
3361,?箔葉撣??,璅孵噸??敺瑕?頝?00??120.6542,24.1196,憭扳瘣餃?銝剖?,璅孵噸,30,"瘞渡,?,?瘚?瘚瑕",雿?閮???04-24753268,??????
3362,?箔葉撣??,撟喳???鈭??楝335??120.6697,24.1201,???擗?撟喳??偶??57,"瘞渡,?,?瘚?瘚瑕",撘菔?尹??04-22623497,??????
3363,?箔葉撣之??,蟡亥???銝剛?頝臭?畾萇孕??撌?0撘?4??120.685927,24.120351,蟡亥?瘣餃?銝剖?,蟡亥????交??20,"瘞渡,?",?慰??928206608,??????
3364,?箔葉撣??,?像??敺抵?頝臭?畾?7??120.6607,24.1213,?像???像擗典??,?像????513,"瘞渡,?,?瘚?瘚瑕",雿摰蜓隞?04-22613139,??????
3365,??蝮????,?潛孕??镼輸?撌???121.11075,24.121767,璇??瑁???璇??刻,100,"瘞渡,?瘚?瘚瑕",???0988-957032,??????
3366,敶啣?蝮??蝢,??????頝臭?畾?76??120.495,24.122,??蝷曉?瘣餃?銝剖?,?? ??,100,"瘞渡,?瘚?瘚瑕",?∟牲靘?7553688,??????
3367,敶啣?蝮??蝢,?????勗像頝?25撌???120.527,24.122,??蝷曉?瘣餃?銝剖?,??,100,"瘞渡,?瘚?瘚瑕",暺?摰?7356473,??????
3368,?箔葉撣??,撟喳???鈭??楝325??120.668571,24.1222,靽∠儔??靽∠儔擗典??,"蝳???撟喳???瘞詨???,1440,"瘞渡,?",暺????22622005-732,??????
3369,敶啣?蝮??镼輸?,??????頝?58-1??120.478,24.1227,???,銝??????噸??,100,"瘞渡,?,?瘚?瘚瑕",?暾?04-7585375,??????
3370,?箔葉撣云撟喳?,銝剖像??銝剖像?云撟唾楝 300 ??120.7183,24.1231,銝剖像?葉?暑?葉敹????銝剖像?葉?踴遣??972,"瘞渡,?,?瘚?,憭?憡?04-22767416101,??????
3371,?箔葉撣云撟喳?,?剜探???頝?20 ??120.7515,24.1232,?剜探?????踹之璅1???剜探?瘙氬???1820,"瘞渡,?瘚?,瘙??04-22703129185閮曹摩??911-767912,??????
3372,敶啣?蝮??镼輸?,??????頝?8銋???120.480918,24.123229,??瘞瘣餃?銝剖?,????100,"瘞渡,?,?瘚?瘚瑕",?暸???04-7585646,??????
3373,?箔葉撣云撟喳?,?剜探???琿?頝臭?畾?1撌?8??120.7507,24.1239,?剜探?暑?葉敹??剜探????278,"瘞渡,?瘚?,瘙項,04-22762323,??????
3374,?箔葉撣云撟喳?,撱箏???蝎曄?頝?01??120.7245,24.1241,撱箏像????霅啣恕1璅??氬?撱箏??葉撟喋遣??1419,"瘞渡,?,?瘚?,?凋犖璁?04-22779532,??????
3375,?箔葉撣??,??????頝?61??120.6801,24.1245,?????????,???????,707,"瘞渡,?,?瘚?瘚瑕",蝪∪?敺蜓隞?04-22872475#731,??????
3376,?箔葉撣??,蝛???敺拇銵?9?1,120.6759,24.1247,銝剛?瘣餃?銝剖?,敺瑞儔??撌???50,"瘞渡,?,?瘚?瘚瑕",?噸璁?04-22626105,??????
3377,敶啣?蝮??蝢,?剖????頝?95??120.506,24.125,?剖?蝷曉?瘣餃?銝剖?,?剖?,100,"瘞渡,?瘚?瘚瑕",???7552882,??????
3378,?梯蝮???,?啣???隞?頝?撌?72??121.6497,24.1257,蝳芸??脣匱???啣???105,"瘞渡,?,?瘚?瘚瑕",閮望?慦?03-8612555,??????
3379,?箔葉撣云撟喳?,蝳?????頝?463撌???120.7345,24.1258,蝳??暑?葉敹?????????294,"瘞渡,?瘚?,?喲摨?04-22795015,??????
3380,敶啣?蝮??蝢,?窄??蝳?頝?21??120.512,24.126,?窄蝷曉?瘣餃?銝剖?,?窄 ?冗,100,"瘞渡,?瘚?瘚瑕",?喳窄隞?7579618,??????
3381,?箔葉撣??,蝳像??敺抵?頝臭?畾?52??120.6651,24.126,??葉?擗典??,蝳像???璁?544,"瘞渡,?,?瘚?瘚瑕",蝝甇?銝颱遙,04-22633229#731,??????
3382,?箔葉撣??,撏恍?,敹??楝730??120.659,24.1261,?箔葉撣?撏怠?銝剖??怠?????撏?483,"瘞渡,?,?瘚?瘚瑕",???04-23712324頧?30,??????
3383,?箔葉撣?,?梯???隞?頝?30??120.68617,24.12626,?箔葉撣??勗陸?葉,?梯??璈?.,700,"瘞渡,?",璆?隢?04-22825133,??????
3384,?箔葉撣之??,?????頝?32??餈?120.5838,24.1264,?蝷曉????砍?,??冗?喋?撅晞葉????,120,"瘞渡,?瘚?瘚瑕",摮急?瘚?04-26932638,??????
3385,?箔葉撣正?,?祆迤??憭批◣頝舀???頝航????楝??120.650622,24.126479,?箔葉撣正??砍ˊ?砍?,镼踹???,3550,?,暺控撜?04-22245200??704,??????
3386,?箔葉撣?,?梯????箔葉頝?83??120.6856,24.1266,??銝剛?憭批飛?惇?箔葉擃?颲脫平?瑟平摮豢蝳桀?,?梯???璈?700,"瘞渡,?",?雓?04-22810010,??????
3387,?梯蝮???,?啣?????頝?1??121.6513,24.1266,憭拐蜓???摰??啣???53,"瘞渡,?,?瘚?瘚瑕",暺蔗??03-8610075,??????
3388,敶啣?蝮??蝢,憟賭耨????頝?00撌?1??120.494,24.127,憟賭耨蝷曉?瘣餃?銝剖?,憟賭耨,60,"瘞渡,?瘚?瘚瑕",??迤,7552719,??????
3389,敶啣?蝮??镼輸?,憛凋???憛凋?頝?41??120.456135,24.128081,憛凋?瘞瘣餃?銝剖?,憛凋???80,"瘞渡,?瘚?瘚瑕",暺??04-7555350,??????
3390,敶啣?蝮??镼輸?,皞??皞頝?4-1??120.454988,24.128334,皞瘞瘣餃?銝剖?,皞??80,"瘞渡,?瘚?瘚瑕",暺???04-7588933,??????
3391,?箔葉撣?,?望???憭扳頝?59??120.6908,24.1286,憭扳??2璅旨???望????,500,"瘞渡,?",?正??04-22825683,??????
3392,?梯蝮???,?啣?????頝?6??121.6502,24.1288,?啣?蝷曉?瘣餃?銝剖?,?啣???23,"瘞渡,?,?瘚?瘚瑕",?∪???8611519,??????
3393,?梯蝮???,?啣????啗?1銵?2??121.6452,24.1301,?蝷曉?瘣餃?銝剖?,?啣???45,"瘞渡,?,?瘚?瘚瑕",?∪???8611519,??????
3394,敶啣?蝮??镼輸?,撖???銝剖亢頝臭?畾?35??120.4697,24.1313,蝺正??,撖??＃隞????扳?,100,"瘞渡,?,?瘚?瘚瑕",暺早撖?04-7585075,??????
3395,?箔葉撣??,镼踹????喳?镼輯楝1畾?9??120.6606,24.1314,撏?瘣餃?銝剖?,镼踹?,53,"瘞渡,?,?瘚?瘚瑕",?振摰?04-23763080,??????
3396,??蝮????,?潛孕???陸撌?0??121.184631,24.131465,蝝???璇??,?陸?刻,100,"瘞渡,?瘚?瘚瑕",???2955563,??????
3397,?箔葉撣?,?航????箔葉頝?53??120.684716,24.131516,?箔葉??瘣餃?銝剖?,?啣????600,"瘞渡,?",頞???04-22815103#700,??????
3398,敶啣?蝮??镼輸?,撖???銝剖亢頝臭?畾?45??120.4687,24.1325,蝺正?葉,皞?????噸??,100,"瘞渡,?,?瘚?瘚瑕",閮望?鞎?04-7584129,??????
3399,?箔葉撣云撟喳?,?瑕???憭芸像銝? 295 ??120.7164,24.133,?瑕??????踹之璅1???氬?????瑕??偶?像摰?1649,"瘞渡,?,?瘚?,????04-22737653,??????
3400,?箔葉撣之??,憭扳??隞噸頝?0??120.5542,24.133714,憭批???撠飛銝璅玨?扳?摰?蝷曇??40,"瘞渡,?瘚?瘚瑕",撘萇???04-26993693,??????
3401,敶啣?蝮??蝢,憛???敶唳頝?畾?10??120.51,24.134,?寡??,憛? 皝 ?唳蔬 ?窄,150,"瘞渡,?,?瘚?瘚瑕",暺膝撖?7552430,??????
3402,敶啣?蝮??镼輸?,撖???撖?頝?77-1??120.45949,24.134332,撖?瘞瘣餃?銝剖?,撖???80,"瘞渡,?瘚?瘚瑕",暺陳??04-7585106,??????
3403,?箔葉撣正?,????敹??楝515??120.6578,24.1345,?箔葉撣正?憭批???蝳桀?,"??,憭批?",100,"瘞渡,?",摰?鞊?04-23755959??731,??????
3404,?箔葉撣?撅臬?,????瘞豢?梯楝679??120.6441,24.1347,?扈??祆?4璅??曉??降摰?鞊???敹?50,"瘞渡,?",?頂鞊?04-24752799#505,??????
3405,敶啣?蝮??镼輸?,蝺正??銝剖亢頝臭?畾?36撌?1??120.463123,24.135832,蝺正瘞瘣餃?銝剖?,蝺正??摨?,80,"瘞渡,?瘚?,?喳???04-7580182,??????
3406,?箔葉撣?,璅????脰頝?0??120.69813,24.13594,?脰?葉?,璅?????皞皞?500,?,撘萄振頠?04-22115313,??????
3407,敶啣?蝮??蝢,憛?????頝?畾?85??120.508,24.136,憛?蝷曉?瘣餃?銝剖?,憛?,60,"瘞渡,?瘚?瘚瑕",撘萄振摰?7554632,??????
3408,?箔葉撣?撅臬?,?扈???扈??扈??楝銝畾萎???,120.639,24.1363,?扈?暑?葉敹??扈,60,"瘞渡,?",?曹???24738325,??????
3409,?箔葉撣?,?曹縑???瑞?頝?45??120.703797,24.136521,?箔葉撣???祆?蝳桀?,?曹縑??晞??脣?典???撠??瘞摰?,1500,"瘞渡,?",????04-22151988,??????
3410,敶啣?蝮??镼輸?,蝺正??銝剖亢頝臭?畾?86撌?28??120.4668,24.1368,蝺正??撟澆???蝺正?????＃隞?,200,"瘞渡,?瘚?瘚瑕",撘萇???04-7584851,??????
3411,?箔葉撣?撅臬?,?亦冗???扈??亦冗???楝鈭?銋?鈭?,120.612,24.1374,?亦冗?暑?葉敹???璅??亙??蝷整?撅晞窄撅?200,"瘞渡,?",?曹???24752799#127,??????
3412,?箔葉撣云撟喳?,摰蔔??摰?頝?7撌?120.7128,24.1383,蟡仿????砍?,憭芸像?,9810,"?,?瘚?,?望迤蝢?04-25120998,??????
3413,?箔葉撣?,瘜???璅平頝?0??120.194202,24.138354,?箔葉撣?璅平??,瘜??皞芥???,450,"瘞渡,?",撘菜溶??04-22121293,??????
3414,?箔葉撣云撟喳?,摰派??憭芸像?摰派?撟唾楝鈭挾100??120.7153,24.1392,摰派????摮豢???憭扳???摰派??雿喋???1913,"瘞渡,?,?瘚?,?陶??04-22701567#730敶剜⊥?,??????
3415,?箔葉撣正?,?祆????ㄝ頝?55??120.6686,24.1393,?箔葉撣正?敹縑??蝳桀?敹縑???祆????????摨?100,"瘞渡,?",??暾?04-23722866??730,??????
3416,敶啣?蝮?撓皜舫?,瘙湧??瘙湧頝?89??120.497037,24.139906,瘙湧蝷曉?瘣餃?銝剖?,瘙湧??40,"瘞渡,?瘚?瘚瑕",?膝摰?04-7982010154,??????
3417,敶啣?蝮??镼輸?,????瘝踵絲頝臭?畾?34撌?2??120.4674,24.1403,??瘞瘣餃?銝剖?,????镼踵?,80,"瘞渡,?瘚?瘚瑕",?暸?蝑?04-7588139,??????
3418,?箔葉撣?撅臬?,瘞詨????扈?瘞詨???蝢?70??120.6366,24.1404,瘞詨??冗?瘣餃?銝剖?,瘞詨????50,"瘞渡,?",鞈湧??24752799,??????
3419,?箔葉撣正?,撟喳????控頝?1??120.6712,24.1412,?箔葉撣正???祆?,瘞??瘞?瘞誨瘞像??50,"瘞渡,?",敺???04-22245200??508,??????
3420,?箔葉撣?撅臬?,?啣????扈?憭批◣6銵?19撌?1??.2.3璅?120.6443,24.1424,?唳?砍?蝞∠?摰?????敹敹?50,"瘞渡,?",?曹???24738325,??????
3421,?箔葉撣?撅臬?,憭批????扈?憭批??之憓拙銵??凋???120.6502,24.1425,憭批??暑?葉敹?璅?憭批??之隤之??100,"瘞渡,?",?曹???24738325,??????
3422,?箔葉撣??,?啗????芰頝臭?畾菔??砍?頝臬,120.684074,24.143637,?唬葉?砍?,憭扳??撟喲???????梢????,2000,?,撘萎撓鞊?22289111??33920,??????
3423,?箔葉撣葉?,?喳?????頝?00??璅?120.6795,24.1439,?箔葉撣葉??犖隡?瘣餃?銝剖?,蝬? 蝜澆? ?砍? ?儔 憭批◣ ?喳? 憭扯? 銝剛,18,"瘞渡,?",?單?,04-2222250234,??????
3424,?箔葉撣葉?,?喳?????頝?00??璅?120.6795,24.1439,?箔葉撣葉???祆??剜?憭抒旨??蝬??匱???敺押之憓押撌之隤葉??170,"瘞渡,?",?∪???04-22222502#36,??????
3425,敶啣?蝮?撓皜舫?,?唳葛???芸撥頝航30??120.484731,24.143911,?唳葛蝷曉?瘣餃?銝剖?,?唳葛??40,"瘞渡,?瘚?瘚瑕",?膝摰?04-7982010154,??????
3426,?箔葉撣葉?,憭批◣??銝?頝臭?畾?48??120.681722,24.143934,?箔葉撣?敺拙?撠?璅旨???扳???蝬??匱???敺押之憓押撌之隤葉??990,"瘞渡,?",蝝鞎湧翩,04-22294174-730,??????
3427,?箔葉撣葉?,憭扯????箇憭折?銝畾萄?憭扯?銵,120.6785,24.1442,?葉????蝬??匱???敺押之憓押撌之隤葉??1500,?,?∪???04-2222250236,??????
3428,?箔葉撣葉?,憭批◣???箔葉撣葉?銝?頝臭?畾菔??砍?頝臬,120.681723,24.144587,?箔葉撣?敺拙?瘞?摮詨??,蝬??匱???敺押之憓押撌之隤葉??1200,?,蝝鞎湧翩,04-22294174-730,??????
3429,敶啣?蝮?撓皜舫?,?文???撱箄?頝?68??120.489958,24.144634,隡豢葛?葉蝚砌??∪?,?文???10,"瘞渡,?,?瘚?瘚瑕",?膝摰?04-7982010154,??????
3430,?箔葉撣云撟喳?,?芣????芣?頝?5??120.7371,24.145,?芣?????璉之璅1.????芣??之???1136,"瘞渡,?,?瘚?,??隞?04-23927677731,??????
3431,?箔葉撣?,?勗???脣?頝?35??120.6934,24.1452,?脣噸??銝璅暑?葉敹??勗?僕???啜?隞?皞?500,"瘞渡,?",暺雁瘞?04-22126834,??????
3432,?箔葉撣云撟喳?,?芣???銝剖控頝臭?畾?7??120.7334,24.1464,?斤?蝘?憭批飛?極蝔尹B1.????斤???撟氬葉撅?5080,"瘞渡,?,?瘚?,?單?瘛?04-23924505,??????
3433,?箔葉撣之??,憭扳??憭扯??隞噸頝?0??120.548844,24.146936,憭折??葉摰璅?璅?憭扳??40,"瘞渡,?瘚?瘚瑕",?舐???04-26992028,??????
3434,敶啣?蝮??蝢,?唳蔬????頝?58??120.516,24.147,?唳蔬蝷曉?瘣餃?銝剖?,?唳蔬,60,"瘞渡,?瘚?瘚瑕",?喲蟡?7556126,??????
3435,敶啣?蝮?撓皜舫?,銝?????頝?7??120.492403,24.147211,?噸摰?銝???10,"瘞渡,?瘚?瘚瑕",?膝摰?04-7982010154,??????
3436,?箔葉撣云撟喳?,銝剖控??憭扳?頝?-20??120.726,24.1473,銝剛????璉1???氬?銝剖控??撟氬???1350,"瘞渡,?,?瘚?,?⊥?璅?04-23920870#741,??????
3437,?梯蝮????,撖???97??121.6277,24.1473,撖?瘣餃?銝剖?,撖???100,"瘞渡,?,?瘚?瘚瑕",隡?扳?撗?03-8611829,??????
3438,敶啣?蝮?撓皜舫?,瘜???隞?頝?23??120.480758,24.14783,瘜?蝷曉?瘣餃?銝剖?,瘜???20,"瘞渡,?瘚?瘚瑕",?膝摰?04-7982010154,??????
3439,?箔葉撣云撟喳?,?芣???銝剖控頝臭?畾?16??120.7346,24.1483,憭芸像?葉???踹之璅1???芣??之???4241,"瘞渡,?,?瘚?,?剖???04-23922540101,??????
3440,??蝮????,?????唳?瘣?7??121.189375,24.148371,????,??????刻,200,"瘞渡,?瘚?瘚瑕",?揪??2955078,??????
3441,敶啣?蝮?撓皜舫?,銝???銝剛頝?65??120.4879,24.1484,隡豢??撠飛,銝??????漯摨?蝑?500,"瘞渡,?,?瘚?瘚瑕",?撟?04-7982314-12,??????
3442,敶啣?蝮?撓皜舫?,?唳葛??敹??梯?50??120.4878,24.1486,隡豢葛?犖?熒瘣餃?銝剖?,?券?,200,"瘞渡,?,?瘚?瘚瑕",?曄敶??,04-7982010-200,??????
3443,?箔葉撣?撅臬?,銝????扈?銝??之憓拙?銝銵?銝?怨?,120.6391,24.1489,??砍?蝞∠?摰???璅?銝?????50,"瘞渡,?",?曹???24738325,??????
3444,?箔葉撣?撅臬?,憭扳平???扈?憭扳平?之憓拙?銝銵??,120.6526,24.1489,憭扳瘣餃?銝剖?3璅?皞??之璆准?銝?150,"瘞渡,?",?曹???24738325,??????
3445,敶啣?蝮?撓皜舫?,?萄祚???萄祚頝?32-5??120.457273,24.149014,?萄祚蝷曉?瘣餃?銝剖?,?萄祚??60,"瘞渡,?,?瘚?瘚瑕",?膝摰?04-7982010154,??????
3446,?箔葉撣??,?血像?????血像?云撟唾楝74??120.682,24.1492,?箔葉撣??憭芸像??憭抒旨???,?血像??憭扼?葉甇???之皝?蟡乓瘣脯??胯遣敺瑯遣??2000,"瘞渡,?",皜賊???04-22211101,??????
3447,敶啣?蝮?撓皜舫?,瘜???瘜?頝?4-3??120.479829,24.149574,瘜?蝷曉?瘣餃?銝剖?,瘜???20,"瘞渡,?瘚?瘚瑕",?膝摰?04-7982010154,??????
3448,敶啣?蝮?撓皜舫?,?曉振???曉振頝?銋?5??120.4696,24.1499,隡訾???撠飛,?曉振?撖格???????撌?蝑?400,"瘞渡,?,?瘚?瘚瑕",瘣芸?暾?蝮賢?,04-7982324-801,??????
3449,敶啣?蝮??蝢,皝??皝姘頝???120.5093,24.1503,皝蝷曉?瘣餃?銝剖?,皝,60,"瘞渡,?瘚?瘚瑕",憪像摰?04-756121,??????
3450,?箔葉撣??,憭扳????喳??梯楝?挾28??120.679493,24.150323,憭扳???憭折??臬?瘣餃?銝剖?,憭扳???憭折?,80,"瘞渡,?,?瘚?,?喟??04-222254485,??????
3451,?箔葉撣之??,憭扯???瘝頝?畾?46??120.545482,24.150654,憭扯?蝷曉?瘣餃?銝剖?,?啗??之?偶?ㄩ皞?41,"瘞渡,?,?瘚?瘚瑕",?喲?瞏?04-26992379,??????
3452,?箔葉撣?,?勗???脣?頝?23??120.69394,24.150696,????瘣餃?銝剖?,?勗??雿??隞?,800,"瘞渡,?",蝪∪?敹?04-23604412,??????
3453,敶啣?蝮?撓皜舫?,?唳葛???像頝?0??120.4768,24.151,?唳葛????,瘙湧?皜舀??憓?蝑?500,"瘞渡,?,?瘚?瘚瑕",暺?撽?蝮賢?,04-7982310-2285,??????
3454,?箔葉撣之??,憭扯???瘝頝?畾?46??120.545324,24.151237,憭扯???祆?鈭?,?啗??之?偶?ㄩ皞?200,"瘞渡,?,?瘚?瘚瑕",?單遛,04-26991105#341,??????
3455,?箔葉撣云撟喳?,?啣????啗?頝?00??120.7066,24.1524,?啣???銵憭扳?,?啣??蝳擃?1050,"瘞渡,?,?瘚?,???04-23956005804?單偶瞉???????
3456,?箔葉撣正?,瘞????望?頝?23??120.6667,24.1526,?箔葉撣正?銝剜迤??蝳桀?銝剜迤擗?瘞???樴葉??撟?100,"瘞渡,?",蝧?頠?04-23212041??721,??????
3457,?箔葉撣正?,瘞???镼踹扈頝?畾?69??120.6702,24.1535,?箔葉撣正???瘞??臬??暑?葉敹葉敹?????樴?樴?50,"瘞渡,?",暺???04-22245200??202,??????
3458,?箔葉撣之??,????憭扯?????之敺瑕銵?0??120.540571,24.15352,?犖瘣餃?銝剖?,???偶?偶?ㄩ皞?180,"瘞渡,?,?瘚?瘚瑕",?⊥蝬?04-26981175,??????
3459,?箔葉撣之??,????憭扯?????撅梯楝77??120.5463,24.1546,憭扯???擃擗?憭扳??銵控??120,"瘞渡,?瘚?瘚瑕",???04-26992016,??????
3460,?箔葉撣云撟喳?,?啣??璅孵?頝臭?銝撌瑚???120.7201,24.1547,?啣像????璉1???氬?????啣????850,"瘞渡,?,?瘚?,瘣芣?蟡?04-23914533,??????
3461,?箔葉撣?撅臬?,暺????扈?暺??僕??150??120.6296,24.1555,暺??暑?葉敹?暺???蝢?60,"瘞渡,?",?曹???24738325,??????
3462,?箔葉撣云撟喳?,暺姘??蝡寞?頝?1??120.7344,24.1556,暺姘???憭??氬?暺姘?偶?噸??128,"瘞渡,?瘚?,?拇?,04-2271593372?曹縑敺???????
3463,?箔葉撣正撅臬?,雿???憭批◣??銵?8??璅?120.648109,24.1557,雿??????臬?瘣餃?銝剖?,雿?????364,"瘞渡,?",?啗眼??423223355,??????
3464,敶啣?蝮?撓皜舫?,憭批???憭批?頝?2??120.47616,24.156642,憭批?蝷曉?瘣餃?銝剖?,憭批???20,"瘞渡,?瘚?瘚瑕",?膝摰?04-7982010154,??????
3465,敶啣?蝮?撓皜舫?,隞?⊥?,隞?∟楝99-1??120.47616,24.156642,隞?∠冗?瘣餃?銝剖?,隞?⊥?,20,"瘞渡,?瘚?瘚瑕",?膝摰?04-7982010154,??????
3466,?箔葉撣正?,敹????箇憭折?1畾?14??120.6591,24.1578,?箔葉撣正?敹???蝳桀?敹?擗?敹??撟喋敺瑯甇?100,"瘞渡,?",?撟?0423172860??730,??????
3467,?箔葉撣正?,敹????尹頝?66??120.6637,24.1579,?箔葉撣正?敹?擃葉蝳桀?敹?擗?敹????100,"瘞渡,?",擳???0423224690??731,??????
3468,?箔葉撣云撟喳?,?啣???璅孵噸銋?139??120.7093,24.1579,?啣??葉?暑?葉敹?????啣???擃?1917,"瘞渡,?,?瘚?,瘝?憡?04-23957597601,??????
3469,?箔葉撣之??,銝剖???憭扯??銝剖???璁株楝299??120.544456,24.158601,銝剖?蝷曉?瘣餃?銝剖?,??冗?喋?撅晞葉????100,"瘞渡,?,?瘚?瘚瑕",??敺?04-26933251,??????
3470,?箔葉撣之??,????憭扯???????毽155??120.5446,24.158601,??蝷曉?瘣餃?銝剖?,??冗?喋?撅晞葉????100,"瘞渡,?瘚?瘚瑕",??瞍?04-26933141,??????
3471,?箔葉撣之??,瘞賊???憭扯??瘞賊????楝2畾?43??120.5331,24.1588,瘞賊?蝷曉?瘣餃?銝剖?,瘞賊?.??.瘞詨??ㄩ皞?180,"瘞渡,?,?瘚?瘚瑕",?賣???04-26993577,??????
3472,?箔葉撣之??,????憭扯???????啗楝3畾?44撌???120.5446,24.1589,??蝷曉?瘣餃?銝剖?,憭扳??銵控??180,"瘞渡,?瘚?瘚瑕",?單郎敺?04-26993047,??????
3473,?箔葉撣蝷曉?,銝剖????啁冗?銝剖??葉??158銋???120.8262,24.1589,?箔葉撣蝷曉?銝剛???颲脣,銝剖???摰?文?,36,"瘞渡,?瘚?,?剜?蝡?04-25931271,??????
3474,?箔葉撣??,瘛⊥?????瘛⊥??正撅航楝銝畾?99??璅?120.6662,24.1591,?箔葉撣??銋暹?摮暑?葉敹?瘛⊥??葉???敺?150,"瘞渡,?",鞈渲???04-23191577,??????
3475,?箔葉撣之??,撅梢??憭扯??撅梢?旨?航?630??120.544865,24.159312,撅梢???脩征?輸摰?憭扳??銵控??70,"瘞渡,?,?瘚?瘚瑕",瘝???04-26983117,??????
3476,??蝮????,?潛孕??隞?頝?2??121.176707,24.159312,蝝???,蝝??刻,300,"瘞渡,?瘚?瘚瑕",?喲???2955075,??????
3477,?箔葉撣蝷曉?,蝳????啁冗?蝳?????8??120.863914,24.159481,?箔葉撣蝷曉?憭扳???,蝳???-19?圈??瑟?璈?955-745988,90,"瘞渡,?,?瘚?,暺遙擏?04-25941995,??????
3478,?箔葉撣??,?勗??????勗???敺瑁楝銝畾?07??120.6848,24.1599,?????脣噸擗典??,?????撣?450,"瘞渡,?",?絲??04-22318092,??????
3479,敶啣?蝮??蝢,?萄控???格頝?90??120.519,24.16,?萄控蝷曉?瘣餃?銝剖?,?萄控,150,"瘞渡,?瘚?瘚瑕",璆慰??7560457,??????
3480,敶啣?蝮?撓皜舫?,皞芸???皞芸?頝?03-2??120.501452,24.160703,皞芸?蝷曉?瘣餃?銝剖?,皞芸???40,"瘞渡,?瘚?瘚瑕",?膝摰?04-7982010154,??????
3481,?箔葉撣正撅臬?,雿???瞍Ｗ頝臭?畾?4銋???120.657033,24.16176,瞍Ｗ?葉嚗??湛?,雿?????1650,?,?望??04-23130511#731,??????
3482,?梯蝮????,撏噸??72??121.6524,24.162,撏噸???嗅捆?,撏噸,100,"瘞渡,?,?瘚?瘚瑕",?單???03-8621201,??????
3483,?箔葉撣正撅臬?,雿?????頝?20??璅?120.653758,24.162332,雿??暑?葉敹?雿?,405,"瘞渡,?",雿??,423124675,??????
3484,敶啣?蝮?撓皜舫?,憭批???敶唳頝?畾?24??120.4845,24.1625,憭批?????,瘚瑕偏??????⊥??之??蝑?500,"瘞渡,?,?瘚?瘚瑕",??瘨菔 蝮賢?,04-7982307-703,??????
3485,?箔葉撣之??,????憭扯??????鈭楝62撌?4銋???120.572365,24.16335,??蝷曉?瘣餃?銝剖?,??????撘?80,"瘞渡,?,?瘚?瘚瑕",暺???04-26914635,??????
3486,?箔葉撣蝷曉?,蝳????啁冗?蝳???瘞?6銋???120.880962,24.163651,?箔葉撣蝷曉?蝳???,蝳??????圈??瑟?璈?955-745988,90,"瘞渡,?,?瘚?,撘菜???04-25941147,??????
3487,??蝮????,????7?唳澈瘜毽18??121.180117,24.163778,皞急??刻?圈摰?皞急??刻,50,"瘞渡,?瘚?瘚瑕",????0937-775743,??????
3488,?箔葉撣正撅臬?,?????葉頝?68??120.6497,24.16493,????嚗??暑?葉敹??湛?,??,505,"瘞渡,?",??撏?04-23176353#731,??????
3489,敶啣?蝮?撓皜舫?,瘚瑕偏??瘚瑕偏頝?-2??120.485127,24.165165,瘚瑕偏蝷曉?瘣餃?銝剖?,瘚瑕偏??40,"瘞渡,?瘚?瘚瑕",?膝摰?04-7982010154,??????
3490,?箔葉撣正撅臬?,瞏格???撣??頝?86??120.633793,24.165436,镼踹扈??祆?,瞏格???瞏?372,"瘞渡,?",蝷暹?隤脩??祇?隤脤,04-22556333#221,??????
3491,?箔葉撣??,?噸?????噸?云??銵?3??璅?120.6694,24.1657,?箔葉撣???噸瘣餃?銝剖?,?噸?銵?30,"瘞渡,?",????04-22951419,??????
3492,?箔葉撣??,鞈游?????鞈游??偶??301??120.6822,24.166,?箔葉撣??銵憭扳?,鞈游?????敺瑯陷蝳陷?遣??400,"瘞渡,?",???04-22314031頧?56,??????
3493,?箔葉撣?撅臬?,瘞湔???扈?瘞湔?鞈Ｗ頝?00??120.7122,24.1666,?箔葉撣??勗控擃?銝剖飛蝳桀?????銝????偌??770,"?,?瘚?,撘萄???04-24360166,??????
3494,敶啣?蝮?撓皜舫?,摰???摰?頝?3-2??120.496962,24.166813,摰?蝷曉?瘣餃?銝剖?,摰???40,"瘞渡,?瘚?瘚瑕",?膝摰?04-7982010154,??????
3495,?箔葉撣?撅臬?,銝???銝?銝銵?7??120.698404,24.167354,?箔葉撣?銝???銝剖飛嚗旨???湛?,銝???????鈭祇?,2235,"瘞渡,?,?瘚?,????04-22313699#730,??????
3496,?箔葉撣?撅臬?,撟單???40652 ?箔葉撣?撅臬??像頝臭?畾?1??120.693207,24.168188,????撠飛嚗暑?葉敹?撘????湛?,?扈?????像?圈??像摰??像??,1422,"瘞渡,?,?瘚?,?唾頠蜓隞?04-22361953#730,??????
3497,?箔葉撣正撅臬?,雿噸??撖批?頝?79??120.660187,24.168445,銝剖控?葉嚗??湛?,雿噸,1375,?,暺?蝧?04-23132003#730,??????
3498,?箔葉撣?撅臬?,瘞????撌?0??120.759755,24.168462,?Ｙ??撠飛嚗??氬??璅?,?勗控??摮????輸?,483,"瘞渡,?瘚?,鞈湔旨??04-22390047,??????
3499,?箔葉撣??,?琿??????琿???镼輯楝66銋???璅?120.6685,24.1691,?箔葉撣???琿??暑?葉敹?蝡犖?????200,"瘞渡,?",??鞈?04-22918691,??????
3500,?箔葉撣正撅臬?,雿???瑹餉頝?8??120.653078,24.169105,?瑕???嚗??渲???,雿??之瘝?242,?,????04-23157600#731,??????
3501,?箔葉撣正撅臬?,雿???瘝喳?頝?25??璅?120.662291,24.169681,雿???敺琿??臬?瘣餃?銝剖?,雿?,380,"瘞渡,?",雿???423120685,??????
3502,?箔葉撣正撅臬?,????摰?頝?9??120.620071,24.169862,????嚗飛?暑?葉敹??湛?,??,1732,"瘞渡,?",隞餌?隤?04-23588022#731,??????
3503,?箔葉撣?撅臬?,撟單???40654 ?箔葉撣?撅臬???頝臬?畾?56??120.695314,24.170777,?雁??撠飛嚗暑?葉敹?,撟喟?像敹?????????像??,304,"瘞渡,?,?瘚?,?脰????04-22302319#730,??????
3504,?箔葉撣正撅臬?,雿???瞍Ｘ?銵?52??120.665542,24.170797,雿??暑?葉敹?雿?,150,"瘞渡,?",敶剔摰?423157705,??????
3505,?箔葉撣??,鞈渲?????鞈渲??控镼輯楝鈭挾125????璅?120.6757,24.1718,?箔葉撣??鞈渲?瘣餃?銝剖?,鞈湔?陷?陷??撌?400,"瘞渡,?",?批??04-22956505,??????
3506,?箔葉撣正撅臬?,?喳???銝?頝?56??120.639105,24.172074,銝???嚗暑?葉敹??湛?,銝?,889,"瘞渡,?",撘萇???04-24527322#733,??????
3507,?箔葉撣?撅臬?,?勗????勗?頝?26??120.701827,24.17211,?勗???撠飛嚗暑?葉敹??湛?,撟喳??像?圈????????????,1631,"瘞渡,?,?瘚?,?單?鞈?04-24377215#730,??????
3508,??蝮????,????1????121.196369,24.172426,?箇?瑁?????????刻,100,"瘞渡,?瘚?瘚瑕",?單?敺?2955035,??????
3509,??蝮????,????3??2??121.196369,24.172426,??瘣餃?銝剖?,????瘣??100,"瘞渡,?瘚?瘚瑕",撱璈?2955666,??????
3510,??蝮????,?????唳?瘣???28??121.196369,24.172426,憭扳??刻?嗥???,???之瘣??100,"瘞渡,?,?瘚?,?喳?頛?0921-048506,??????
3511,?箔葉撣?撅臬?,撟喳?????頝臬?畾?75??120.682577,24.17296,????撠飛嚗旨???湛?,撟喳噸?像?賡??像敹??像摰??像??,950,"瘞渡,?,?瘚?,暺葉?蜓隞?04-22425906#731,??????
3512,?箔葉撣?撅臬?,撟喲??撏噸頝臭?畾?27??120.682577,24.17296,撏噸??銝剖飛嚗?敺琿尹???湛?,撟喳??像蝳??像敹??蝡寥??像?賡?,1566,"瘞渡,?,?瘚?,敺???????04-22454081#781,??????
3513,?箔葉撣正撅臬?,銝??镼踹扈頝臭?畾萎??喳??剖毽25??120.643286,24.173681,銝??嚗暑?葉敹??湛?,銝?Ｙ??敺?1885,"瘞渡,?",?縑敹?04-27087412#730,??????
3514,?箔葉撣??,銝剝????望?頝?72??120.674392,24.173738,銝剝??敺琿??勗???暑?葉敹?銝剝??敺琿????,100,"瘞渡,?,?瘚?,??蝳?04-22021615,??????
3515,?箔葉撣?撅臬?,撟喳?????頝臭?畾?8??璅?120.6877,24.1741,撟喲??像敹??像蝳?瘣餃?銝剖?嚗?璅?,撟喳??像?像?像敹像蝳像??300,"瘞渡,?,?瘚?,?批噸憛?04-22439138,??????
3516,?箔葉撣正撅臬?,?喳????絲頝臭?畾?08??120.640194,24.174335,?喳??葉嚗?尹???湛?,?喳?,2179,"瘞渡,?",?喟???04-27057587#733,??????
3517,?箔葉撣?撅臬?,撟喳???摰??曹?銵?3??120.6826,24.1744,??撟湔暑?葉敹?撟喟??像?像?賬像蝳像敹像敺?206,"瘞渡,?,?瘚?,雓???923155189,??????
3518,?箔葉撣?撅臬?,?摮?,?摮楝666??120.7357,24.1745,銝剖蝘?憭批飛蝢賜?擗??摮??踴撅晞?撟喋偌??150,?瘚??尿?蝯,04-22391647頧?310.8301,??????
3519,?箔葉撣正撅臬?,憭抒????瑕?頝臭?畾?58??120.666744,24.174643,憭抒?蝷曉?瘣餃?銝剖?,憭抒?,165,"瘞渡,?",?ａ?,422910825,??????
3520,?箔葉撣?撅臬?,頠???頠?銵?3??120.715938,24.175695,撱箏???撠飛嚗銝恕???湛?,?像??蝷暸??偌?舫?????,575,"瘞渡,?,?瘚?,????04-24367042731,??????
3521,?箔葉撣?撅臬?,?像??頠???頝?00??120.715938,24.175695,頠???撠飛嚗旨???湛?,頠??偌?舫???摮???撟喲?,1698,"瘞渡,?,?瘚?,雓???????04-24370696#731,??????
3522,?箔葉撣正撅臬?,蝳???銝剖極銝楝199????璅?120.618029,24.176043,蝳??啣????臬?瘣餃?銝剖?,蝳???銝准???290,"瘞渡,?",?陶??423508889,??????
3523,敶啣?蝮?撓皜舫?,?刻????勗頝?1??120.488453,24.176072,?刻?蝷曉?瘣餃?銝剖?,?刻???60,"瘞渡,?,?瘚?瘚瑕",?膝摰?04-7982010154,??????
3524,?箔葉撣正撅臬?,曀祉????Ｗ之頝?5??120.648648,24.176403,曀祉??暑?葉敹?曀祉??Ｙ?,95,"瘞渡,?",?單???424523792,??????
3525,?箔葉撣之??,????憭扯???秣?云撟唾楝1??120.574604,24.17668,?陸???脩征?輸摰???????撘?100,"瘞渡,?,?瘚?瘚瑕",撘菜?蝬?04-26911291,??????
3526,?箔葉撣?撅臬?,瘞湔像???扈?瘞湔像??楝21??120.6724,24.1769,??砍?蝞∠?摰歹?瘣餃?銝剖?1??璅?,隞??像?像?賬偌皝?620,"瘞渡,?,?瘚?,?單銝?04-22921989,??????
3527,?箔葉撣正撅臬?,憭折筋??銝剖像頝?68??120.6653,24.17748,憭折筋??嚗????湛?,憭折筋?之??500,?,雓???04-22914655#731,??????
3528,?箔葉撣?撅臬?,?冗??40654 ?箔葉撣?撅臬??扈頝?35??120.699648,24.177756,????撠飛嚗暑?葉敹?,?曉?????像???????蝷暸?,496,"?,?瘚?,?∪???04-22447049#731,??????
3529,?箔葉撣?撅臬?,頠???26?啗???123??120.717838,24.177863,頠??暑?葉敹?頠???撟喲??偌?舫?,117,"瘞渡,?,?瘚?,撘萄?,04-24363587,??????
3530,?箔葉撣?鈭?,?啣????啣??葉瘝楝2??120.576947,24.178195,?捎?葉????脤尹,?啣???梢??瘚琿?,250,"瘞渡,?,瘚瑕",頞噬曀?04-26314606,??????
3531,?箔葉撣?撅臬?,?冗???喲?梯?180??120.695925,24.178882,???銝剖飛嚗暑?葉敹?,?曉???????摰??像???????蝷暸?,967,"?,?瘚?,?遣蝡?04-22449374,??????
3532,?箔葉撣?鈭?,蝡孵???蝡孵葦頝臭?畾?64撌???120.546391,24.18031,蝡孵??暑?葉敹?蝡孵???30,"瘞渡,瘚瑕",閮梢???04-26354289,??????
3533,?箔葉撣?鈭?,?啣???銝剜?頝舀摨?撌???120.576147,24.180456,樴陸???,?祚??100,"瘞渡,?,瘚瑕",瞏??04-26314707,??????
3534,?箔葉撣?撅臬?,隞????像頝?1??120.671897,24.180481,隞???撠飛嚗旨??璅??湛?,憭批噸?????偌皝喲?????,1304,"瘞渡,?,?瘚?,?瘝颱?????04-22923861#731,??????
3535,?箔葉撣?撅臬?,?漪???脣??楝2??120.671897,24.180481,?扈??撠飛嚗旨???湛?,撟單???撅舫???????????鈭祇?,2250,"瘞渡,?,?瘚?,?單瘣?04-22332110#734,??????
3536,?箔葉撣?撅臬?,憭批噸???瑚葉銵?-23??120.669137,24.180564,憭批噸??銝剖飛嚗??湛?,?喳像??撟喲??????????之敺琿?,825,"瘞渡,?,?瘚?,?單?瘣?04-22916984,??????
3537,??蝮????,,,121.199899,24.180665,蝧?撏暑?葉敹?蝧??100,"瘞渡,?瘚?瘚瑕",擃??0919-680370,??????
3538,?箔葉撣?撅臬?,憭批噸???扈?憭批噸?像敺瑁楝3??120.6719,24.1815,憭批噸?砍?蝞∠?摰歹?1??璅?,?喳像??撟喋撟喋之敺瑯???550,"瘞渡,?,?瘚?,????04-22982321,??????
3539,?箔葉撣?撅臬?,?冗???扈??曉??蝡寡楝2畾?9撌???120.7007,24.1815,?冗?砍?瘣餃?銝剖?嚗???璅恕憭?,?冗?像?摰???1580,"瘞渡,?,?瘚?,?頛?04-22452926,??????
3540,?箔葉撣正撅臬?,镼踹?????頝?60??120.639943,24.181647,镼踹??正憓押???臬?瘣餃?銝剖?,镼踹??正憓押正撟?180,"瘞渡,?",撘菟??427029768,??????
3541,?箔葉撣?撅臬?,隞????扈?隞???敺瑁楝銝挾10??120.6867,24.1827,?扈??祆??剜?蝳桀?,隞???蝢撘瑯?蝡?350,"瘞渡,?,?瘚?,蝪∪???04-24606021,??????
3542,?箔葉撣?Ｗ?,?嗥????梢?頝?畾?068??120.840965,24.182864,?箔葉撣?Ｗ??嗥?蝷曉?瘣餃?銝剖?,?嗥???100,"瘞渡,?瘚?,??瘜?25854978,??????
3543,?箔葉撣?鈭?,樴正??樴?頝?1??120.529836,24.183711,樴??????擉圈尹,樴??镼輸?,150,"瘞渡,?,瘚瑕",暺??04-26397131,??????
3544,?箔葉撣正撅臬?,蝳???镼踹扈頝臭?畾?33??120.625082,24.184845,瘞詨???嚗偶摰尹???湛?,蝳????偶摰?1954,"瘞渡,?",????04-24624470#731,??????
3545,?箔葉撣?撅臬?,敹像???喳像頝?8??120.667549,24.185321,?喳像??撠飛嚗銝暑?葉敹?,???撟喲??之敺琿???????撟喲?,443,"瘞渡,?,?瘚?,璇?衣???04-22973558#731,??????
3546,?箔葉撣正撅臬?,蝳????銵?5??120.5896,24.18602,?望絲??嚗??氬??嚗?蝳,432,?,?∪兢??04-23509797#170,??????
3547,?箔葉撣?撅臬?,????摨撌?1-1??120.66498,24.18809,??蝷曉?瘣餃?銝剖?,敹像??摨撟喋?璁柴撟?80,"瘞渡,?,?瘚?,?單旨甈?04-24252398,??????
3548,?箔葉撣?撟喳?,?????梢?頝臭?畾萄眾甇血毽5??120.9866,24.1883,暻??,????120,"瘞渡,?,瘚瑕",?單??04-25942412,??????
3549,?箔葉撣正撅臬?,蝳???蝳?頝?33??120.6138,24.1892,蝳??葉嚗??氬??嚗?蝳?????1542,?,?梢暑瘥?04-24618112#732,??????
3550,?箔葉撣?鈭?,樴???蝳銵?8??120.548065,24.189607,樴?蝷曉?瘣餃?銝剖?,樴???30,"瘞渡,瘚瑕",??皜?04-26350514,??????
3551,?箔葉撣?撅臬?,?曉????像頝臭?畾?2??120.686684,24.190797,?曄姘??撠飛嚗?蝡孵??暸?璅銝恕嚗??曉撥????蝡寥??像蝳?,643,"瘞渡,?,?瘚?,????04-22447043731,??????
3552,?箔葉撣?撅臬?,隞???撏噸頝臭?畾?68??120.686684,24.190797,隞???撠飛嚗銝恕?暑?葉敹??湛?,?曉撥??瘞???????蝢?,2421,"瘞渡,?,?瘚?,?唾璉?04-24211136,??????
3553,?箔葉撣?Ｗ?,?嗥????勗??嗥??蝳?75??120.8438,24.191,?箔葉撣?Ｗ??嗥??冗?瘣餃?銝剖??嗅??????嗥???50,"瘞渡,?,?瘚?,????04-25852900,??????
3554,?箔葉撣?鈭?,蝡孵???閫?楝9??120.544059,24.192285,樴??葉?,?唬葉??100,"瘞渡,瘚瑕",撘菜皝?04-26353344,??????
3555,?箔葉撣?鈭?,樴???瘝頝臬?畾?47??120.545584,24.19268,樴???祆?蝳桀?,樴??銝剝?,80,"瘞渡,瘚瑕",瘣芰?撜?04-26352411,??????
3556,?箔葉撣蝷曉?,?????儔銵?19??120.813491,24.192772,????嚗?摮詨?銵憭扳?嚗?????100,"瘞渡,?,?瘚?,????04-25813437#103,??????
3557,?箔葉撣?撅臬?,?旨????頝?99??120.677436,24.193528,?撐??瘞葉摮賂?瘣餃?銝剖????湛?,????????瘞???蝢???璁桅?,910,"瘞渡,?,?瘚?,撱???04-24210380,??????
3558,?箔葉撣正撅臬?,瘞詨????孕銵???120.609081,24.193578,????嚗憭扳?瘣餃?銝剖????湛?,瘞詨???????1509,"瘞渡,?",?曉?敹?04-24621681#730,??????
3559,?箔葉撣?撅臬?,?旨???啗?頝?0??120.662753,24.195039,?啗???撠飛嚗旨???湛?,?啣像??摨???????璁桅?,773,"瘞渡,?,?瘚?,擃???04-24258514#730,??????
3560,?箔葉撣?撅臬?,隞?????頝?10??120.662753,24.195039,?撐??瘞?摮賂??嚗??旨??瘞???摨???撟喲?????,1209,"瘞渡,?,?瘚?,?偌皞?04-24227046#730,??????
3561,?箔葉撣?鈭?,樴???樴????啗楝162??120.547464,24.195841,樴????,樴???100,"瘞渡,瘚瑕",瘝蔔蝧?04-26353340,??????
3562,?箔葉撣?撅臬?,隞???16?啗?璅?銵?8??120.680523,24.196262,??????隞???璁桅??臬?瘣餃?銝剖?摰文?恕憭?????????蝢???璁桅?,1250,"瘞渡,?,?瘚?,????04-24226353,??????
3563,?箔葉撣蔬摮?,?剖振??敺?銵?85??120.696224,24.197026,?剖振??-憭??賣?摰?摰嗥??振??160,"瘞渡,?",?喳??,04-25325532,??????
3564,?箔葉撣正撅臬?,皜臬偏???唬葉頝臭?畾?68??120.648858,24.197845,瘜啣???嚗?????湛?,皜臬偏?誨蝳?1944,"瘞渡,?",蝧???04-27017045#730,??????
3565,?箔葉撣蔬摮?,?剖振??蝎曉??啣?101??120.699067,24.197913,?剖振???剖振?梢?瘣餃?銝剖?,?剖振?摰嗆??120,"瘞渡,?",暺???25343219,??????
3566,?箔葉撣?鈭?,樴???銝剔冗頝臭?銵?銵?120.562822,24.198537,??瘞渲ㄐ蝷曉??樴???200,"瘞渡,瘚瑕",?祉恣蝘?04-22289111,??????
3567,?箔葉撣?鈭?,暻偌??銝葛頝???120.500933,24.198733,樴葛???,暻偌???圈?,100,?,?梯??04-26395586,??????
3568,?箔葉撣?撅臬?,憭批????扈?憭批??撅梯楝鈭挾112??120.7607,24.1988,憭批???1.2璅?摰扎????勗控?之??敺?625,"瘞渡,?瘚?,雓陌??04-22390748,??????
3569,?箔葉撣?鈭?,暻偌??瘞渲ㄐ皜臬毽16銋???120.498444,24.200778,瘞渲ㄐ皜舀??尹,蝳??20,"瘞渡,?",?喟?皜?04-26352411,??????
3570,?箔葉撣?鈭?,樴揖??銝剖亢頝?畾?65撌?0??120.521677,24.201067,樴揖???????摮詨之璅?樴揖??150,"瘞渡,?,瘚瑕",璆?蝔?04-26393394,??????
3571,?箔葉撣蔬摮?,瞏剝??銝剖控頝臭?畾?37撌???120.703471,24.201197,瞏剝蝷曉?瘣餃?銝剖?,瞏剝????隞?200,"瘞渡,?",撘萇?瞍?04-25363891,??????
3572,?箔葉撣?鈭?,暻偌??樴葛頝?49撌???120.5011,24.2022,暻偌蝷曉?瘣餃?銝剖?,暻偌??60,"瘞渡,?",甇?蝢?04-26397057,??????
3573,?箔葉撣?Ｗ?,?嗆???嗆銵??撌???120.8422,24.2023,?箔葉撣?Ｗ??嗆蝷曉?瘣餃?銝剖?,?嗆,28,"瘞渡,?瘚?,蝢??04-25854331,??????
3574,?箔葉撣蔬摮?,蝳???銝剖控頝臭?畾?1??120.70371,24.202497,????-擃擗??剖振?振蝳?350,"瘞渡,?",璇???04-25324740,??????
3575,?箔葉撣蔬摮?,????瞏剛?頝臭?畾?5??120.725525,24.203989,?啗???-撠??恕,?????50,"瘞渡,?",?∠砟??04-25364571,??????
3576,?箔葉撣?鈭?,銝噸??銝葛頝?30??120.521049,24.204522,樴揖?葉?,銝噸??150,"瘞渡,?,瘚瑕",暺?鞈?04-26304536,??????
3577,?箔葉撣?Ｗ?,?嗆???梢?頝臭?畾?90??120.8397,24.2054,?箔葉撣?Ｗ??梯?葉?恕,?嗆,1100,"瘞渡,?瘚?,?寧???04-25853219#402,??????
3578,?箔葉撣蝷曉?,?梯????冗銵?畾萄??∪毽13??120.820101,24.206154,?梯???嚗?璅玨?扳?摰歹?,?梯???100,"瘞渡,?,?瘚?,?冽??04-25811467,??????
3579,?箔葉撣?Ｗ?,?嗆???梢?頝臭?畾?00??120.839784,24.208311,?箔葉撣?Ｗ?????,?嗆????,1200,"瘞渡,?",撘菟??0425852040-103,??????
3580,?箔葉撣蔬摮?,瞏剝??瞏剛?頝臭?畾?19撌???120.70836,24.210191,瞏剖??葉-瘣餃?銝剖?,瞏剝??隞蔬??230,"瘞渡,?,?瘚?,?券???04-25376192-302,??????
3581,??蝮????,璁株???蝣抒?撌?7??121.300253,24.210441,璁株??齒?祈?,璁株???40,"瘞渡,?瘚?瘚瑕",?喳?撖?04-25991119,??????
3582,?箔葉撣蔬摮?,?????頝?38??120.700706,24.21106,瞏剖?????砍?,?砍?16??2500,?,?望迤蝢?972674820,??????
3583,?箔葉撣之??,銝???樴?鈭?,120.665252,24.211845,?箔葉撣之??銝??砍?,鈭?????敺瑯正撖?1580,?,撘菜???04-25663316#321,??????
3584,?箔葉撣之??,?⊥???銝剜?頝臭?畾?2??120.6499,24.2128,?箔葉撣之??憭扳???瘣餃?銝剖?,?⊥?,1191,"瘞渡,?,?瘚?,????04-25651300 #832,??????
3585,?箔葉撣蔬摮?,瞏剝??瞏剝頝?9??120.710128,24.213042,瞏剝??-璆剖璅?瞏剝??隞?160,"瘞渡,?,?瘚?,????04-25382255-806,??????
3586,?箔葉撣???,銝???鞊??銝??正?Ｚ楝410??120.5581,24.2131,????,銝??葉?冗??100,"瘞渡,?",??皞?04-25323241#103,??????
3587,?箔葉撣蔬摮?,瞏剖???瞏剖?銵?畾萄撱喳毽18??120.7089,24.2141,瞏剖?蝷曉?瘣餃?銝剖?,瞏剖??蔬蝘,63,瘞渡,????25365074,??????
3588,?箔葉撣?鈭?,撅梯??樴控銵?8??120.549368,24.214287,撅梯蝷曉?瘣餃?銝剖?,撅梯??30,"瘞渡,瘚瑕",雓??04-26355115,??????
3589,?箔葉撣蔬摮?,?勗窄???蔬頝臭?畾???120.67952,24.214805,?勗窄??-蝬??恕,?勗窄?之撖?110,"瘞渡,?",????04-25324564-732,??????
3590,?箔葉撣?鈭?,敹???瘚瑕偏頝?5撌?3??120.524048,24.21486,敹?蝷曉?瘣餃?銝剖?,敹???35,"瘞渡,?,瘚瑕",?瘚?04-26391692,??????
3591,?箔葉撣蔬摮?,?啁??鞊?頝臭?畾?12??120.723225,24.214974,?啁蝷曉?瘣餃?銝剖?,?啁????150,"瘞渡,?",????910435207,??????
3592,?箔葉撣蔬摮?,瞏剔????蔬頝臭?畾?9撌?0??120.703871,24.215286,瞏剔?蝷曉?瘣餃?銝剖?,瞏剔?????100,"瘞渡,?",????04-25325946,??????
3593,?箔葉撣蔬摮?,瞏剔???銝剖控頝臭?畾?35??120.705361,24.215893,瞏剖???-?摰?瞏剔??之鞊?150,"瘞渡,?,?瘚?,?∪??04-25324610-243,??????
3594,?箔葉撣?鈭?,敹???銝剖亢頝?畾?06??120.526677,24.215956,樴絲???,敹???100,"?,瘚瑕",?⊿?陸,04-26393334,??????
3595,?箔葉撣之??,?噸???頝臭?畾???120.6496,24.2161,?箔葉撣?憭扯?葉?唬?摰??噸,560,"瘞渡,?,?瘚?,雿??,04-25688251#118,??????
3596,?箔葉撣之??,镼踹窄???蔬頝?畾?00??120.668,24.2161,?箔葉撣之??镼踹窄蝷曉?瘣餃?銝剖?,镼踹窄,60,"瘞渡,?,?瘚?,??敶?04-25661148,??????
3597,?箔葉撣蔬摮?,?????蔬頝臭?畾?75??120.699522,24.216172,瞏剔??葉-擃擗????撖嗚之鞊?220,"瘞渡,?",瘙芣絲撌?04-25343542-311,??????
3598,?箔葉撣?暽踹?,?剛楝??瘝嘀??剛楝???質楝376??120.571552,24.216935,?箔葉撣??Ｗ?撠旨??????124,"瘞渡,?,?瘚?瘚瑕",?蔔??04-26315032#751,??????
3599,?箔葉撣?暽踹?,???????質楝458??120.567801,24.217386,?蝷曉?瘣餃?銝剖?,???50,"瘞渡,?,?瘚?瘚瑕",??璇?921761539,??????
3600,?箔葉撣???,銝剝??鞊??銝剝???質楝440??120.5677,24.2187,???,銝剝?????300,"瘞渡,?",?唳???04-25222521705,??????
3601,?箔葉撣?Ｗ?,銝???銝?銵?70撌?6??120.84,24.2188,?箔葉撣?Ｗ?銝?蝷曉?瘣餃?銝剖?,銝???46,"瘞渡,?,?瘚?,撘萇???04-25853520,??????
3602,?箔葉撣蝷曉?,瘞豢???銝剖?銵?畾???120.792343,24.218895,擐砍??冗?瘣餃?銝剖?,瘞豢???50,"瘞渡,?,?瘚?,敺?鈭,926620597,??????
3603,?箔葉撣之??,????銝剖控?楝235??120.6461,24.2195,?箔葉撣之???????唬?摰?璈怠控????1700,"瘞渡,?,?瘚?,?敶?04-25678823#713,??????
3604,?箔葉撣之??,銝????乩滬鈭?銝??120.6667,24.2199,?箔葉撣之??銝???擃擗?銝??正撖?1464,"瘞渡,?,?瘚?,????04-25664494#604,??????
3605,?箔葉撣?Ｗ?,銝?????銵?36??120.836657,24.219995,?箔葉撣?Ｗ?銝?蝷曉?瘣餃?銝剖?,銝???50,"瘞渡,?,?瘚?,??摰?25852877,??????
3606,?箔葉撣之??,蝘撅梢?,蝘撅梯楝365??120.632,24.2213,?箔葉撣之???賣???1璅?摰?蝘撅晞帖撅?944,"瘞渡,?,?瘚?,??隤?04-25661554#114,??????
3607,?箔葉撣?Ｗ?,銝????梢?頝?67撌?0??120.8394,24.2213,?箔葉撣?Ｗ??唳???蝳桀?,銝?????蝳?800,"瘞渡,?,?瘚?,暺?璅?04-25853447#14,??????
3608,?箔葉撣?暽踹?,?剛楝???剛楝???Ｘ頝?67??120.578484,24.221573,?剛楝蝷曉?瘣餃?銝剖?,?剛楝??126,"瘞渡,?,?瘚?瘚瑕",蝝??,04-26351092,??????
3609,?箔葉撣之??,鈭???摮詨?頝?30??120.6503,24.2222,?箔葉撣之??憭折???擃擗?憭折?????950,"瘞渡,?,?瘚?,?踵旨,04-25688981#1008,??????
3610,?箔葉撣?暽踹?,????????甇西楝35撌?3??120.580577,24.222652,??蝷曉?瘣餃?銝剖?,????86,"瘞渡,?,?瘚?瘚瑕",璆?憟?04-26529646,??????
3611,?箔葉撣之??,憭折???摮詨?頝?80??120.6504,24.2241,?箔葉撣?憭折??葉擃擗?憭折?????820,"瘞渡,?,?瘚?,?黎??04-25672171#520,??????
3612,?箔葉撣?暽踹?,蝳???蝳???楝鈭挾299撌?6??120.567398,24.224608,蝳?蝷曉?瘣餃?銝剖?,蝳???95,"瘞渡,?,?瘚?瘚瑕",憿???04-26358301,??????
3613,?箔葉撣?暽踹?,??????楝?望?撌?5??120.571125,24.224819,?蝷曉?瘣餃?銝剖?,???76,"瘞渡,?,?瘚?瘚瑕",?喟皜?963491572,??????
3614,?箔葉撣?暽踹?,???瘝嘀????楝150??120.569209,24.225175,?箔葉撣??Ｗ?銝剔旨?????259,"瘞渡,?,?瘚?瘚瑕",瘙???04-26322236#730,??????
3615,?箔葉撣?暽踹?,????望?頝?50??120.569209,24.225175,???銝剖飛?,???451,"瘞渡,?,?瘚?瘚瑕",??頞?04-26322236731,??????
3616,?箔葉撣之??,????蟡??楝146撌???120.656843,24.225474,????????"????",190,"瘞渡,?",暺遣??256633156#316,??????
3617,?箔葉撣?暽踹?,??????瞏剛楝197??120.554569,24.22585,?蝷曉?瘣餃?銝剖?,???157,"瘞渡,?,?瘚?瘚瑕",?單??04-26355567,??????
3618,?箔葉撣???,????鞊???????楝465撌?8??璅?120.7299,24.2262,???暑?葉敹???,100,瘞渡,??皞??斗慰??04-25367874,??????
3619,?箔葉撣蝷曉?,憭批????葉銵?7??120.804693,24.226742,憭批???嚗???恕嚗?憭批???150,"瘞渡,?,?瘚?,撘菜???04-25811574??41,??????
3620,?箔葉撣之??,銝????頝臭?畾?71撌?9??120.6509,24.2281,?箔葉撣之??銝?蝷曉?瘣餃?銝剖?,銝?,50,"瘞渡,?,?瘚?,????04-25676420,??????
3621,?箔葉撣蝷曉?,敺拍????啁冗?敺拍???蝷曇?2畾?8-1??120.8122,24.2282,?箔葉撣蝷曉??祆?,?撖柴???,50,"瘞渡,?,?瘚?,敺???04-25811111,??????
3622,?箔葉撣之??,銝????頝臭?畾?01??120.6478,24.2289,?箔葉撣之???祆?,憭折??????120,"瘞渡,?,?瘚?,蝪∪振曈?04-25663316#339,??????
3623,?箔葉撣之??,蝘撅梢?,撟喳?銝頝?8銋???120.6334,24.229,?箔葉撣之??蝘撅梁冗?瘣餃?銝剖?,蝘撅晞帖撅?40,"瘞渡,?,?瘚?,暺???04-25664666,??????
3624,?箔葉撣蔬摮?,????蟡亙?頝?28??120.712113,24.229634,??蝷曉?瘣餃?銝剖?,????隞?100,"瘞渡,?",撘萄?摰?04-25365471,??????
3625,?箔葉撣╡璉脣?,瘞詨祐??銝剖亢頝臭?畾?160 ??120.53,24.23,瘞詨祐???,瘞詨祐?偶摰?200,?,??憡?04-26394234#731,??????
3626,?箔葉撣之??,蝘撅梢?,撟喳?頝?27??120.625985,24.230138,??銝剔?撖阡?擃?銝剖飛,"蝘撅梢?,敹儔??,267,?,瘨???04-25686850#1510,??????
3627,?箔葉撣蝷曉?,銝剛???銝剛?撊?9??120.809642,24.231226,銝剛?撊箏?頠,銝剛???300,?,敺玨??04-25811111,??????
3628,?箔葉撣蝷曉?,敺拍????冗銵?畾?6??120.809642,24.231226,敺拍??砍??嗅??冽??輸?嗅捆?湔?,敺拍?/?啁冗/?梯?/憭批?/?嗉正/??,300,?,敺???04-25811111,??????
3629,?箔葉撣之??,蝘撅梢?,撟喳?頝?38??120.6265,24.2314,?箔葉撣之??瘙???1~3璅?摰?敹儔??撅?1924,"瘞渡,?,?瘚?,瘙???04-25661454#705,??????
3630,?箔葉撣蝷曉?,敺拍????冗銵?畾?6??120.80745,24.232095,?啁冗??犖?熒瘣餃?銝剖?,敺拍???50,"瘞渡,?,?瘚?,敺玨??04-25811111,??????
3631,?箔葉撣???,?梢??鞊???梢??質楝306??120.7476,24.2329,?梢?暑?葉敹??梢,50,瘞渡,撘萄噸????瘝?04-25273283,??????
3632,?箔葉撣?暽踹?,?????桀?頝臭?畾?00??120.562858,24.23327,??蝷曉?瘣餃?銝剖?,????37,"瘞渡,?,?瘚?瘚瑕",?曉?獢?04-26627806,??????
3633,?箔葉撣?暽踹?,?????桀?頝臭?畾?00??120.562858,24.23327,??蝷曉?瘣餃?銝剖?,????38,"瘞渡,?,?瘚?瘚瑕",?喃???04-26621976,??????
3634,?箔葉撣之??,銝?????銵?06??120.667,24.2346,?箔葉撣之??憭扳?蝷曉?瘣餃?銝剖?,銝??之璆?50,"瘞渡,?,?瘚?,撘萄遣甈?04-25653731,??????
3635,?箔葉撣之??,銝?????銵?08??120.6668,24.2347,?箔葉撣之??銝?蝷曉?瘣餃?銝剖?鈭?銝??之璆?50,"瘞渡,?,?瘚?,???04-25663234,??????
3636,?箔葉撣?暽踹?,????格頝?6????120.566413,24.234753,?桃??砍?,瘣???95,"瘞渡,?,?瘚?瘚瑕",?迤??04-26634226,??????
3637,?箔葉撣?暽踹?,蝢???銝剜迤銵???120.563351,24.235208,瘝嘀??銝剖飛?,瘝嘀??363,"瘞渡,?,?瘚?瘚瑕",撱遣??04-26622163#735,??????
3638,?箔葉撣?暽踹?,蝢???瘝嘀?蝢??葉甇??1??120.563351,24.235208,?箔葉撣?暽踹?銝剔旨??瘝嘀??553,"瘞渡,?,?瘚?,??瘜?04-26622163#730,??????
3639,?箔葉撣之??,敹儔??隞?頝?9??120.622359,24.235343,?箔葉撣?雿?蝬???銝剖?,敹儔??72,?,?喟?憡?04-22289111#50118,??????
3640,?箔葉撣?暽踹?,蝢???蝢??葉甇??3??120.561571,24.235802,蝢?蝷曉?瘣餃?銝剖?,蝢???44,"瘞渡,?,?瘚?瘚瑕",??摰?04-26627678,??????
3641,?箔葉撣?暽踹?,撅???撅????8??120.561571,24.235802,撅?蝷曉?瘣餃?銝剖?,撅???74,"瘞渡,?,?瘚?瘚瑕",?蝧?04-26652678,??????
3642,?箔葉撣?暽踹?,蝢???瘝嘀?蝢??葉甇??3??120.561571,24.235802,?箔葉撣?暽踹?撠旨??瘣???315,"瘞渡,?,?瘚?瘚瑕",?∪?,04-26625014#111,??????
3643,?箔葉撣之??,銝???璆?銵?32??120.667,24.2361,?箔葉撣之??銝???摨?璅銝恕,銝??之璆?璆?1216,"瘞渡,?,?瘚?,??蝧?04-25663664#723,??????
3644,?箔葉撣???,鞊??鞊??鞊?敹楝2畾?90??120.722,24.237,鞊??,鞊?敹??500,"瘞渡,?",?喲暑鞈?04-25262891112,??????
3645,?箔葉撣?暽踹?,瘣???銝剜迤銵???120.561849,24.237054,??銵?啗????頠,瘣???709,"瘞渡,?,?瘚?瘚瑕",撘萄蝧?04-26625014617,??????
3646,?箔葉撣?Ｗ?,?????勗?頝航正?毽22??120.8503,24.2379,?箔葉撣?Ｗ??唾????恕,蝳?????400,瘞渡,????04-25873011#201,??????
3647,?箔葉撣之??,?剖窄???儔頝?5-2??120.6355,24.2381,?箔葉撣之???剖窄??1~3璅?摰??剖窄,900,"瘞渡,?,?瘚?,璇???04-25694858#232,??????
3648,?箔葉撣???,鞊??鞊??鞊?敹楝鈭挾272撌???120.7218,24.2381,鞊?暑?葉敹?,鞊????50,瘞渡,????鈭???04-25273282,??????
3649,?箔葉撣?暽踹?,蝡寞????箇憭折?銝挾821??120.567875,24.238543,?箔葉撣姘??撠旨??????73,"瘞渡,?,?瘚?瘚瑕",鞈湔?皞?04-26620175#751,??????
3650,?箔葉撣?暽踹?,蝡寞????箇憭折?銝挾821??120.567875,24.238543,蝡寞???撠飛?,????859,"瘞渡,?,?瘚?瘚瑕",?遣??04-26620175#751,??????
3651,?箔葉撣?撗∪?,銝???蟡瓷?銝???蝷曇楝195??120.6895,24.2386,銝?蝷曉?瘣餃?銝剖?,銝?,45,"瘞渡,?",???04-25627716,??????
3652,?箔葉撣???,?啣???鞊???啣?????151??120.7169,24.2394,鞊??葉,?啣?.鞊,1000,"瘞渡,?",?斤???04-25280185130,??????
3653,?箔葉撣???,鞊??鞊??鞊?偶摨瑁楝346撌?3??120.7213,24.2402,鞊瘣餃?銝剖???鞊,50,瘞渡,????鈭???04-25273282,??????
3654,?箔葉撣蝷曉?,撏控??撏?撌?-2??120.787761,24.241082,撏控??,撏控??100,"瘞渡,?,?瘚?,蝝瘛,04-25812496,??????
3655,?箔葉撣???,???鞊????偶摨瑁楝181撌???120.7261,24.2412,??暑?葉敹??,100,瘞渡,璆???瘣芾甈?04-25290359,??????
3656,?箔葉撣?暽踹?,皜???皜??瘚瑁楝2-11??120.61464,24.241539,皜?蝷曉?瘣餃?銝剖?,皜???88,"瘞渡,?,?瘚?瘚瑕",?∪?甈?04-26151920,??????
3657,?箔葉撣╡璉脣?,????瘞?銵?2??120.5492,24.2418,璇扳ㄡ?葉瘣餃?銝剖?,??,300,"瘞渡,?,?瘚?,??憍?04-26562850,??????
3658,?箔葉撣???,?啣???鞊???啣????輯楝2??120.7182,24.2419,鞊???祆?,?典?,200,"瘞渡,?",?遣??04-25222106,??????
3659,?箔葉撣╡璉脣?,?像??璇扳ㄡ??像?╡?楝 50 ??120.5238,24.2421,璇批???3璅??賣?摰??像,100,,?憍?04-26567968#730,??????
3660,?箔葉撣?Ｗ?,?啁????梢?頝臬畾?328??120.8338,24.2422,?勗擃極摮貊?瘣餃?銝剖?,?啁?????2200,"瘞渡,?,?瘚?,????04-25872136-502,??????
3661,?箔葉撣蝷曉?,?啁冗???冗銵?畾萎?撌???120.808355,24.242245,?啁冗??嚗暑?葉敹?,?啁冗?葉甇??,150,"瘞渡,?,?瘚?,?∪膜鈭?04-25811204#101,??????
3662,?箔葉撣???,?啣???鞊???啣????輯楝1??120.7186,24.2424,?啣??暑?葉敹??啣?,50,瘞渡,雓蝬???摰?04-25293100,??????
3663,?箔葉撣╡璉脣?,?像???芸撥鈭?61??120.5225,24.2429,?像?暑?葉敹??像,120,"瘞渡,?,?瘚?,??蟡?04-26391870,??????
3664,?箔葉撣╡璉脣?,憭扳?????頝?43??120.5423,24.2431,憭批噸??憸券?,?噙,300,"瘞渡,?,?瘚?,??敶?04-26568928#241,??????
3665,?箔葉撣?暽踹?,暽踹祚??暽踹祚?郭蝢抵?162??120.566755,24.243106,暽踹祚蝷曉?瘣餃?銝剖?,暽踹祚??77,"瘞渡,?,?瘚?瘚瑕",?臬???04-26688320,??????
3666,?箔葉撣?暽踹?,?祆???瘝嘀??祆???鞎楝213??120.609713,24.243158,?箔葉撣??撠旨???祆???75,"瘞渡,?,?瘚?瘚瑕",?∪?雿?04-26150963#731,??????
3667,?箔葉撣?暽踹?,?祆???敹?頝?13??120.609713,24.243158,?祆???撠飛?,?祆???1744,"瘞渡,?,?瘚?瘚瑕",?∪?雿?04-26150963#731,??????
3668,?箔葉撣?Ｗ?,?啁????啁?銵?42??120.8307,24.2434,?箔葉撣?Ｗ??啁????恕,?啁?,1200,"瘞渡,?,?瘚?,?喟?憡?04-25876642#203,??????
3669,?箔葉撣?暽踹?,???瘝嘀?暽踹祚???航楝378撌???120.56675,24.243804,暽輸陷?砍?,蝡寞???20,"瘞渡,?,?瘚?瘚瑕",?迤??04-26634226,??????
3670,?箔葉撣?暽踹?,暽踹祚??瘝嘀?暽踹祚???航楝385??120.56675,24.243804,?箔葉撣嘀撖桀?銝剔旨??蝡寞???151,"?,?瘚?瘚瑕",??蝢?04-26622207#61,??????
3671,?箔葉撣?暽踹?,暽踹祚???頝?85??120.56675,24.243804,暽踹祚??銝剖飛?,蝡寞???826,"瘞渡,?,?瘚?,??蝢?04-26622207#61,??????
3672,?箔葉撣╡璉脣?,憭扳???璇扳ㄡ?憭扳????楝350??120.5435,24.2444,?箔葉皜臬?蝬?擃擗?憭批??之??400,"瘞渡,?,?瘚?,?函??04-26578439,??????
3673,?箔葉撣╡璉脣?,憭扳???璇扳ㄡ?憭扳????楝400??120.5422,24.2448,銝剜葛擃葉?唬?銝璅?霅唳?摰?憭扳???颲?300,"瘞渡,?,?瘚?,撱?蝧?04-26578270#520.521,??????
3674,?箔葉撣?暽踹?,?祆????祆??葉皜楝靽∠儔撌?-17??120.607933,24.245645,?祆?蝷曉?瘣餃?銝剖?,?祆???90,"瘞渡,?,?瘚?瘚瑕",?⊥偌??04-26151578,??????
3675,?箔葉撣?撗∪?,蝷曉???蝷曉?銵?36??120.6847,24.2457,蝷曉??璅黎璅?蝷曉?冗??閫?955,"瘞渡,?",????04-25626834#730,??????
3676,?箔葉撣???,镼踹??鞊??镼踹???啣?頝臭???,120.7129,24.246,鞊?擃?,镼踹.?勗.銝剛?.?啣?,860,"瘞渡,?",擳蟡乓?梁,04-25283556#241??43,??????
3677,?箔葉撣╡璉脣?,憭批???璇扳ㄡ?憭批????航?168撌???120.5426,24.2463,憭批?蝷曉?瘣餃?銝剖?,憭批?,100,"瘞渡,?,?瘚?,?單??04-26567430,??????
3678,?箔葉撣?暽踹?,?祆???銝剜?頝?畾?67??120.607534,24.246551,?祆???銝剖飛?恕,镼踹??110,"瘞渡,?,?瘚?瘚瑕",?單???04-26154262#235,??????
3679,?箔葉撣?暽踹?,?祆???銝剜?頝?畾?67??120.607534,24.246551,?箔葉撣??銝剔旨??镼踹??111,"瘞渡,?,?瘚?瘚瑕",?剜???04-26154262#231,??????
3680,?箔葉撣?暽踹?,?祆???銝剜?頝?畾?67??120.607534,24.246551,?箔葉撣??銝剜???镼踹??588,"瘞渡,?,?瘚?瘚瑕",?單???04-26154262#235,??????
3681,?箔葉撣???,???鞊??????梯楝118撌?8??120.7304,24.2473,??暑?葉敹??,50,瘞渡,??瘞??喳窄??04-25273278,??????
3682,?箔葉撣???,???鞊??????梯楝銝?鈭?,120.729,24.2474,鞊?葉,?.銝剝,700,"瘞渡,?",撘菟暑???派??04-25221743230,??????
3683,?箔葉撣???,???鞊??????質楝蝬控撌?3??120.7234,24.2481,蝳??,?????100,"瘞渡,?",蝝蝣扳,04-25291101630,??????
3684,?箔葉撣???,镼踹???鞊??镼踹??正摰?銝?鈭?,120.7117,24.2493,????,镼踹?.镼踹,1000,"瘞渡,?",撘菟???04-25262064,??????
3685,?箔葉撣???,蝷曄??鞊??銝剜迤頝?83??120.7055,24.2497,?貉?蝚砌??啣??舀??刻???,蝷曄??镼踹??115,瘞渡,撘菜偌皞?暺???425156702,??????
3686,?箔葉撣???,镼踹???鞊??镼踹??正摰?72-2??120.7134,24.2497,镼踹??暑?葉敹?镼踹?,100,瘞渡,蝢旨???斗慰??04-25273279,??????
3687,?箔葉撣?撗∪?,撗貉ㄐ??蟡瓷?撗貉ㄐ?葉撅梯楝 52 ??120.6975,24.2498,撗貉ㄐ??摮貊?瘣餃?銝剖?,憭抒冗?硫鋆?188,"瘞渡,?",撘萇??04-25222215#830,??????
3688,?箔葉撣?Ｗ?,瘜唳????勗?頝?畾?15??120.8324,24.2503,?箔葉撣??勗?葉?恕,銝剖??陸??800,"瘞渡,?,?瘚?,?勗??04-25873843228,??????
3689,?箔葉撣╡璉脣?,蝳噸??璇扳ㄡ?蝳噸?葉憭株楝鈭挾15??120.5387,24.2504,銝剜迤??瘣餃?銝剖?,?陛??敺?250,"瘞渡,?,瘚瑕",撘萄璉?04-26560844#412,??????
3690,?箔葉撣?Ｗ?,撱?????勗?撱???葉?啗?157??120.8313,24.2517,?箔葉撣?Ｗ?瘜啣?摰?銝?誨??20,"瘞渡,?,?瘚?,撱換??04-25771266,??????
3691,?箔葉撣???,?筒??鞊???筒?偌皞楝9撌?33??120.7426,24.2519,?筒?暑?葉敹??筒,50,瘞渡,撘菟?皞???蝛?04-25130778,??????
3692,?箔葉撣???,銝剝??鞊??銝剝???質?116??120.725,24.2521,銝剝?暑?葉敹?銝剝,100,瘞渡,暺??璇???04-25273284,??????
3693,?箔葉撣???,鞊正??鞊??鞊正?葉撅梯楝455??120.7133,24.2524,撖??,鞊正???乓??銵?1000,"瘞渡,?",??撘?04-25222542731,??????
3694,?箔葉撣╡璉脣?,憭扳???璇扳ㄡ?憭扳?????100??120.5328,24.2525,銝剜葛??閬?恕,憭扳?,100,"瘞渡,?,?瘚?,?單皞?04-26655929#273,??????
3695,?箔葉撣?Ｗ?,瘜唳???銝剜陸銵?8??120.8351,24.253,?箔葉撣?銝剖控???恕,瘜唳??,500,"瘞渡,?,?瘚?,霅?,04-25872471-12,??????
3696,?箔葉撣???,鞊????頝?20??120.7085,24.2537,鞊?暑?葉敹,鞊.蝷曄.?喳祚.鞊正,100,瘞渡,?剜???閮曹???04-25206740,??????
3697,?箔葉撣╡璉脣?,銝剜迤???脤?銵?120.5326,24.2545,?犖?砍?,銝剜迤??100,?,???04-26564311#154,??????
3698,?箔葉撣?撗∪?,摨???蟡瓷?摨????楝35??120.6605,24.2545,摨??暑?葉敹?摨?,41,"瘞渡,?",撘菟甇?04-25622888,??????
3699,?箔葉撣?Ｗ?,撱嗅像???祈?40??120.8285,24.255,?箔葉撣?Ｗ?撱嗅像蝷曉?瘣餃?銝剖?,撱嗅像,50,"瘞渡,?,?瘚?,?單?樴?04-25886293,??????
3700,?箔葉撣???,鞊旨??鞊??鞊旨???頝?55??120.7202,24.2551,鈭??臬?瘣餃?銝剖?,鞊?.鞊旨.??.銝?.銝剖控,200,瘞渡,瘣芰??5雿????勗云??04-25204086,??????
3701,?箔葉撣╡璉脣?,銝剜迤??銝剖?銵?6??120.5317,24.2552,璇扳ㄡ??祆???蝳桀?,銝剖???80,"瘞渡,?,?瘚?,???04-26564311,??????
3702,?箔葉撣???,????鞊?????偌皞楝銝?銝??120.7367,24.2553,鞊???,??.?,300,"瘞渡,?",撘菜黎??04-25222468704,??????
3703,?箔葉撣???,鞊旨??鞊??鞊旨???頝臭?鈭???120.7211,24.2554,鞊???,鞊旨.鞊?.蝧?,330,"瘞渡,?",撘菔??04-25222066714,??????
3704,?箔葉撣?暽踹?,暽踹陸??瘝嘀?暽踹陸??瘝唾楝209??120.570016,24.255608,?箔葉撣嘀撜啣?撠旨??暽踹陸??363,"?,?瘚?瘚瑕",??瘥?04-26224210#621,??????
3705,?箔葉撣?暽踹?,暽踹陸???眾頝?09??120.570016,24.255608,暽踹陸??撠飛?,暽踹陸??810,"瘞渡,?,?瘚?瘚瑕",??瘥?04-26224210#621,??????
3706,?箔葉撣?Ｗ?,?勗???銝剜迤頝舀?Ｗ匱????120.825098,24.256186,?勗?攳?隡臬?砍?,?勗???1700,"瘞渡,?,?瘚?,撘菟??04-25872106,??????
3707,?箔葉撣???,????鞊???????唳頝?18??120.7299,24.2566,???暑?葉敹???,100,瘞渡,雓?敹??單鳩??04-25132523,??????
3708,?箔葉撣?Ｗ?,?像???箏蝺絲暺憭抒皞芣?,120.824255,24.256973,憭抒皞芣眾瞈勗???典?,34000,?,撘菟??04-25872106,??????
3709,?箔葉撣撗∪?,樴????喳瓷?樴??隞?3??120.7898,24.257,樴?瘣餃?銝剖?,樴?,60,瘞渡,暺?璅?04-25815460,??????
3710,?箔葉撣?撗∪?,????蟡瓷????葉撅梯楝1244??120.6683,24.2574,??蝷曉?瘣餃?銝剖?,????敺?48,"瘞渡,?",?鞊?04-25621236,??????
3711,?箔葉撣???,蝧???鞊??蝧??隞?125??120.7259,24.2576,蝧??暑?葉敹?蝧?,100,,擃????砌???04-25220938,??????
3712,?箔葉撣?Ｗ?,撱????銝剖控頝???120.831861,24.25762,?勗摰Ｗ振????,撱????1300,"瘞渡,?,?瘚?,撘菟,04-25888634,??????
3713,?箔葉撣???,?喳祚??鞊???喳祚???啣?頝臭?畾?25??120.7186,24.2577,?喳祚?暑?葉敹??喳祚.?像.憭扳像,100,瘞渡,?喳皝?閮曹???04-25245853,??????
3714,?箔葉撣?撗∪?,蟡瓷??蟡瓷?蟡瓷??撗∟楝30??120.6614,24.2579,蟡瓷??祆?,?典?,204,"瘞渡,?",暺???04-25620841,??????
3715,?箔葉撣╡璉脣?,銝剜迤??璇扳ㄡ?銝剜迤?皜航楝銝挾246??120.5289,24.258,璇扳ㄡ蝬?瘣餃?銝剖?,銝剜迤??撖?250,"瘞渡,?,?瘚?,??憟?04-26562339,??????
3716,?箔葉撣?Ｗ?,銝剖????勗?頝?畾?2撌?6??120.851671,24.258108,?箔葉撣?Ｗ?銝剔???,銝剖???700,"瘞渡,?,?瘚?,憿???0425872534-304,??????
3717,?箔葉撣???,憭扳像??鞊??憭扳像???啣?頝?畾?51??120.7193,24.2582,憭扳像?暑?葉敹?憭扳像,50,瘞渡,撘菟陶??暺?瘨?04-25246993,??????
3718,?箔葉撣?Ｗ?,撱????蝚砌?璈怨?1??120.8296,24.2586,?箔葉撣?Ｗ??勗??蝳桀?,撱??????2100,"瘞渡,?,?瘚?,撘萇憡?04-25873442??205,??????
3719,?箔葉撣╡璉脣?,?陛??璇扳ㄡ??陛?之隞楝銝畾?75撌?120.544147,24.258654,?陛?砍?,?陛,500,?,????04-26560005,??????
3720,?箔葉撣?撗∪?,蟡瓷??蟡瓷?蟡瓷???唾楝 1 ??120.6611,24.2589,蟡瓷??銝剜迤擃擗?蟡瓷?控??163,"瘞渡,?",??撅?04-25622406#730,??????
3721,?箔葉撣???,???鞊????偌皞楝192撌?0??,120.7419,24.2591,??暑?葉敹??,50,瘞渡,??????蝛?04-25221845,??????
3722,?箔葉撣撗∪?,?????喳瓷???????9??璅?120.8154,24.2591,?喳瓷???????,??,60,"瘞渡,?",雿陷鞎⊥?,04-25815868,??????
3723,?箔葉撣???,銝???鞊??銝????之??畾?09??120.7093,24.2598,銝??暑?葉敹?銝?,50,瘞渡,閮勗??蝢???04-25347069,??????
3724,?箔葉撣?Ｗ?,?望???梯頝?銋???120.8274,24.2604,?望???恕,?望???啜眶撖?300,"瘞渡,?,?瘚?,?喲蝡?04-25881083,??????
3725,?箔葉撣?暽踹?,镼踹??銝剛頝?畾???120.59561,24.260474,?祇尹??撠飛?,镼踹??470,"瘞渡,?,?瘚?瘚瑕",?∩嗾??04-26154353219,??????
3726,?箔葉撣╡璉脣?,?祚???祚?敺瑟頝?00??120.5326,24.2605,?祚蝷曉?瘣餃?銝剖?,?祚,150,"瘞渡,?,?瘚?,??瘞?04-26569450,??????
3727,?箔葉撣???,?像??鞊???像???啗楝72??120.7216,24.2608,?像?暑?葉敹??像,50,瘞渡,暺?鈭?暺?瘨?04-25255502,??????
3728,?箔葉撣???,镼踵像??鞊??镼踵像??◣銝銵?50??120.7143,24.2611,?怨?憓拙?撠?鞊??镼踴撖柴皝喋正皝?500,"瘞渡,?",瘨?甈?04-25205136732,??????
3729,?箔葉撣???,???鞊??????質楝33??120.745,24.262,鞊?葉,蝧冗??摮?200,"瘞渡,?",敺?敺?04-25203470551,??????
3730,?箔葉撣?撗∪?,鞊散??蟡瓷?鞊散??瘣脰楝482??120.704,24.2623,鞊散???恕,鞊散??瘣脯漯瘣?168,?,?縑隞?04-25223351#730,??????
3731,?箔葉撣撗∪?,敺瑁????喳瓷?敺瑁????Ｚ楝 134 ??120.8134,24.2627,蝷暹?蝳擗?敺瑁?,150,"瘞渡,?",????04-25822743,??????
3732,?箔葉撣???,蝧???鞊??蝧????Ｚ楝鈭挾290撌?2??120.7425,24.2629,蝧??暑?葉敹?蝧?,100,瘞渡,??蔔???砌???04-25132005,??????
3733,?箔葉撣?Ｗ?,?望???梁銵?23??120.8295,24.2634,?望?葉?恕,?望???啜眶撖?1300,"瘞渡,?,?瘚?,???04-25872684#51,??????
3734,?箔葉撣?瘞游?,?璁?,銝剖亢頝?3-12??120.5451,24.2639,?璁?撠旨???璁?70,瘞渡,????04-26562684#201,??????
3735,?箔葉撣撗∪?,?????喳瓷????噸?毽1銋???120.0892,24.2655,??瘣餃?銝剖?,??,40,"瘞渡,?",暺?璁?04-25818635,??????
3736,?箔葉撣?瘞游?,?祐???頝?25??120.5732,24.2668,皜偌??瘣餃?銝剖?,???葉??瘞氬?蝷整?撖?250,"瘞渡,?",撘萄???04-26222004#501,??????
3737,?箔葉撣?瘞游?,銝剔冗???格頝?01??120.5596,24.2683,皜偌??祆?,?冗.擃?鈭?.瘚瑟膨.銝剔冗.?冽???250,"瘞渡,瘚瑕",撘菜???04-26270151#601,??????
3738,?箔葉撣?瘞游?,镼輻冗??敿脣陸頝?50??120.563,24.2683,皜偌?葉摮貊?瘣餃?銝剖?---?孵噸璅?璈.?冗.镼輻冗??500,瘞渡,??,26262042#201,??????
3739,?箔葉撣???,镼踵像??鞊??镼踵像??鞊楝799撌?33撘???120.7177,24.2685,镼踵像?暑?葉敹?镼踵像,100,瘞渡,??僑? ????04-25206773,??????
3740,?箔葉撣?撟喳?,?芰???像??芰?撏楝鈭挾銝?撌?-31??120.8913,24.2686,銝??冗?瘣餃?銝剖?,?芰,130,"瘞渡,?",??霅?917656122,??????
3741,?箔葉撣?瘞游?,????皜偌銵???120.5783,24.269,皜偌??犖?熒瘣餃?銝剖?1璅???,50,瘞渡,??摰?04-26270151#269,??????
3742,?箔葉撣?瘞游?,敿脣陸??憭扯?頝?38-5??120.5791,24.2693,敿脣陸蝷曉?瘣餃?銝剖?,敿脣陸??擃?鈭?.瘚瑟膨??銝剔冗???冽???40,瘞渡,??摰?04-26270151#274,??????
3743,?箔葉撣?瘞游?,?喳????喳?頝?5??120.6047,24.2696,?喳????唬?摰? 璅??喳?,15,"瘞渡,?",?⊥郎??04-26200864#205,??????
3744,?箔葉撣???,?望像??鞊???望像??鞊楝742撌?46撘?4??120.7265,24.2704,?望像?暑?葉敹??望像,100,瘞渡,????????04-25250968,??????
3745,?箔葉撣撗∪?,?????喳瓷????撗∟?銝?撌?53??120.7735,24.2708,??瘣餃?銝剖?,??,100,瘞渡,撘萎???04-25724116,??????
3746,?箔葉撣?瘞游?,镼輻冗??撱箏?頝?0??120.5629,24.2712,撱箏????飛銵憭扳??唬?摰??冗.銝剔冗??200,"瘞渡,瘚瑕",擃???04-26262334#730,??????
3747,?箔葉撣?瘞游?,甇阡嘀??甇行?頝?36??120.5729,24.2718,憭抒???--??蝳桀????賣??唬?摰?璅?甇阡嘀??瘞氬瘙?170,"瘞渡,瘚瑕",?犖蝬?04-26263754#216,??????
3748,?箔葉撣?瘞游?,敿脣陸????頝?5??120.5789,24.2722,皜偌蝝恍撌??之璅?敿脣陸,300,瘞渡,?喳???04-26225500,??????
3749,?箔葉撣?撗∪?,?喳??蟡瓷??喳??瘞楝639??120.6587,24.2725,?喳??摮貊?瘣餃?銝剖?,?喳???萸摨?209,"瘞渡,?",蝝蝣抒?,04-25623734#217,??????
3750,?箔葉撣撗∪?,璇????喳瓷?璇???摮毽65銋?2??120.7996,24.2733,璇?瘣餃?銝剖?,璇?,60,瘞渡,?剖???04-25817571,??????
3751,?箔葉撣???,?游???鞊???游????Ｚ楝鈭挾535撌?19??120.7484,24.2736,?游??暑?葉敹??游?,50,瘞渡,?勗噸??????04-25273274,??????
3752,??蝮??瘝,憭扳???憭扳??撅?2??118.271,24.274,???桀之瘣?颲血????蝮??瘝憭扳???30,"瘞渡,?,?瘚?,?單?瘜?082-335089,??????
3753,?箔葉撣撗∪?,銋???喳瓷?銋???Ｚ楝1033??120.7803,24.2748,?喳瓷??祆?,銋,60,瘞渡,?∠?蝬?04-25722511#237,??????
3754,?箔葉撣撗∪?,?祈????喳瓷??祈??憓抵?105??120.791,24.2753,?祈?瘣餃?銝剖?,?祈?,60,瘞渡,?健瞉?04-25815305,??????
3755,?箔葉撣撗∪?,銋??鞊頝?033??120.7803,24.2758,HHH,銋??50,,K1,04-5555555555,??????
3756,?箔葉撣?瘞游?,镼踹祐??鈭??梯楝50??120.5754,24.276,镼踹祐??瘣餃?銝剖?,镼踹祐.?祐.璈.??.銝像??600,瘞渡,????04-26222430#730,??????
3757,?箔葉撣撗∪?,?砍????喳瓷??砍??撗∟?6??璅?120.7776,24.276,?砍?瘣餃?銝剖?,?砍?,20,瘞渡,????04-25721996,??????
3758,?箔葉撣撗∪?,?喳瓷???喳瓷??喳瓷?撗∟?123??120.7733,24.2761,?喳瓷??蝐????喳瓷,100,瘞渡,?豢偶??04-25721730,??????
3759,?箔葉撣?瘞游?,?勗控??蟡?頝?-1??120.6344,24.2763,?勗控???飛憭扳??唬?摰?瘚琿◢?撅?70,瘞渡,??擏?04-26200517#215,??????
3760,?箔葉撣?瘞游?,甇阡嘀??銝剖亢頝?1-60??120.5537,24.2764,皜絲?葉--撘噸璅銝恕,瘚瑟膨?郎暽?250,"瘞渡,瘚瑕",?摰?04-26271902#240,??????
3761,?箔葉撣撜啣?,撜啗健??撜啗健頝?96??120.4318,24.279,撜啗健?????恕,撜啗健,900,"瘞渡,?,?瘚?,?喃?蝛?瘣芾??04-23399271,??????
3762,??蝮??瘝,雿???雿????55-3??118.24,24.282,???桐???颲血????蝮??瘝雿???80,"瘞渡,?,?瘚?瘚瑕",?喲?敺?082-351872,??????
3763,??蝮??瘝,銝控??銝控?╡撅?8-1??118.245,24.282,???桐?撅梢?颲血????蝮??瘝銝控??30,"瘞渡,?,?瘚?,?唾???082-351840,??????
3764,??蝮??瘝,瘚血控??瘚血控?策??-3??118.232,24.284,???格策撅梢?颲血????蝮??瘝瘚血控??30,"瘞渡,?,?瘚?,?典振??082-352848,??????
3765,??蝮??瘝,???????蝧?6-5??118.253,24.284,???桀???颲血????蝮??瘝????80,"瘞渡,?,?瘚?,蝧?瘝?082-353833,??????
3766,?箔葉撣?Ｗ?,?????喳?銵?82撌?6??120.7925,24.286,?喳????恕,???陸??900,"瘞渡,?瘚?,??敶?04-25873152#703,??????
3767,?箔葉撣?瘞游?,?啣祚??銝頝???120.5811,24.2899,"銝??蝳桀?1,2璅?,?啣祚.璈.銝像.鋆?.??.????400,"瘞渡,?,瘚瑕",璇踹?,04-26262400#731,??????
3768,?箔葉撣?撟喳?,?芰???像??芰?撏楝鈭挾71-5??120.9085,24.2907,??蝷曉?瘣餃?銝剖?,?芰,110,"瘞渡,?",?蝢?923389079,??????
3769,??蝮??瘝,瘙嗆???瘙嗆???銝剛楝1-1??118.245,24.291,???格捷瘝?颲血????蝮??瘝瘙嗆???30,"瘞渡,?,?瘚?,撘萇?,082-352556,??????
3770,?箔葉撣?瘞游?,璆???敿脫絲頝?25??120.6101,24.2923,憭扳???A璉銝恕,璆?,50,瘞渡,憿???04-26200634,??????
3771,?箔葉撣???,?冗???冗頝?3??120.7014,24.2949,?冗蝷曉?瘣餃?銝剖?,?冗,200,"瘞渡,?,?瘚?瘚瑕",?喲暑瘣?0931-666782,??????
3772,?箔葉撣???,撱????撖箏控頝?21??120.7355,24.2957,??銝?撏??,撱?????◣??1673,"瘞渡,?,?瘚?瘚瑕",蝧皜?04-25570089,??????
3773,?箔葉撣???,憓拙?????頝?03撌?-8??120.7149,24.2964,憓拙?蝷曉?瘣餃?銝剖?,憓拙?,120,"瘞渡,?,?瘚?瘚瑕",敶剔???04-225564843,??????
3774,?箔葉撣???,憓拙?????頝?89??120.7163,24.2966,銝???,憓拙???蝷?693,"瘞渡,?,?瘚?瘚瑕",?剜???04-25562608#333,??????
3775,?箔葉撣???,撱????擐砍頝?92??120.7279,24.2985,?????,撱?????◣??1244,"瘞渡,?,?瘚?瘚瑕",??撱?04-25570089,??????
3776,??蝮???剝,銝??"瘞游?畾?12,913,916,917,919,920?啗?",120.8345,24.2991,銝蝷曉?蝐??,11??摰喟瘞?100,?,?踵?曈?425897176,??????
3777,??蝮???剝,?抒???抒??20??120.8495,24.2991,?抒???,?抒??200,?,摰?鞊?425892094,??????
3778,??蝮???剝,銝??3??1-2??120.83172,24.302705,銝?犖?熒銝剖?,?冽??嗅捆?抒 銝,100,"瘞渡,?瘚?,?踵?曈?04-25897176,??????
3779,??蝮??瘝,镼踹???镼踹??正??-3??118.242,24.303,???株正??颲血????蝮??瘝镼踹???30,"瘞渡,?,?瘚?,暺??082-354628,??????
3780,?箔葉撣?瘞游?,?????冽絲頝?6??120.5958,24.3046,?脣??????唬?摰?璅???.?像??50,"瘞渡,?,瘚瑕",??皞?04-26261834#701,??????
3781,?箔葉撣?瘞游?,?????冽絲頝?7-2??120.5918,24.306,皜??葉瘣餃?銝剖?,?像???晞?憪???150,"瘞渡,?,瘚瑕",暺縑隞?04-26113119,??????
3782,?箔葉撣???,撱????銝?頝?0??120.7226,24.3062,??擃葉,?????儔敺?2083,"瘞渡,?,?瘚?瘚瑕",蝢???04-25562012#1311,??????
3783,?箔葉撣???,憓拙???銝?頝?5??120.7112,24.3067,?箔葉撣???撟澆???憓抵正,50,"瘞渡,?,?瘚?瘚瑕",撘萇雁撘?04-2557-9233#10,??????
3784,?箔葉撣???,?控??銝剔?頝?69??120.695,24.3071,???葉,銝剖??◣镼?869,"瘞渡,?,?瘚?瘚瑕",雿?璆?04-25562409#130,??????
3785,?箔葉撣???,憓拇??撟喳?頝?30??120.7155,24.3071,憓拇蝷曉?瘣餃?銝剖?,憓拇,150,"瘞渡,?瘚?瘚瑕",撘萄?璉?04-25569829,??????
3786,?箔葉撣???,憓拇????頝?0??120.7145,24.3075,?批???,憓拇?◣?◣镼?726,"瘞渡,?,?瘚?瘚瑕",撘菔?蝔?04-25562003#831,??????
3787,?箔葉撣???,憓拙???銝?頝?39??120.7119,24.308,憓拙?蝷曉?瘣餃?銝剖?,憓拙?,120,"瘞渡,?,?瘚?瘚瑕",撘菜???04-25561888,??????
3788,?箔葉撣???,?????脣?頝?畾?01撌?8??120.7206,24.3082,??蝷曉?瘣餃?銝剖?,???儔敺?80,"瘞渡,?瘚?瘚瑕",璆??04-25581487,??????
3789,?梯蝮????,?像??銝108??121.7483,24.3083,?像瘣餃?銝剖?,?像??隞?100,"瘞渡,?,?瘚?瘚瑕",?⊿???03-8681113,??????
3790,?箔葉撣???,蝢拚???璇?頝?1-3??120.7314,24.3084,蝢拚?蝷曉?瘣餃?銝剖?,蝢拚?????70,"瘞渡,?瘚?瘚瑕",?單???04-25575340,??????
3791,?箔葉撣???,憓拇????頝?2??120.7142,24.3089,???蝡暑?葉敹?憓拇?◣?◣镼?200,"瘞渡,?瘚?瘚瑕",????04-25562116#119,??????
3792,?箔葉撣?Ｗ?,?迤???梯頝舀偶?毽57-1??120.7904,24.3094,?迤???恕,?迤,380,"?,?瘚?,?喲?瘙?04-25874455#14,??????
3793,?箔葉撣???,蝢拚????脣?頝?10??120.7294,24.31,????,蝢拚?????620,"瘞渡,?,?瘚?瘚瑕",?曉隞?04-25562294#730,??????
3794,??蝮??瘝,摰飲??摰飲??瞉?2-2??118.245,24.311,???桀?撊潮?颲血????蝮??瘝摰飲??30,"瘞渡,?,?瘚?,璆??082-351715,??????
3795,?箔葉撣???,憭芸像????頝?3??120.6794,24.3113,?脰??,憭芸像???250,"瘞渡,?,?瘚?瘚瑕",?剜偶??04-25562374#176,??????
3796,??蝮???剝,?啣???銝剖控頝?25??120.8248,24.3122,???瘣餃?銝剖?,???1??200,"瘞渡,?瘚?,鞈湔?敶?04-25892008,??????
3797,??蝮???剝,?唳旨??銝剖控頝?25??120.8248,24.3122,????,?券?圈????500,?,鞈湔?敶?04-25892008,??????
3798,?箔葉撣?瘞游?,擃???霅瑕硫頝?7??120.5622,24.3123,擃????飛銵憭扳??唬?摰?璅?擃?????蝢??晞?镼?300,"瘞渡,?,瘚瑕",?單??04-26112505#830,??????
3799,?箔葉撣???,憭芸像????頝?3銋???120.6776,24.3131,?箔葉撣???撟澆???憭芸像?臬???,憭芸像???50,"瘞渡,?,?瘚?瘚瑕",撘萇雁撘?04-2557-9233#10,??????
3800,?箔葉撣???,????銋頝臭?頝?59??120.7157,24.3135,??蝷曉?瘣餃?銝剖?,??????150,"瘞渡,?,?瘚?瘚瑕",撘菜???00-00000000,??????
3801,?箔葉撣???,?控???脣?頝?40??120.6909,24.3153,????,????撅?818,"瘞渡,?,?瘚?瘚瑕",撘萇?憡?04-25562342#730,??????
3802,?箔葉撣???,瘜啣???蝳?頝?7-1??120.7435,24.3218,瘜啣?蝷曉?瘣餃?銝剖?,瘜啣?,100,"瘞渡,?瘚?瘚瑕",????04-25566920,??????
3803,?箔葉撣???,瘜啣???摰?頝???120.7505,24.3253,瘜啣???,瘜啣??擗?579,"瘞渡,?,?瘚?瘚瑕",????04-25562364#251,??????
3804,?箔葉撣???,瘞渡???瘞渡?頝臭?撏楝63??120.6339,24.328,瘞渡????文飛璅?瘞渡?,200,"瘞渡,?,?瘚?,????04-26876508,??????
3805,摰蝮??瞉喲?,?噫???頝臭?畾?01??121.7451,24.3322,?噫擃葉,蝣批???撗單??郎憛?,245,"瘞渡,?,瘚瑕",瘙???03-9981024,??????
3806,?箔葉撣???,镼踵像??鞊??镼踵像??鞊楝467??120.7298,24.3323,鞊??葉,憭扳像.?像.鞊?.鞊旨,100,"瘞渡,?",暺???04-25251200107,??????
3807,?箔葉撣???,憭批????脣?頝?99??120.651,24.3324,憭??犖?熒瘣餃?銝剖?,瘞貉??之??撏之?晞??500,"瘞渡,?瘚?,甇??,04-26832216,??????
3808,?箔葉撣???,憭批????剖?頝?99,120.6512,24.3327,颲脫???銝剖?憭批??嗅捆?,????摮撅晞?銝剖控?收曈?100,"瘞渡,?,?瘚?,甇??,04-26834508,??????
3809,?箔葉撣???,?祇尹??銝?頝?畾?52撌?63??120.7329,24.3329,?祇尹蝷曉?瘣餃?銝剖?,?祇尹,150,"瘞渡,?,?瘚?瘚瑕",?喲?雿?932066387,??????
3810,摰蝮??瞉喲?,?????噫??瘣?11??121.7458,24.3332,????,????28,"瘞渡,?,瘚瑕",????03-9981486,??????
3811,摰蝮??瞉喲?,瞉唾???噫?噫?望??像頝?8??121.745835,24.333451,瞉唾?像?箇?瑁???瞉唾??20,"瘞渡,?,?瘚?瘚瑕",暺?蝢?03-9985180,??????
3812,?箔葉撣???,瘞渡???瘞渡?頝?29??120.6315,24.3337,瘞渡?蝷曉?瘣餃?銝剖?,瘞渡?,100,"瘞渡,?,?瘚?,?喃?璅?04-26879697,??????
3813,??蝮???剝,?芣???2??銋???120.8761,24.3358,?芣?蝷曉?瘣餃?銝剖?,?嗅捆???芣???,100,"瘞渡,?瘚?,暺?憟?04-25921312,??????
3814,??蝮???剝,?臬控??5??8??120.8763,24.3358,?臬控???,?臬控??100,?,敺頛?425921221,??????
3815,?箔葉撣之?脣?,甇阡??憭抒?甇阡???脰楝61??120.6006,24.3364,?郎??擃?恕,?啁??儔???脯郎??118,"瘞渡,?,瘚瑕",閮勗???04-26710928,??????
3816,?箔葉撣?撟喳?,?????勗?頝?畾菜?撅勗毽39銋???120.9357,24.34,獢控蝷曉?瘣餃?銝剖?,????60,"瘞渡,?,?瘚?瘚瑕",?單瘝??單瘝???????
3817,?箔葉撣???,???鞊????偌皞楝150??120.6253,24.3401,鞊?擃葉,?梢.?筒.??.?,210,?,瘙???撱???04-252903816277,??????
3818,?箔葉撣之?脣?,銝剖控??憭抒?銝剖控?偌皞楝167??120.6269,24.3409,憭抒??琿?瘣餃?銝剖?,銝剖控?眺撅晞??賬憸?525,"瘞渡,瘚瑕",????04-26872101,??????
3819,??蝮???剝,?芣?????6-1??120.8419,24.3449,???撠????芣?????冗?,100,?,瘝噶??425892794,??????
3820,?箔葉撣之摰?,銝剖???憭批??銝剖??葉撅勗?頝?96??120.5882,24.3451,憭批???擃擗?銝剖????摰???摨?畾?5119,"瘞渡,?,瘚瑕",蝝??,04-26713166#300,??????
3821,?箔葉撣之摰?,銝剖?????頝?76??120.5895,24.3459,?犖?熒瘣餃?銝剖?,銝剖????摰???摨?畾?50,"瘞渡,?,瘚瑕",?函???04-26713511#302,??????
3822,?箔葉撣之摰?,銝剖???憭批??銝剖??葉撅勗?頝?56??120.5866,24.3462,憭批???祆?蝳桀?,銝剖????摰???摨?畾?60,"瘞渡,?,瘚瑕",?函???04-26713511#106,??????
3823,??蝮?陸摰?,璇???6??6??120.9304,24.3479,璇??暑?葉敹?璇???100,"瘞渡,?,?瘚?,??????919531713,??????
3824,??蝮?之皝?,?圈????圈?25??120.826351,24.348257,?圈????,?圈???100,?,?剜?曈?037-951210#10,??????
3825,??蝮?之皝?,?圈???4?唳??5??120.826351,24.348257,?圈???,?圈???100,"瘞渡,?瘚?,?剜?曈?037-951210#10,??????
3826,?箔葉撣之?脣?,摮???憭抒?摮??敺瑁楝113??120.6242,24.3483,?????嗅?蝛箏,憭抒???賬?憭押???像摰?蝢?413,?,??蝢?04-26872076,??????
3827,?箔葉撣之?脣?,????憭抒??????楝71??120.6445,24.3499,憭抒擃極瘣餃?銝剖?,撗瑕控??摨葉撅?496,"瘞渡,?,瘚瑕",?冽?鞈?04-26874132,??????
3828,?箔葉撣之?脣?,?郎??憭抒??郎?敺瑁楝233??120.6261,24.3508,憭抒??蝳桀?,?郎?像摰?蝢?摨?240,"瘞渡,?,瘚瑕",?單答??04-26872048,??????
3829,??蝮???剝,鞊??3??6??120.8577,24.3517,鞊???,鞊??200,?,?祈憒?425892164,??????
3830,??蝮???剝,?芣???7??6-2??120.8653,24.3526,?芣????,?芣???200,?,?勗?蝳?425921334,??????
3831,?箔葉撣之?脣?,?郎??憭抒??郎??梯楝186??120.6223,24.3536,憭抒?葉瘣餃?銝剖?,甇行?????噸??甇?491,"瘞渡,?,瘚瑕",鞈湔?摰?04-26872564,??????
3832,?箔葉撣之摰?,樴???憭批??樴挺???唬葉?曇楝297??120.6005,24.358,銝???擃擗?樴挺?????300,"瘞渡,?,瘚瑕",??憡?04-26710148#13,??????
3833,??蝮???剝,?臬控??5??8??120.8671,24.3587,?臬控蝷曉?瘣餃?銝剖?,?臬控??50,"瘞渡,?瘚?,?單擳?04-25921583,??????
3834,??蝮?陸摰?,憯急???5??6??120.947,24.3605,憯急???,憯急???150,"瘞渡,?,?瘚?,敺迤????934135440,??????
3835,??蝮?陸摰?,鞊⊿撒??1????120.94702,24.360527,鞊⊿撒?暑?葉敹?鞊⊿撒??160,"瘞渡,?,?瘚?,撠文凳.撠斤策?,977109996,??????
3836,??蝮?陸摰?,鞊⊿撒??1????120.938938,24.362245,鞊⊿撒?暑?葉敹憭誨??鞊⊿撒??100,"瘞渡,?,?瘚?,撠斤策撠文凳?,037-962518,??????
3837,?箔葉撣之摰?,?暸???憭批???暸??之摰葛頝?91??120.6018,24.3652,憭批??葉擃擗??暸??正摰絲憓?畾?1325,"瘞渡,?,瘚瑕",??瘞?04-26872571#205,??????
3838,??蝮?之皝?,????5?啣?隞?1??120.842715,24.373502,?????,????100,?,?芣?摰?037-951335#101,??????
3839,??蝮?之皝?,????5?啣?隞?1??2,120.842741,24.373511,??蝷曉?瘣餃?銝剖?,????100,?瘚?暺蝘璇?037-951219,??????
3840,??蝮?之皝?,甇行旨??瘞湔?????120.8646,24.3755,甇行旨蝷曉?瘣餃?銝剖?,甇行旨??100,"瘞渡,?瘚?,?單慰??037-990119,??????
3841,?箔葉撣之?脣?,摮??憭抒?摮?葉撅梯楝鈭挾69-11??120.652,24.3783,?亙??葉擃擗??亙????乓?瘜云?賬兢蝳?539,"瘞渡,?,瘚瑕",????04-26813721,??????
3842,?箔葉撣之摰?,瘚瑕???憭批??瘚瑕??之摰葛頝?100??120.589,24.3792,瘚瑕???擃擗?瘚瑕???雿正摰?2370,"瘞渡,?,瘚瑕",????04-26876085,??????
3843,??蝮?之皝?,?梯???銝?37??120.882811,24.380718,?梯????,?梯???100,"?,?瘚?,?楝敹?037-992815,??????
3844,??蝮?之皝?,?梯???銝?37??120.882822,24.380728,?梯???,?梯???100,?瘚??楝敹?037-992815,??????
3845,?箔葉撣之摰?,瘞詨???憭批??瘞詨??镼踹?頝?52??120.6063,24.3823,瘞詨???擃擗????偶摰?雿?300,"瘞渡,?,瘚瑕",甇樴?04-26874931#276,??????
3846,??蝮?之皝?,甇行旨??蝢拙???瞍77??120.867425,24.382508,甇行旨???,甇行旨??100,?,閮梁╡??037-992816#200#299,??????
3847,?箔葉撣之?脣?,撟貊???憭抒?撟貊??葉撅梯楝鈭挾568??120.6551,24.39,?亙???蝳桀?,?亙????乓?瘜云?賬兢蝳?99,"瘞渡,?,瘚瑕",?∪振撱?04-26813704,??????
3848,??蝮?陸摰?,銝剛???1?圈璈?3??120.9203,24.3938,蝝圈??阡????銝剛???30,"瘞渡,?,?瘚?,璇?蝢拇???037-994370,??????
3849,??蝮?陸摰?,璇???6??6??120.96991,24.395274,璇??暑?葉敹憭誨??璇???100,"瘞渡,?,?瘚?,??????919531713,??????
3850,??蝮?之皝?,蝢拙????????120.867265,24.397403,???葉?,????蝢拙???200,?,敺???037-991209#101,??????
3851,??蝮?之皝?,蝢拙???3?啗?蝭啣12??120.867265,24.397403,???葉,????蝢拙???200,"瘞渡,?瘚?,敺???037-991209#101,??????
3852,??蝮???,镼輸???瘞?頝?0-6??118.305944,24.40212,镼踹???齒?祈?,镼輸??????50,瘞渡,璆撌????082-322581??25705,??????
3853,??蝮???,?文???????5-1??118.305944,24.40212,???冗?瘣餃?銝剖?,?文???50,瘞渡,瘣芸?蝳?082-329428,??????
3854,?箔葉撣之?脣?,?亙???憭抒??亙??極鈭楝1??120.6482,24.406,?舫????嗅?蝛箏,撱箄??正撗?摰?敺?2702,?,閰孵?瘛?04-26811270,??????
3855,??蝮???,?偌???偌??50-1??118.295323,24.412637,?偌?剔冗?瘣餃?銝剖?,?偌??50,瘞渡,暺辣??082-329103,??????
3856,??蝮???,?????像?唳?130??118.32855,24.414884,?像蝷曉?瘣餃?銝剖?,????50,瘞渡,???082-329563,??????
3857,??蝮??撊潮?,銝?????90??118.226,24.4154,??蝮??撊潮?銝??齒?祈?,銝???30,"瘞渡,?,?瘚?瘚瑕",?喲?頞?082-364503,??????
3858,??蝮??皝,??????16-4??118.436256,24.416677,???格?蝢?颲血??????30,"瘞渡,?,?瘚?瘚瑕",雓??082-330889,??????
3859,??蝮???,鞈Ｗ熊??鞈Ｚ?25??118.30989,24.417848,鞈Ｗ熊?齒?祈?,鞈Ｗ熊??30,瘞渡,?批?撊?082-326500,??????
3860,??蝮?之皝?,憭批祚??17?啁姘擃?68??120.861173,24.42,憭扳?颲脣極?,憭批祚??150,?,瘝???037-992216#300,??????
3861,??蝮?之皝?,憭批祚??17?啁姘擃?68??120.861173,24.42,憭扳?颲脣極,憭批祚??150,"瘞渡,?瘚?,瘝???037-992216#300,??????
3862,?箔葉撣之?脣?,镼踹???憭抒?镼踹???撣楝96??120.629,24.4209,镼踹????擗?撱箄??正撗?摰?敺?280,"瘞渡,?,瘚瑕",?喃?暻?04-26811747,??????
3863,??蝮?陸摰?,憭扯???1??2??120.9109,24.4211,憭扯??暑?葉敹?憭扯???100,"瘞渡,?,?瘚?,??蟡交???037-990381,??????
3864,??蝮?之皝?,????銝剜迤頝航?勗毽11??120.869809,24.421425,憭扳????,憭扳???????100,?,????037-991008,??????
3865,??蝮?之皝?,憭扳???銝剜迤頝航?勗毽11??120.869809,24.421425,憭扳???,憭扳???????100,"瘞渡,?瘚?,????037-991008,??????
3866,??蝮?之皝?,憭批???撠???1-1??120.8984,24.422399,憭批??齒?祈?,憭批???100,"瘞渡,?瘚?,?唾??037-992709,??????
3867,??蝮?之皝?,憭扳???敹?頝?9??120.866884,24.424989,憭扳??犖?熒銝剖?,?皝?,100,"瘞渡,?,?瘚?,撘萇?摰?037-991111??107,??????
3868,??蝮????蝳???6??7-1??120.7277,24.4259,蝳???瘣餃?銝剖?,蝳???30,"瘞渡,?瘚?,?ㄝ??037-782434,??????
3869,摰蝮??瞉喲?,甇血????噫?郎憛??唳漯頝舀澈瘜毽7??121.7493,24.4259,??甇血??匱??,甇血???22,"瘞渡,?,?瘚?瘚瑕",?賢??03-9982665,??????
3870,??蝮??皝,?桀熊???望?43??118.445281,24.42601,???株摨菟?颲血???桀熊??30,"瘞渡,?,?瘚?瘚瑕",????082-337011,??????
3871,??蝮?之皝?,????瘞?頝?0??120.870777,24.426432,憭扳??葉?,????撖???100,?,?喲??037-991054#66,??????
3872,??蝮?之皝?,????瘞?頝?0??120.870777,24.426432,憭扳??葉,撖???100,"瘞渡,?瘚?,?喲??037-991054#66,??????
3873,??蝮??撊潮?,銝???銝?78??118.2322,24.4279,??蝮??撊潮?銝??齒?祈?,銝???30,"瘞渡,?,?瘚?瘚瑕",?喲?頞?082-364503,??????
3874,??蝮??撊潮?,??????40??118.2429,24.429,??蝮??撊潮?擃擗??飲???????嗅捆,100,"瘞渡,?,?瘚?瘚瑕",?⊥???364675,??????
3875,??蝮???潮?,?圈???2??8??120.809,24.4297,?圈????,?圈??????0910-433055????20,?,皝航???037-971102,??????
3876,??蝮???潮?,?圈???2??8??120.809,24.4297,?圈???,?圈????瑁???0910-433055????50,"瘞渡,?瘚?,皝航???037-971102,??????
3877,??蝮???,????瘞?頝?61??118.315222,24.42986,??蝮??擃擗??函腦???????嗅捆,500,瘞渡,憪鈭?082-328616,??????
3878,??蝮???,?梢???瘞?頝???118.320608,24.432741,???桀?,?梢??????60,"瘞渡,?",?喟???082-325058,??????
3879,??蝮??撖折?,璁???璁?21??118.331873,24.435134,璁??齒?祈??嗅捆?,璁???50,,璆???082-372477,??????
3880,??蝮??撊潮?,镼踹??镼踵18??118.2383,24.4353,??蝮??撊潮?镼踹?齒?祈?,镼踹??30,"瘞渡,?,?瘚?瘚瑕",????082-364503,??????
3881,??蝮??皝,?唳???皝?62-1??118.414545,24.435813,???格皝?颲血???唳???30,"瘞渡,?,?瘚?瘚瑕",?單?憿?082-333101,??????
3882,摰蝮?之??,敺抵???瘜圈?銝頝?1撌???121.371,24.4386,?控瘣餃?銝剖?,敺抵???92,"瘞渡,?,?瘚?,?曄???03-9892690,??????
3883,??蝮??皝,甇?儔????65-1??118.390023,24.439013,???格迤蝢拚?颲血??甇?儔??40,"瘞渡,?,?瘚?瘚瑕",?喳?甇?082-325439,??????
3884,??蝮??皝,?啣????ㄝ頝臭???118.416876,24.441506,???桀?,???桀??????嗅捆,120,"瘞渡,?,?瘚?瘚瑕",撘菜ㄝ??082-332528,??????
3885,??蝮??皝,?啣????ㄝ頝???118.416754,24.441569,???格撣?颲血???啣???40,瘞渡,?喳???082-332131,??????
3886,??蝮??皝,皞芣???皞芷?80??118.460286,24.442463,???格漯皝?颲血??皞芣???30,"瘞渡,?,?瘚?瘚瑕",??瘝?082-330977,??????
3887,??蝮??皝,撅勗???撅勗?1-1??118.414691,24.443575,???桀控憭?颲血??撅勗???30,"瘞渡,?,?瘚?瘚瑕",?單???082-331183,??????
3888,摰蝮??瞉喲?,?眾???噫??撗單??眾頝???121.7692,24.4456,?眾??,?眾??28,"瘞渡,?,瘚瑕",??憡?03-9981636,??????
3889,摰蝮??瞉喲?,甇血????噫?郎憛??唳漯頝???121.777599,24.445655,甇血???,甇血???30,"瘞渡,?,瘚瑕",?賣?瘛?03-9981632,??????
3890,??蝮??撊潮?,暺???暺?45??118.2518,24.4467,??蝮??撊潮?暺??齒?祈?,暺???30,"瘞渡,?,?瘚?瘚瑕",????082-364503,??????
3891,??蝮?陸摰?,皜???2??0??120.9074,24.4478,皜??暑?葉敹?皜???110,"瘞渡,?,?瘚?,?????037-941017,??????
3892,摰蝮??瞉喲?,?噫???噫??瞉單?銝剜迤頝?5??121.7778,24.4488,?噫?齒?祈?,?噫??15,"瘞渡,?,?瘚?瘚瑕",?曆???03-9982900,??????
3893,??蝮?陸摰?,皜???2??0??120.899611,24.44902,撖?蝷曉?瘣餃?銝剖??嗅?撱?,皜???100,"瘞渡,?,?瘚?,?????037-941017,??????
3894,??蝮??撖折?,?文控???150??118.340234,24.449053,?文控?齒?祈??嗅捆?,?文控??50,"瘞渡,?瘚?瘚瑕",蝧?瘚?082-329174,??????
3895,??蝮??撖折?,????撅?3??118.354268,24.450889,??齒?祈??嗅捆?,???50,"瘞渡,?瘚?瘚瑕",閮望???082-311867,??????
3896,??蝮??撖折?,?文控??隞??唳?1??118.3349,24.4509,?祐???嗅捆?,?祐???????100,"瘞渡,?瘚?瘚瑕",璆噸??082-326510,??????
3897,??蝮??皝,??????236-1??118.372922,24.455146,???桃???颲血??????50,"瘞渡,?,?瘚?瘚瑕",?⊿＊??082-332426,??????
3898,??蝮??撖折?,摰???摰?37-3??118.32665,24.457343,摰??齒?祈??嗅捆?,摰???50,"瘞渡,?瘚?瘚瑕",?∟???082-327411,??????
3899,??蝮??撖折?,皝???皝?155??118.305473,24.458058,皝??齒?祈??嗅捆?,皝???50,"瘞渡,?瘚?瘚瑕",璆撋?328952,??????
3900,摰蝮??瞉喲,????頝?0??121.8158,24.4615,?蝷曉?瘣餃?銝剖?,???72,"瘞渡,?,?瘚?瘚瑕",??暻?03-9982068,??????
3901,??蝮???潮?,????117??120.812,24.4629,?????,????20,?,??寞??037-982804,??????
3902,??蝮???潮?,????117??120.812,24.4629,????,????50,"瘞渡,?瘚?,??寞??037-982804,??????
3903,摰蝮??瞉喲,?撥???噫頝???121.8059,24.4635,?撥蝷曉?瘣餃?銝剖?,?撥??49,"瘞渡,?,?瘚?瘚瑕",撘萇咯??03-9981073,??????
3904,??蝮???????靽∠儔頝?48??120.7449,24.4638,???桃??暑?葉敹?撟喳???正??200,"瘞渡,瘚瑕",?勗???037-761637,??????
3905,??蝮???潮?,璅邦??璅邦12銋???120.7858,24.4645,?陸???,璅邦??20,?,閰孵遣?舀??037-981143,??????
3906,??蝮???潮?,璅邦??璅邦12銋???120.7858,24.4645,?陸??,璅邦??50,"瘞渡,?瘚?,閰孵遣?舀??037-981143,??????
3907,摰蝮??瞉喲,?撥???噫頝?5??121.803,24.4647,?祈???,?撥???賡?,50,"瘞渡,?,?瘚?瘚瑕",????03-9981660,??????
3908,??蝮?陸摰?,?行偌??5??9??120.9428,24.4652,?行偌?暑?葉敹??行偌??80,"瘞渡,?,?瘚?,??頛???037-941325,??????
3909,摰蝮??瞉喲?,?噫???頝臭?畾?81??121.803634,24.466067,?噫??鈭?,甇血???撗單??╡??,30,"瘞渡,?,?瘚?瘚瑕",?暻?03-9981915,??????
3910,??蝮?陸摰?,?行偌??5??9??120.9346559,24.46710665,?行偌?暑?葉敹憭誨???行偌??120,"瘞渡,?,?瘚?,???瑞?頛?0911-149777,??????
3911,摰蝮??瞉喲?,?????噫??瘣???頝???121.8006,24.4673,??蝷曉?瘣餃?銝剖?,????23,"瘞渡,?,?瘚?瘚瑕",????03-9981458,??????
3912,摰蝮??瞉喲?,?噫???噫??瞉單?銝剜迤頝?5??121.801149,24.467509,?噫??,?噫??75,"瘞渡,?,瘚瑕",?冽???03-9981228,??????
3913,??蝮??瞏剝?,蝡寞??5?啣?摨?8??120.8865,24.4716,?﹛摰?蝡寞???啗???50,"瘞渡,?,?瘚?,鞈渡璅?037-991150,??????
3914,??蝮???潮?,銋???10??1銋???120.7764,24.473,銋????,銋???20,?,敺????037-981149,??????
3915,??蝮???潮?,銋???10??1銋???120.7764,24.473,銋???,銋???50,"瘞渡,?瘚?,敺????037-981149,??????
3916,摰蝮??瞉喲?,蝣批?,?噫?╡??靽∟閬箏毽38??121.784722,24.474443,蝣批?撠?蝣批?,43,"瘞渡,?,瘚瑕",?刻???03-9981634,??????
3917,??蝮??瞏剝?,?啗???4?啣閫?56??120.8913,24.4766,鞊???,鞊???蝡寞??400,?,鞈渡璅?037-991150,??????
3918,??蝮??撖折?,?文祐???控10銋???118.31223,24.477772,?文祐?齒?祈??嗅捆?,?文祐??50,"瘞渡,?瘚?瘚瑕",????082-329376,??????
3919,??蝮??瞏剝?,?啗???3?啣閫?39-1??120.8939,24.4789,?啗??暑?葉敹??啗???120,"瘞渡,?,?瘚?瘚瑕",鞈渡璅?037-991150,??????
3920,??蝮????????1??23-1??120.6826,24.4838,??蝷曉?瘣餃?銝剖?,????30,"瘞渡,?瘚?,?喳誨敹?037-782345,??????
3921,??蝮???潮?,????啗?頝?8??120.7855,24.4851,????擗????70,"瘞渡,?,?瘚?,????037-982130-31,??????
3922,??蝮???????銝剜迤頝?2??120.6786,24.4869,????,撟喳??像摰????200,?,敶剝暑??037-752008,??????
3923,??蝮??瞏剝?,鞊???10??4??120.9005,24.4884,鞊?蝷曉?瘣餃?銝剖?,鞊???250,"瘞渡,?,?瘚?瘚瑕",撱???037-931368,??????
3924,??蝮??瘝,瘙嗆????啣雀?梯楝銝畾?12??118.4132,24.4889,???桀?,瘙嗆??正???????之瘣??策撅梢???????撊潮???撅梢???110,"瘞渡,?,?瘚?瘚瑕",?喟?戭?082-352150,??????
3925,??蝮?陸摰?,?怠??3??0??120.9325,24.4896,?怠?暑?葉敹??怠??40,"瘞渡,?,?瘚?,?飛蟡箸???037-995837,??????
3926,??蝮???潮?,銝剖像??150??120.8028,24.4899,銝剛????,銝剖像??20,?,頞????037-224458,??????
3927,??蝮???潮?,銝剖像??150??120.8028,24.4899,銝剛???,銝剖像??50,瘞渡,頞????037-224458,??????
3928,摰蝮?之??,,憭批???撅望?4?啣?毽9-1??121.4182,24.4899,?迤瘣餃?銝剖?,?控??88,"瘞渡,?,?瘚?,?剝?,03-9809140,??????
3929,??蝮?????正??銝剖控頝?90撌???120.6833,24.4908,???葉,撟喳????200,?,?喲撏?037-752002,??????
3930,??蝮???潮?,蝳?????銵???120.7913,24.4908,????,"蝳?????????,20,?,??曀祆??037-981013,??????
3931,??蝮???潮?,蝳?????銵???120.7913,24.4908,???,蝳????賣????潭?,50,"瘞渡,?瘚?,??曀祆??037-981013,??????
3932,??蝮?陸摰?,?怠??3??0??120.9243031,24.49132664,?怠?暑?葉敹憭????怠??200,"瘞渡,?,?瘚?,?飛蟡箸???0916-332165,??????
3933,??蝮????撟喳???撟喳?55-6??120.691288,24.495102,??蝮??撠僑??銝剖??典像摰冗?瘣餃?銝剖?,撟喳???剝???????璅寥???皞???樴?,150,"瘞渡,?瘚?,?之??037-753643,??????
3934,??蝮???潮?,蝡寞ㄝ??4??2-1??120.7829,24.5041,蝡寞ㄝ蝷曉?瘣餃?銝剖?,蝡寞ㄝ??50,瘞渡,?曉???037-981888,??????
3935,??蝮???潮?,蝡寞ㄝ??4??2??120.7828,24.5045,撱?噸摰桀誨??蝡寞ㄝ??30,?,皝舫???037-981508,??????
3936,??蝮?擗券?,????14??68-10??120.828396,24.505958,?祇尹??,???擗其葉?擗冽?,300,"瘞渡,?,?瘚?,?單?皞?037-222210,??????
3937,??蝮?擗券?,?健??4??24??120.824346,24.515114,?祇尹?犖?熒銝剖?,?券?,300,"瘞渡,?,?瘚?瘚瑕",蝢兢??037-233433,??????
3938,摰蝮??瞉喲,?望噫???望噫頝?03??121.8346,24.516,?望噫蝷曉?瘣餃?銝剖?,?望噫??42,"瘞渡,?,?瘚?瘚瑕",?湧???03-9986365,??????
3939,摰蝮??瞉喲?,?勗眾???噫?撗單??頝?畾?09??121.832701,24.52148,?望噫??,?勗眾??38,?瘚???瘞?03-9986217,??????
3940,摰蝮??瞉喲?,?勗眾???噫?撗單??頝?畾?39撌?撘???璅?121.833,24.5216,?勗眾?瘞摰嫣葉敹??勗眾??27,"瘞渡,?,?瘚?瘚瑕",暺?蝳?03-9986103,??????
3941,??蝮????,???8?唳??-1??120.7924,24.5235,?蝷曉?瘣餃?銝剖?,???30,瘞渡,?甇?037-353113,??????
3942,??蝮?正皝?,鈭???13??94-4??120.7704,24.5246,鈭?蝷曉?瘣餃?銝剖?,鈭???擃???銝???50,"瘞渡,?瘚?,鞈游遠??037-911606,??????
3943,??蝮??瞏剝?,????8??3??120.9146,24.5263,??蝷曉?瘣餃?銝剖?,????150,"瘞渡,?,?瘚?瘚瑕",撱???037-931368,??????
3944,??蝮?正皝?,????4??1??120.745,24.5312,??蝷曉?瘣餃?銝剖?,????50,"瘞渡,?瘚?,?蟡?037-921069,??????
3945,摰蝮?之??,,憭批???摮??5?啣??喳毽2??121.4516,24.5315,??瘣餃?銝剖?,?迤??90,"瘞渡,?,?瘚?,?敶?03-9809422,??????
3946,??蝮??瞏剝?,?啣???4??6??120.920102,24.539236,蝢拇?撱??啣?????,300,"瘞渡,?,?瘚?,暺???037-932181,??????
3947,??蝮??瞏剝?,?啣???11??29??120.921017,24.540041,?蔬??,?啣????300,,暺???037-932181,??????
3948,??蝮????,瘞湔???銝剜迤頝?151??120.8165,24.5405,瘞湔?蝷曉?瘣餃?銝剖?,瘞湔???15,瘞渡,?梢脰瓷,037-335604,??????
3949,??蝮??瞏剝?,?啣???4??6-1??120.9215,24.5421,?啣??暑?葉敹??啣???100,"瘞渡,?,?瘚?瘚瑕",暺???037-932181,??????
3950,??蝮??摨?,?祈???19?啁?瘥尹118??120.9708,24.5428,?祈???摰文?,?祈???100,?,???037-823385,??????
3951,??蝮??摨?,?祈???19?啁?瘥尹118??120.970819,24.542802,?祈???摰文,?祈???40,"瘞渡,?瘚?瘚瑕",???37823385,??????
3952,??蝮????,???敺抵?頝?畾?92??120.8234,24.5445,?蝷曉?瘣餃?銝剖?,???40,瘞渡,????037-355669,??????
3953,??蝮??瞏剝?,?啣???21??120.9229,24.545,?蔬?葉,?啣???300,"瘞渡,?,?瘚?瘚瑕",暺???037-932181,??????
3954,??蝮????,?剜??7?唳?祈楝77-1??120.8155,24.5461,?剜蝷曉?瘣餃?銝剖?,?剜??35,瘞渡,?單鞎?037-323718,??????
3955,??蝮????,?剜???臬之1??120.816,24.5464,???臬?憭批飛瘣餃?銝剖?,?剜???ａ?,100,"瘞渡,?,?瘚?瘚瑕",閮梢???037-381248,??????
3956,??蝮????,?剜???臬之銝??120.816,24.5464,???臬?憭批飛?,"?剜?????,200,"瘞渡,?,?瘚?瘚瑕",閮梢???037-381248,??????
3957,??蝮????,擃???22?唳????120.811818,24.549403,擃??暑?葉敹?擃??之??,300,"瘞渡,?",?望???922061077,??????
3958,??蝮????,憭批???憭批?頝?0??120.815,24.5528,憭批???瘣餃?銝剖?,擃??之?????????,100,"瘞渡,?,?瘚?瘚瑕",隡??037-320068#21,??????
3959,??蝮????,憭批???憭批?頝?0??120.815,24.5528,憭批????,"擃???憭批???蝬????啗???,200,"瘞渡,?,?瘚?瘚瑕",隡??037-320068#21,??????
3960,??蝮????,蝬剜?????62??璅?120.8256,24.5535,蝬剜蝷曉?瘣餃?銝剖?,蝬剜??20,瘞渡,??蝳?037-325950,??????
3961,??蝮????,?啗??15?唳??08-2??120.8077,24.5548,?啗蝷曉?瘣餃?銝剖?,?啗??30,瘞渡,?望ㄝ瘣?037-324211,??????
3962,??蝮????,憭批???蝳?撅?1??120.8142,24.5556,??撣犖?熒銝剖?摰文??,憭批???100,"瘞渡,?,?瘚?,璆?憒?037-363702,??????
3963,??蝮????,憭批???蝳?撅?1??120.8142,24.5556,??撣犖?熒銝剖?摰文蝛粹?,憭批???150,"瘞渡,?瘚?,雓???037-363702,??????
3964,??蝮????,蝬剔孕??蝬?頝?畾?91??120.8341,24.5564,??颲脣極瘣餃?銝剖?,蝬剔孕?雁?圈??葉??,100,"瘞渡,?,?瘚?瘚瑕",???037-329281#511,??????
3965,??蝮????,蝬剔孕??蝬?頝?畾?91??120.8341,24.5564,??颲脣極?,"蝬剔孕??蝬剜??銝剛???,300,"瘞渡,?,?瘚?瘚瑕",???037-329281#511,??????
3966,??蝮?正皝?,銝???1?啣?隞?4銋???120.7562,24.5589,镼踵??噙?寧???桃??暑?葉敹?銝???皝??鈭???200,"瘞渡,?瘚?,?喳頂瘥?037-921360,??????
3967,??蝮?正皝?,銝???摨?銵?銋???120.7562,24.5589,镼踵??噙?寧???桃??暑?葉敹憭???镼踵?????300,?,?喳頂瘥?037-921360,??????
3968,??蝮?正皝?,????2??4-9??120.7569,24.559,镼踵???擃擗?????樴???100,"瘞渡,?瘚?,??鈭?037-272922,??????
3969,??蝮????,銝剛???13?圈?亥?42撌?5??120.8204,24.5593,銝剛?蝷曉?瘣餃?銝剖?,銝剛???25,瘞渡,暺迤??037-321327,??????
3970,?啁姘蝮???喲?,蝘撌?,4????121.2855,24.5601,蝘撌????,蝘撌??冽?,50,"瘞渡,?瘚?瘚瑕",???03-5847524,??????
3971,??蝮??瞏剝?,瘞貉???3??7-1??120.931,24.5608,瘞貉??暑?葉敹?瘞貉????曉ˊ??150,"瘞渡,?,?瘚?瘚瑕",????037-931070,??????
3972,??蝮????,蝳???8??2-1??120.8163,24.5613,蝳?蝷曉?瘣餃?銝剖?,蝳???30,瘞渡,??獢?037-327686,??????
3973,??蝮????,撱箏???銝剜迤頝?41??120.8243,24.5642,撱箏????,"撱箏???????銝???銝剛???,300,"瘞渡,?,?瘚?瘚瑕",瘙???037-320043#710,??????
3974,??蝮????,?控??6??1??120.8133,24.5671,?控??瘣餃?銝剖?,?控?????撌?,80,,?剔晶??037-320406#11,??????
3975,??蝮????,?控??4??1??120.8133,24.5671,?控???,"?控???????啣???,150,"瘞渡,?,?瘚?瘚瑕",?剔晶??037-320406#11,??????
3976,??蝮????,????13?啣?敺抵楝210??120.8244,24.5697,??蝷曉?瘣餃?銝剖?,????30,瘞渡,撱???037-329118,??????
3977,??蝮????,????銝剛頝?5??璅?120.8248,24.5711,???臬?蝷曉?瘣餃?銝剖?摰文蝛粹?,?????????舫?????,100,"瘞渡,?,?瘚?瘚瑕",???037-260610,??????
3978,??蝮????,????銝剛頝?5??120.8248,24.5711,???臬?蝷曉?瘣餃?銝剖?摰文?????"????銝???皜??蝳???,200,"瘞渡,?,?瘚?瘚瑕",???0933-458448,??????
3979,?啁姘蝮???喲?,蝘撌?,9??8??121.302,24.5732,?株正?⊿????蝘撌??冽?,80,"瘞渡,?瘚?瘚瑕",?輸??批葦,03-5847791,??????
3980,?啁姘蝮???喲?,?陸??5??8??121.3656,24.5735,?陸????,?陸??50,"瘞渡,?瘚?瘚瑕",敺??瑞???03-5847080,??????
3981,??蝮??瞏剝?,瘞貉???6??5-1??120.9365,24.5737,瘞貉???,瘞貉???400,"?,?瘚?瘚瑕",????037-931070,??????
3982,摰蝮??瞉喲,?遣??摮詨?頝?17??121.8689,24.576,???葉,????撱粹?????,82,"瘞渡,?,?瘚?瘚瑕",????03-9962749,??????
3983,摰蝮??瞉喲,瘞豢???瘞豢?頝?16撌???121.8414,24.5762,瘞豢?蝷曉?瘣餃?銝剖?,瘞豢???74,"瘞渡,?,瘚瑕",?偌樴?03-9971536,??????
3984,??蝮?撅?,?剖???銝剖控銵?5??120.8509,24.5764,??蝮?撅?撠???憌陶?瘣??撅?,100,?,敺?璁?037-251071,??????
3985,??蝮?撅?,?剖???銝剖控銵?5??,120.8509,24.5764,??蝮?撅?撠暑?葉敹?憌陶?瘣??撅?,150,"瘞渡,?瘚?,敺?璁?037-251071,??????
3986,??蝮?撅?,?剖???銝剜迤銵?6撌?4??120.8534,24.577,??蝮?撅?銝剜????蔬?????情撅望???敺瑟??陷曈單?,100,?,?唾蝧?037-250738-140,??????
3987,??蝮?撅?,?剖???銝剜迤銵?6撌?4??,120.8534,24.577,??蝮?撅?銝剜暑?葉敹??蔬????,100,"瘞渡,?瘚?,?唾蝧?037-250738-140,??????
3988,摰蝮??瞉喲,瘞豢???瘞豢?頝???121.8461,24.5786,瘞豢???,瘞豢??偶?仿?,34,"瘞渡,?,瘚瑕",?喃?敺?03-9962840,??????
3989,摰蝮??瞉喲,?遣??摮詨?頝?22??121.8684,24.5789,????,????甇????撖折?,69,"瘞渡,?,?瘚?瘚瑕",撘萄?撘?03-9962043,??????
3990,??蝮????,蝳???銝剛?梯?62??120.826,24.5791,蝳???瘣餃?銝剖?,蝳????圈???摰????舫?,80,"瘞渡,?,?瘚?瘚瑕",璆噸??037-26472#11,??????
3991,??蝮????,蝳???銝剛?梯?62??120.826,24.5791,蝳????,"蝳??????蝳???皜??,150,"瘞渡,?,?瘚?瘚瑕",璆噸??037-264724#11,??????
3992,摰蝮??瞉喲,?遣???批頝?17撌???121.8599,24.5794,?剖?蝷曉?瘣餃?銝剖?,?遣??51,"瘞渡,?瘚?,?剜旨??03-9967231,??????
3993,摰蝮??瞉喲,?????臬控銝毽16銋???121.8663,24.5798,??蝷曉?瘣餃?銝剖?,????33,"瘞渡,?,?瘚?,??敶?03-9961777,??????
3994,??蝮??瞏剝?,?曉ˊ??7??2-1??120.9415,24.5799,?曉ˊ?暑?葉敹??曉ˊ??60,"瘞渡,?,?瘚?瘚瑕",????037-931070,??????
3995,??蝮?撅?,鞊∪控??7?啗情撅梯楝82-1??120.8661,24.581,?剖??犖?熒瘣餃?銝剖?,鞊∪控??敺瑟??陷曈單?,50,"瘞渡,?瘚?,???037-250078-46,??????
3996,摰蝮??瞉喲,?祐???頝???121.8695,24.5812,?祐蝷曉?瘣餃?銝剖?,?祐??37,"瘞渡,?,?瘚?,?喳??03-9952578,??????
3997,摰蝮??瞉喲,瘞豢??瘞豢頝?34撌?1銋???121.8454,24.5826,?賜掖蝷曉?瘣餃?銝剖?,瘞豢??40,"瘞渡,?,?瘚?瘚瑕",????03-9965316,??????
3998,摰蝮??瞉喲,?迤??瘞?頝?5??121.864,24.583,??蝷曉?瘣餃?銝剖?,?迤??34,"瘞渡,?,?瘚?瘚瑕",????03-9967342,??????
3999,??蝮??樴,銝剖???銝剖???4??52??120.734732,24.588097,銝剖????,銝剖????葛??300,,雿???037??21451#03,??????
4000,??蝮??樴,銝剖???銝剖???4??52??120.7347,24.5881,銝剖???蝬??恕,銝剖????葛??90,"瘞渡,?,?瘚?瘚瑕",雿???037??21451#13,??????
4001,?啁姘蝮???喲?,蝘撌?,擗?2????121.2674,24.589,擗予銝餃?,?啁姘蝮???喲?蝘撌?,40,"瘞渡,?瘚?瘚瑕",???03-5847524,??????
4002,摰蝮??瞉喲,?瑕?????頝???121.8537,24.5923,憯急???,?瑕??偶??,55,"瘞渡,?,?瘚?瘚瑕",????03-9962342,??????
4003,摰蝮??瞉喲,?瑕????頝?-1??121.8541,24.5928,?瑕?蝷曉?瘣餃?銝剖?,?瑕???93,"瘞渡,?,?瘚?瘚瑕",?喃???03-9962217,??????
4004,摰蝮??瞉喲,?正??敹?頝?2??121.8412,24.5939,?正蝷曉?瘣餃?銝剖?,?正??51,"瘞渡,?,?瘚?瘚瑕",????03-9961912,??????
4005,摰蝮??瞉喲,瘞詨????葛頝?5??121.8521,24.594,瘞詨?蝷曉?瘣餃?銝剖?,瘞詨???114,"瘞渡,?,?瘚?瘚瑕",?扯??03-9951515,??????
4006,摰蝮??瞉喲,?正???葛頝?13??121.8456,24.5941,?噫瘚瑚?,?正???????????梢?,132,"瘞渡,?,?瘚?瘚瑕",瘣芷?鞈?03-9951661,??????
4007,??蝮??摨?,????22??5-1??121.0001,24.5943,???冗?瘣餃?銝剖?,????50,"瘞渡,?瘚?,撘菜遛蝳?37825289,??????
4008,摰蝮??瞉喲,?正???葛頝?15??121.8422,24.5944,?噫?桀?,?噫??6??70,"瘞渡,?,?瘚?瘚瑕",蝎??03-9973421,??????
4009,摰蝮??瞉喲,?????函正銵?0??121.8345,24.5947,??蝷曉?瘣餃?銝剖?,????99,"瘞渡,?,?瘚?瘚瑕",摰???03-9971003,??????
4010,?啁姘蝮??撜圈?,獢控??3??2-1??121.1088,24.5948,獢控?齒?祈?,獢控??60,"瘞渡,?瘚?瘚瑕",摮急??03-5851217,??????
4011,摰蝮??瞉喲,????銝剖控頝臭?畾???121.8354,24.5953,?噫?葉,????????镼輸?,67,"瘞渡,?,?瘚?瘚瑕",撘萇?敹?03-9962137,??????
4012,摰蝮??瞉喲,????頝?畾?01撌???121.8544,24.5956,?蝷曉?瘣餃?銝剖?,???35,"瘞渡,?,?瘚?瘚瑕",鞈湔璉?03-9960383,??????
4013,摰蝮??瞉喲,?正??銝剖控頝臭?畾?66??121.8413,24.5967,?噫??,?正??????????皝?,72,"瘞渡,?,?瘚?瘚瑕",?喳遣撌?03-9962312,??????
4014,摰蝮??瞉喲,?????啁?頝???121.8505,24.5968,??蝷曉?瘣餃?銝剖?,????28,"瘞渡,?瘚?瘚瑕",??甈?03-9964744,??????
4015,??蝮??摨?,?望?,憭批?頝?-1??121.0009,24.5969,?望?蝷曉?蝚砌?瘣餃?銝剖?,?望?,60,"瘞渡,?瘚?,暺蟡?932527982,??????
4016,??蝮??摨?,?望?,憭批?頝???121.0003,24.597,??撱?敺??望??正??50,"?,?瘚?,?誨??037-661667,??????
4017,??蝮??摨?,?望?,憭批?頝???121.0003,24.597,??撱????望??正??150,"?,?瘚?,?誨??037-661667,??????
4018,摰蝮??瞉喲,?????儔頝?7撌???121.8526,24.5971,??蝷曉?瘣餃?銝剖?,????44,"瘞渡,?,?瘚?瘚瑕",蝧迤隤?03-9962701,??????
4019,??蝮??摨?,?望?,瘞?銵?3??120.9991,24.5983,?祆??嗅撣鈭?,???券?,100,"瘞渡,?瘚?,璅?擐?037-823115,??????
4020,摰蝮?之??,,憭批???摰?1?啣???5-1??121.5301,24.599,璅偌瘣餃?銝剖?,????99,"瘞渡,?,?瘚?,?單?璁?03-9809653,??????
4021,摰蝮??瞉喲,樴噸??蝳噸頝?77撌?7??121.8,24.6,樴噸蝷曉?瘣餃?銝剖?,樴噸??140,"?,?瘚?,?噸??03-9909346,??????
4022,??蝮??摨?,?望?,??頝???120.9993,24.6004,????,?望?,300,"?,?瘚?,?交銵?037-822007,??????
4023,??蝮??樴,樴???樴????剖?158??120.7782,24.6019,樴????恕,樴???80,"瘞渡,?,?瘚?瘚瑕",敺???037--722027,??????
4024,??蝮??樴,樴???樴????剖?158??120.778154,24.601926,樴????,樴???200,,敺???037--722027,??????
4025,??蝮??樴,樴揖??樴揖??0?啣???4??120.761765,24.610127,?????,樴揖??蝳祐??200,?,蝢???037-450738#14,??????
4026,??蝮??樴,樴揖??樴揖??0?啣???4??120.7632,24.6105,????蝬??恕,樴揖??蝳祐??100,"瘞渡,?,?瘚?瘚瑕",蝢???037-450738#14,??????
4027,摰蝮?之??,撖漯??8?啣?皞芸毽5??121.6779,24.611,撖漯瘣餃?銝剖?,撖漯??122,"瘞渡,?,?瘚?,蝪⊥絕瘝?03-9517475,??????
4028,??蝮??樴,憭批???銝剖控頝?52??120.7946,24.6121,蝬剔??葉瘣餃?銝剖?,憭批???100,"瘞渡,?,?瘚?瘚瑕",?喳遣??037-722537#23,??????
4029,摰蝮??瞉喲,撗單???撗單??唳?91??121.8502,24.6122,撗單?蝷曉?瘣餃?銝剖?,皜舫???40,"瘞渡,?,?瘚?,????02-29287551,??????
4030,??蝮??樴,憭批???銝剖控頝?52??120.794682,24.612202,蝬剔??葉?,憭批???500,,?喳遣??037-722537#22,??????
4031,??蝮??樴,?????頝?0??120.8194,24.6128,?唳葛?葉撠暑?葉敹??⊥????唳???????敺抵???鞊???100,"瘞渡,?,?瘚?瘚瑕",??皞?037??22547#241,??????
4032,??蝮??樴,?????頝?0??120.819422,24.612828,?唳葛?葉撠????⊥????唳???????敺抵???鞊???500,,??皞?037??22547#241,??????
4033,??蝮??樴,憭批???銝剖控頝?52??120.792076,24.613344,??蝮??樴?祆?,敺??桀???100,"瘞渡,?",??蝢?037-730603,??????
4034,摰蝮??瞉喲,皜舫???撊箄頝?40??121.8531,24.6135,撗單???,皜舫???63,"瘞渡,?,?瘚?瘚瑕",暺遣璁?03-9903044,??????
4035,??蝮??樴,?唳???銝剖?頝?21-5??120.814498,24.61375,??蝮?犖蝳??銝剖?,?唳???200,"瘞渡,?",撘菔??037-721664,??????
4036,??蝮??樴,憭批?????頝?54??120.7961,24.6138,敺????恕,憭批????望???100,"瘞渡,?,?瘚?瘚瑕",???037-722049#830,??????
4037,??蝮??樴,憭批?????頝?54??120.796137,24.613833,敺????,憭批????望???500,,???037-722049#830,??????
4038,??蝮??樴,銝剝???13?唬葉??167??120.787967,24.614455,銝剝??暑?葉敹?銝剝???50,"?,?瘚?瘚瑕",?剝???037-723256,??????
4039,??蝮??樴,????7?唳?銵?51??120.7908,24.6154,???暑?葉敹?????50,"瘞渡,?,?瘚?瘚瑕",?望瘝?037-724726,??????
4040,摰蝮??瞉喲,?????葉頝?0??121.837,24.6158,??蝷曉?瘣餃?銝剖?,????47,"?,?瘚?瘚瑕",????03-9903951,??????
4041,??蝮??樴,????23?啣??抵?250??120.784618,24.616631,敺??葉?,????500,,?抒姘??037-722028-14,??????
4042,??蝮?????,????3?唬??40??120.9478,24.6167,??蝷曉?瘣餃?銝剖?,銝????,60,"瘞渡,?瘚?瘚瑕",?日敶?037-833196,??????
4043,??蝮??樴,????23?啣??抵?250??120.785149,24.616762,敺??葉瘣餃?銝剖?,????80,"瘞渡,?",?抒姘??037-722028#14,??????
4044,摰蝮??瞉喲,瘞豢旨???圈收頝???121.8328,24.6179,???葉,瘞豢旨??銝?,61,"瘞渡,?,?瘚?瘚瑕",???03-9903060,??????
4045,??蝮??摨?,?啁????啁?153??120.9948,24.6197,?啁?蝷曉?瘣餃?銝剖?,?啁???30,"瘞渡,?瘚?,雿??037-821399,??????
4046,摰蝮??瞉喲,?啣????嗅?頝???121.8272,24.6204,?嗅?撱暑?葉敹??啣???42,"瘞渡,?,?瘚?瘚瑕",?剜敺?03-9903816,??????
4047,??蝮??樴,皞芣散??87-3??120.776741,24.620956,皞芣散???,皞芣散??500,,閮望?鈭?037??23853#10,??????
4048,摰蝮??瞉喲,瘞豢旨???像頝?1??121.8362,24.6212,瘞豢旨蝷曉?瘣餃?銝剖?,瘞豢旨??78,"瘞渡,?,?瘚?瘚瑕",?單敺?03-9906581,??????
4049,摰蝮??瞉喲,瘞豢旨??憭批?頝?08??121.8349,24.6219,擐祈魚??,瘞豢旨???,63,"瘞渡,?,?瘚?瘚瑕",?扯鞈?03-9902694,??????
4050,摰蝮??瞉喲,?祚???祚頝???121.838037,24.623428,?祚??瘣餃?銝剖?,?祚??170,"瘞渡,?,?瘚?,???03-9901786,??????
4051,??蝮????憭扯正????頝臭?畾?22撌???120.8875,24.6236,?????暑?葉敹?摰文,??????60,"瘞渡,?,?瘚?瘚瑕",撘萇???037-543250頧?36,??????
4052,??蝮????憭扯正????頝臭?畾?22撌???120.8875,24.6236,?????暑?葉敹?摰文?,??????150,"瘞渡,?,?瘚?瘚瑕",撘萇???037-543250頧?36,??????
4053,摰蝮??瞉喲,瘞豢旨????頝???121.832,24.6249,蝳噸蝷曉?瘣餃?銝剖?,瘞豢旨??60,"?,?瘚?,?ㄝ鞊?03-9908208,??????
4054,摰蝮?撅梢?,憭扯????臬?頝???璅?121.8106,24.6253,憭扯?蝷曉?瘣餃?銝剖?,憭扯???50,"瘞渡,?",暺??03-9596529,??????
4055,?啁姘蝮??撜圈?,蝡寞???1??3??121.1486,24.6254,蝡寞??齒?祈?,蝡寞???40,"瘞渡,?瘚?瘚瑕",????03-5851186,??????
4056,摰蝮??瞉喲,摮???摮?頝?99銋???121.8419,24.6262,摮?蝷曉?瘣餃?銝剖?,摮???55,?瘚?閮梢?暾?03-9901977,??????
4057,??蝮?????,憭扳眾??7??0-1??120.9064,24.6266,憭扳眾蝷曉?瘣餃?銝剖?,銝?之瘝單?,70,"瘞渡,?瘚?瘚瑕",??蝘?037-833983,??????
4058,摰蝮?撅梢?,擐???擐?頝?38撌?4??121.7975,24.6276,擐?蝷曉?瘣餃?銝剖?,擐???56,瘞渡,暺ㄛ??03-9592508,??????
4059,??蝮??摨?,????13??4??120.9708,24.6297,??蝷曉?瘣餃?銝剖?,????50,"瘞渡,?瘚?,?暹??037-821582,??????
4060,摰蝮?撅梢?,?勗????勗?頝?80??121.8063,24.6297,?勗?蝷曉?瘣餃?銝剖?,?勗???107,瘞渡,暺??03-9592036,??????
4061,??蝮??摨?,?⊥???15??2??120.9634,24.6318,?⊥?蝷曉?瘣餃?銝剖?,?⊥???50,"瘞渡,?瘚?,?喃?摰?037-834252,??????
4062,摰蝮?之??,,憭批???瘞湔?5?啁Ⅳ撏?6??121.6064,24.6318,敺抵?瘣餃?銝剖?,璅偌??92,"瘞渡,?,?瘚?,?曄???03-9801419,??????
4063,?啁姘蝮??撜圈?,憭折???6??8??璅?121.1194,24.6321,鈭陸瘣餃?銝剖?,憭折???110,"瘞渡,?瘚?瘚瑕",撘菜?瘨?03-5851509,??????
4064,??蝮??樴,瘞游偏??瘞游偏??2??04-1??120.761747,24.63268,?????,瘞游偏??蝘瘞湧?,300,,?唾??037-722211#14,??????
4065,摰蝮?撅梢?,憭芸???憭芸?頝?48??121.7734,24.6327,憭芸?蝷曉?瘣餃?銝剖?,憭芸???98,"瘞渡,?",暺?瞉?03-9592096,??????
4066,摰蝮?撅梢?,憭折脫?,憭折脖?頝?0??121.7121,24.6332,憭折脩冗?瘣餃?銝剖?,憭折脫?,135,瘞渡,?旨摰?03-9511430,??????
4067,摰蝮?撅梢?,?砍控???砍控頝?8銋???121.7938,24.6333,??蝷曉?瘣餃?銝剖?,????85,"瘞渡,?",暺辰隤?03-9595831,??????
4068,??蝮??摨?,?控??15??66-2??121.0135,24.6343,?控蝷曉?蝚砌?瘣餃?銝剖?,?控??50,"瘞渡,?瘚?,?勗?璁?037-823588,??????
4069,摰蝮?撅梢?,摰像??摰像頝?3??121.7893,24.6346,摰像蝷曉?瘣餃?銝剖?,摰像??52,"瘞渡,?",?單?敺?922530221,??????
4070,??蝮?隞賢?,瞈怠???4?啗??4??120.8836,24.6354,瞈怠?蝷曉?瘣餃?銝剖?,瞈怠???55,"瘞渡,?瘚?瘚瑕",敺?憒?037-543892,??????
4071,摰蝮?撅梢?,?砍控??銝剜迤頝?0??121.7903,24.6359,?砍控蝷曉?瘣餃?銝剖?,?砍控??46,"瘞渡,?",暺???03-9592467,??????
4072,摰蝮?撅梢?,?怠窄???怠窄頝?9??121.7675,24.638,?怠窄蝷曉?瘣餃?銝剖?,?怠窄??65,"瘞渡,?",?璆?03-9586457,??????
4073,??蝮????????1?啗?27??120.8563,24.6392,?????葉-摰文?,??????300,"瘞渡,?,?瘚?瘚瑕",?曄???037-562773頧?45,??????
4074,??蝮????????1?啗?27??120.8563,24.6392,?????葉-摰文,??????300,"瘞渡,?,?瘚?瘚瑕",?曄???037-562773頧?45,??????
4075,摰蝮??瞉喲,樴噸??蝳噸頝?34??121.833,24.6402,?脰??,樴噸??80,"瘞渡,?,?瘚?,????03-9901294,??????
4076,?啁姘蝮???喲?,蝘撌?,1?啁????121.2785,24.6414,蝘撌?撠????蝘撌??冽?,60,"瘞渡,?瘚?瘚瑕",摮???03-5847823,??????
4077,摰蝮?撅梢?,銝詨控??皜臬偏頝?8??121.7662,24.6425,銝詨控蝷曉?瘣餃?銝剖?,銝詨控?葉撅望?,154,"瘞渡,?",瘙?暾?03-9580750,??????
4078,摰蝮?撅梢?,????撖噙頝?畾?83撌?0??121.7942,24.6434,??蝷曉?瘣餃?銝剖?,????54,"瘞渡,?",???39581118,??????
4079,摰蝮?撅梢?,銝?????頝?12??121.814,24.6435,銝?蝷曉?瘣餃?銝剖?,銝???40,?,雓?敹?03-9591532,??????
4080,摰蝮?撅梢?,鋆???撱粹?頝?9??121.8023,24.6436,鋆?蝷曉?瘣餃?銝剖?,鋆???41,?,?單隞?03-9509029,??????
4081,摰蝮?撅梢?,敺???銝?頝?98??121.7529,24.6447,璇蝷曉?瘣餃?銝剖?,敺???78,瘞渡,?喃???03-9510556,??????
4082,摰蝮??蝯?,?????噫?桅?撖株楝20撌???121.8327,24.6447,??蝷曉??犖瘣餃?銝剖?,????121,"瘞渡,?",撘菜溶蟡?03-9501752,??????
4083,??蝮??樴,??窄??7?圈?撅梯楝109??120.809726,24.645529,憭批控???,??窄??憭批控??300,,暺?鞊?037??32784#14,??????
4084,??蝮??樴,??窄??7?圈?撅梯楝109??120.8095,24.6457,憭批控???恕,??窄??憭批控??100,"瘞渡,?,?瘚?瘚瑕",暺?鞊?037??32784#14,??????
4085,?啁姘蝮??撜圈?,?勗???8??77??121.1597,24.6464,?勗?????,?勗???100,"瘞渡,?瘚?瘚瑕",頞尿憍?03-5851127,??????
4086,獢?撣儔??,?舫??9??0??121.411331,24.648007,銝毀?萇??嗥???,?舫??80,"瘞渡,?,?瘚?瘚瑕",??蝘,03-3821500#124,??????
4087,??蝮?隞賢?,撠???11?啣?鞊楝578撌?6撘???120.8826,24.6485,銝剖控蝷曉?瘣餃?銝剖?,撠?,60,"瘞渡,?瘚?瘚瑕",霅膜獢?037-639232,??????
4088,??蝮??樴,憭???6?啣???8-9??120.779,24.6508,憭????恕,憭???瘚瑕???70,"?,?瘚?瘚瑕",?∩蔔??037-431809#22,??????
4089,??蝮??樴,憭???6?啣???8-9??120.77902,24.650822,憭????,憭???瘚瑕???300,?,?∩蔔??037-431809#22,??????
4090,??蝮?????,瘞詨????喲收摨?7??120.9564,24.6527,瘞詨?蝷曉?瘣餃?銝剖?,銝?偶??,50,"瘞渡,?瘚?瘚瑕",撱脰瓷,037-593835,??????
4091,摰蝮??蝯?,?????拇?頝臭?畾?85??121.8263,24.6532,???犖蝳銝剖?,???瞉斗??迤?唳?,539,"瘞渡,?",撘菟???03-9502182,??????
4092,摰蝮?撅梢?,????蝢拇?頝?畾?78撌?7??121.7647,24.6533,??蝷曉?瘣餃?銝剖?,????222,"瘞渡,?",??憓?03-9581476,??????
4093,?啁姘蝮?釣??,銝????剖祚60-8??121.02454,24.65533,?控?恥銝剖?,銝???25,"瘞渡,?,?瘚?,?暹ㄝ鋆?03-5809296,??????
4094,??蝮?隞賢?,撠???200??120.880566,24.655468,??葉?,撠控??銝誨??150,?,?曇??037-624260,??????
4095,?啁姘蝮???喲?,?陸??1????121.3264,24.6555,?喟???,?陸???100,"瘞渡,?瘚?瘚瑕",?曄孕鞈?03-5847080,??????
4096,摰蝮?撅梢?,瘞貊???瘞貉?頝?畾?89??121.771,24.6555,瘞貊?蝷曉?瘣餃?銝剖?,瘞貊???30,"瘞渡,?",雿??03-9584461,??????
4097,摰蝮?之??,,憭批??蝢??毽81-10??121.5789,24.6556,?曄?瘣餃?銝剖?,?曄???86,"瘞渡,?,?瘚?,瘣芣???03-9801173,??????
4098,??蝮?????,?抒??9??6-1??120.955,24.6557,?抒蝷曉?瘣餃?銝剖?,銝????,50,"?瘚?瘚瑕",鞈湧???037-833966,??????
4099,摰蝮?撅梢?,暽踹???暽踹?頝?90??121.7506,24.6557,暽踹?蝷曉?瘣餃?銝剖?,暽踹???154,"瘞渡,?",?喲???03-9582212,??????
4100,??蝮?????,銝??銝剖控頝?9??120.955046,24.655737,銝???摰文??嗅捆,銝??200,"瘞渡,?,?瘚?瘚瑕",?雁撖祆??037-831006,??????
4101,??蝮?????,銝??銝剖控頝?9??120.955046,24.655737,銝??摰文瘣餃?銝剖?,銝???祚??200,"瘞渡,?瘚?瘚瑕",?雁撖祆??932527525,??????
4102,??蝮?隞賢?,撱????5?啣誨??26-1??120.8869,24.6583,撱??蝷曉?瘣餃?銝剖?,撱????撅?40,"瘞渡,?瘚?瘚瑕",敺???037-626999,??????
4103,?啁姘蝮?帖撅梢?,鞊???憭批控??2??121.1225,24.6592,鞊?????,鞊???80,"瘞渡,?,?瘚?瘚瑕",?脫?,03-5934129,??????
4104,?啁姘蝮?姘?梢,?陸??銝??3??121.1225,24.6592,?陸???,銝??撜圈?,267,"?,?瘚?瘚瑕",撘菟???03-5949052嚗?00,??????
4105,?啁姘蝮?姘?梢,銝??43??121.1225,24.6592,?陸??蝳桀?,銝??撜圈?,385,"瘞渡,?瘚?瘚瑕",雿?憪?03-5966177-205,??????
4106,?啁姘蝮???喲?,?陸??5??9??121.3012,24.6601,?陸??,?陸??50,"瘞渡,?瘚?瘚瑕",?喲＊??03-5847200,??????
4107,摰蝮?撅梢?,甇行殿??撖噙頝?畾?25??121.7976,24.6606,甇行殿蝷曉?瘣餃?銝剖?,甇行殿??108,?,?靘?03-9507347,??????
4108,摰蝮????,?∪控??瘜圈?銝頝?03撌瑟?瘞?6??121.6229,24.6608,?∪控蝷曉??冽??嗅捆蝡??∪控?予撅晞予蝳犖??38,"瘞渡,?,?瘚?瘚瑕",?脰?,03-9894502,??????
4109,??蝮??樴,瘚瑕窄??5??2-2??120.8217,24.6618,瘚瑕窄???恕,瘚瑕窄??100,"瘞渡,?,?瘚?瘚瑕",?批???037??31235#12,??????
4110,??蝮??樴,瘚瑕窄??5??2-2??120.821739,24.661823,瘚瑕窄???,瘚瑕窄??300,,?批???037??31235#13,??????
4111,?啁姘蝮?帖撅梢?,????蝡寞?桐??芷?43??121.1215,24.66186,蝡寞?陸??,????385,"瘞渡,?,?瘚?瘚瑕",蝢?皜?03-5949052,??????
4112,摰蝮????,憭抒儔??銝?頝?畾?75撌?1??121.6103,24.6634,憭抒儔蝷曉??冽??嗅捆蝡?憭抒儔?之瘣脯?甇艾撖?106,"瘞渡,?瘚?瘚瑕",?剖摰?03-9890992,??????
4113,?啁姘蝮?釣??,皝???11?唳?颲脫??2??120.98775,24.66422,皝?蝷曉?瘣餃?銝剖?,皝???40,"瘞渡,?,?瘚?,璆脣?,037-602749,??????
4114,摰蝮?撅梢?,皜?????頝?1??121.7611,24.6643,皜?蝷曉?瘣餃?銝剖?,皜???85,"瘞渡,?",撘萄遣??03-9588921,??????
4115,摰蝮??蝯?,?拇黎??銝?頝?56??121.8238,24.6649,?拇黎蝷曉?瘣餃?銝剖?,?拇黎??141,"瘞渡,?",?單?敶?03-9503031,??????
4116,摰蝮????,????儔頝?68??121.6538,24.6654,鈭活?嗅捆 銝????冽?颲血??銝?蝷曉?,??????儔敺瑟?,148,"瘞渡,?瘚?瘚瑕",????03-9894358,??????
4117,摰蝮????,??????銵?4??121.6538,24.6654,銝??葉?冽??嗅捆蝡??????嗚??500,"瘞渡,?瘚?瘚瑕",?喲?瘜?03-9891747,??????
4118,??蝮?????,憭批??憭批???唬???43銋???120.9744,24.6663,憭批蝷曉?瘣餃?銝剖?,憭批??50,"瘞渡,?瘚?瘚瑕",敺?戭?037-54890,??????
4119,摰蝮????,憭扳散??鈭?頝?畾?80??121.6507,24.6663,憭扳散憭??賡尹?冽??嗅捆蝡?憭扳散?偏憛嫘?甇?78,"瘞渡,?,?瘚?瘚瑕",?單??03-9560726,??????
4120,摰蝮???梢,,蝢?格蝢日???頝?00??121.7922,24.6673,?啁黎蝷曉?瘣餃?銝剖?,?啁黎??114,?,????03-9506763撘菜?????????
4121,摰蝮?撅梢?,蝢方???砍控頝?畾?1??121.7735,24.6674,蝢方蝷曉?瘣餃?銝剖?,蝢方??64,?,暺陸朣?03-9582580,??????
4122,摰蝮???梢,,蝢?株正摰?镼踹?銵?68??121.7544,24.6675,蝬剖?蝷曉?瘣餃?銝剖?,镼踹???蝬剜???170,"瘞渡,?,瘚瑕",擳?頛?03-9513336,??????
4123,??蝮?姘?,皜臬???5?啣???2??120.861,24.6677,皜臬?蝷曉?瘣餃?銝剖?,瘚瑕?葛憓?,100,?瘚???蝡?037-461121,??????
4124,?啁姘蝮???喲?,?陸??10?啁蝤?9??121.2825,24.6679,摰晷?箸?,?陸???15,"瘞渡,?瘚?瘚瑕",敶剜?????03-5847238,??????
4125,摰蝮????,憭拙控??蝳控銵?19??121.6391,24.6681,?脫????冽??嗅捆蝡?憭拙控?予蝳撅晞犖??42,"瘞渡,?,?瘚?瘚瑕",?剔?撖?03-9891423,??????
4126,摰蝮????,蝢拙噸??銝?頝?畾?6??121.6538,24.6685,銝????冽??嗅捆蝡?蝢拙噸???嗚犖??339,"瘞渡,?,?瘚?瘚瑕",?暸???03-9891042,??????
4127,摰蝮???梢,????蝡??楝1??121.7725,24.669,蝚砌??砍?蝞∠?蝡??冗?瘣餃?銝剖?,?????悸??????133,"瘞渡,?,瘚瑕",??皞?03-9541185,??????
4128,摰蝮?撅梢?,撱????瘞貉?頝?畾?16??121.7492,24.6691,撱??蝷曉?瘣餃?銝剖?,撱????101,"瘞渡,?",皜豢??03-9510031,??????
4129,摰蝮???梢,,??楝100??121.7687,24.6707,????擃擗??????????悸??蝢????啁黎??228,,擳╡??03-9542156128,??????
4130,摰蝮????,?郭??銝?頝?畾?撌?2??121.7147,24.6708,?儔蝷曉?蝷曉?鈭活?嗅捆,蝢拙噸??鞈Ｕ犖??53,"瘞渡,?,?瘚?瘚瑕",?暸???03-9891042,??????
4131,摰蝮?撅梢?,撱????撱??頝?95??121.7457,24.6709,撱??蝷曉?瘣餃?銝剖?,撱????61,"瘞渡,?",擐祇?璁?03-9515031,??????
4132,摰蝮???梢,蝢???蝢?銵?57??121.7797,24.6716,蝢?蝷曉?瘣餃?銝剖?,蝢???122,"瘞渡,?,瘚瑕",鞈湧??03-9506616,??????
4133,摰蝮???梢,????皜蔬頝?46??璅?121.7709,24.6725,?踵?蝷曄冗?瘣餃?銝剖?,????28,"瘞渡,?,瘚瑕",?溶??03-9542525,??????
4134,摰蝮???梢,????皜蔬頝?46??璅?121.7709,24.6725,隞?蝷曉?瘣餃?銝剖?,隞???28,"瘞渡,?,瘚瑕",?喳??03-9565033,??????
4135,?啁姘蝮???喲?,璇??4??9??121.204,24.673,璇?瑁???璇???80,"瘞渡,?瘚?瘚瑕",?單???03-5842396,??????
4136,摰蝮???梢,?孕???砍?頝?3??121.7682,24.6733,蝚砌??砍?蝞∠?蝡??梢?犖擗??孕??99,"瘞渡,?,瘚瑕",?尿憒?03-9545102,??????
4137,摰蝮???梢,,蝢?桀?蝢拙毽92銋???121.7663,24.6736,隞噸蝷曉?瘣餃?銝剖?,隞噸??98,"瘞渡,?,瘚瑕",????03-9546412,??????
4138,摰蝮???梢,,蝢?格慰瘞?蝝移頝臭?畾?19??121.7635,24.6737,瞍Ｘ?蝷曉?瘣餃?銝剖?,瞍Ｘ???201,"瘞渡,?,瘚瑕",?∪噸??03-9563167,??????
4139,摰蝮???梢,,蝢?格摰?憭拍孕頝?71??121.7766,24.6745,?勗?蝷曉?瘣餃?銝剖?,?勗???289,"瘞渡,?,瘚瑕",?甈?03-9569985,??????
4140,??蝮?隞賢?,銝???瘞湔?頝?57??120.912927,24.675131,?啗????,銝?????,200,"瘞渡,?,瘚瑕",?暹迤摨?037-663855#11,??????
4141,??蝮?姘?,瘚瑕??7?唬?蝳楝20??120.8616,24.6755,瘚瑕??-?,瘚瑕?葛憓????????葉蝢?,500,?,皜貊???037-461354,??????
4142,摰蝮???梢,,??頝臭?畾?25??121.7586,24.6756,?????芸撥擗?????蝬剜???镼踹???319,,?暹?蝘?03-9512626,??????
4143,摰蝮????,憭拍???蝳控銵?0-1??121.6565,24.6758,憭拚蝷曉?鈭活?嗅捆,憭拙控?予蝳撅晞犖??53,"瘞渡,?,?瘚?瘚瑕",蝢??03-9892188,??????
4144,摰蝮???梢,,敹?頝?8??121.7649,24.676,??摰??祇?賢拿?潛?????格????賣?雿挪,400,"瘞渡,?,瘚瑕",雓儔??03-9544021/9541715,??????
4145,摰蝮???梢,憭扳??銝剜迤頝?28??璅?121.7714,24.676,憭扳蝷曉?瘣餃?銝剖?,憭扳??54,"瘞渡,?,瘚瑕",?剜?戭?9543906,??????
4146,??蝮?????,銝??閬芣?頝?5??120.9551,24.6763,銝?暑?葉敹?銝??80,"瘞渡,?瘚?瘚瑕",?望???037-592188,??????
4147,??蝮?隞賢?,銝???7?唬??梯?78-7??120.9107,24.6765,銝?蝷曉?瘣餃?銝剖?,銝?.銝?,90,"?瘚?瘚瑕",?偶瘜?037-667890,??????
4148,摰蝮?撅梢?,?舀????頝?09??121.7298,24.6765,?舀?蝷曉?瘣餃?銝剖?,?舀???54,瘞渡,?單???03-9517220,??????
4149,摰蝮???梢,,蝢?桐葉?楝1??121.7669,24.6765,蝢?桀?瞍輒,銝剖控?郭??,510,"瘞渡,?,瘚瑕",?尿憒?03-9545102頧?53,??????
4150,摰蝮??蝯?,摮???摮??迤瘞渲楝?毽6-1??121.8317,24.6766,摮?蝷曉?瘣餃?銝剖?,摮???110,"瘞渡,?",撘菜???03-9370451,??????
4151,??蝮??撅舫,?啗????芸??啗楝100??120.000836,24.676621,?啗?蝷曉?瘣餃?銝剖?,?啗???80,"瘞渡,?",??皝?鈭,049-2362158,??????
4152,摰蝮???梢,,?銵?01??121.7608,24.6767,??葉?芸撥擗?隞噸?????瞍Ｘ???306,,皜貉???03-513062303,??????
4153,摰蝮???梢,??????頝臭?畾?7撌???121.7527,24.6789,??蝷曉?瘣餃?銝剖?,???????210,"瘞渡,?,瘚瑕",撘菟撌?03-9611090,??????
4154,摰蝮????,憭扳散??憭扳散?楝17??121.6759,24.6791,憭扳散蝷曉?鈭活?嗅捆,憭扳散?偏憛嫘之蝢?63,"瘞渡,?,?瘚?瘚瑕",?單??03-9560726,??????
4155,摰蝮???梢,,?祆迤頝?99??121.7667,24.6793,?祆迤??擃擗?憭扳??鞈Ｘ???隞???銝剖控??????1309,,??敹?03-9566659,??????
4156,摰蝮??蝯?,摮????啣?頝?9??121.8178,24.6797,?啣?蝷曉?瘣餃?銝剖?,摮???77,"瘞渡,?",撘菜???03-9370451,??????
4157,摰蝮?之??,,憭批????斗??10-8??121.6007,24.6804,撏瘣餃?銝剖?,撏??74,"瘞渡,?,?瘚?,瘣芣???03-9801174,??????
4158,??蝮?隞賢?,???銝剜迤鈭楝221??120.94751,24.680477,????,???200,"瘞渡,?,瘚瑕",敺??037-663848,??????
4159,??蝮?隞賢?,?啣祚??7?啣??啗?213??120.8871,24.6807,?啣祚蝷曉?瘣餃?銝剖?,?啣祚??蝡?80,"瘞渡,?瘚?瘚瑕",蝢??037-633129,??????
4160,??蝮?隞賢?,?啣祚??瘞貉?頝?畾?35??120.884654,24.680886,瘞貉????,?姘?撖桅?,200,"瘞渡,?,?瘚?瘚瑕",?舀???037-623290#701,??????
4161,摰蝮???梢,,銝剛頝?9??121.7683,24.6825,蝢?葉?芸撥擗?靽∠儔???祆迤???勗????孕??277,,?喃?摰?03-9542075,??????
4162,??蝮?隞賢?,?啗??憭扳?銵??啣?65??120.939582,24.683093,憭扳?擃葉?,?啗??300,?,????037-663371,??????
4163,摰蝮???梢,璅寞?????頝?30??121.7614,24.6833,蝚砌??砍?蝞∠?蝡邦?冗?瘣餃?銝剖?,璅寞???146,?,暺???9540605,??????
4164,摰蝮???梢,靽∠儔??銝剛頝?89??121.7686,24.6835,蝚砌??砍?蝞∠?蝡縑蝢拍冗?瘣餃?銝剖?,靽∠儔???祆迤??153,?,?扳平??03-9550025,??????
4165,??蝮?姘?,憭批???銝剜迤頝?46??120.8698,24.6837,蝡孵???-?,憭批??迤???葉?舫??葉?梢??葉皜舫?,600,?,撱???037-462020,??????
4166,??蝮?姘?,甇????銝剜迤頝?12??120.8734,24.6838,蝡孵??桀?銝?瞍?撱?憭批??迤??????300,"瘞渡,?瘚?瘚瑕",????037-462101頧?10,??????
4167,??蝮?隞賢?,瘞????梯?頝?08??120.904449,24.683856,瘞?蝷曉?瘣餃?銝剖?摰文,瘞?????,90,"瘞渡,?瘚?瘚瑕",?寞敺?037-683517,??????
4168,??蝮?隞賢?,????銝剜迤銝楝103??120.9596,24.6844,??蝷曉?瘣餃?銝剖?,瘚.??,50,"瘞渡,?瘚?瘚瑕",暺蝝言,037-601340,??????
4169,摰蝮????,銵??銵銝楝2畾?3??121.7041,24.6844,銵蝷曉?鈭活?嗅捆,銵?之?晞??148,"瘞渡,?,?瘚?瘚瑕",撘菜?蝡?03-9895115,??????
4170,摰蝮??蝯?,鈭???鈭?頝臭?畾?43??121.7984,24.6847,鈭???,鈭???153,"瘞渡,?",蝪⊥璅?03-9501115,??????
4171,?啁姘蝮???喲?,?血???1????121.2512,24.685,?血?????,?血????80,"瘞渡,?瘚?瘚瑕",???瑕??03-5841480,??????
4172,摰蝮??蝯?,鈭???鈭?銝剛楝12??璅?121.7979,24.6852,鈭?蝷曉?瘣餃?銝剖?,鈭?,84,"瘞渡,?",瘣芷???03-9602799,??????
4173,??蝮?隞賢?,?勗???瘞?頝?52??120.901362,24.685661,?剖????,瘞??摨?,200,"瘞渡,?,?瘚?瘚瑕",?曄???037-663065#25,??????
4174,??蝮?隞賢?,?啗??13?啣?隞313??120.9283,24.6863,?啗蝷曉?瘣餃?銝剖?,?啗????80,"瘞渡,?瘚?瘚瑕",暺?蟡?037-673013,??????
4175,??蝮?隞賢?,隞???銝剖控頝?34??120.913,24.6864,?凋遢撣?銝剜迤擗???.?凋遢.隞?.靽∠儔.?像,100,"瘞渡,?瘚?瘚瑕",皞急?銋?037-622950,??????
4176,??蝮?隞賢?,隞???銝剖控頝?32??120.913,24.6864,?凋遢撣?銝剖控??瘞?.瘞?.瘞?,200,"瘞渡,?瘚?瘚瑕",皞急?銋?037-622950,??????
4177,摰蝮??蝯?,蝳??????楝182撌?6??121.7798,24.6865,甇????蝳???154,"瘞渡,?",撱???03-9505792,??????
4178,?啁姘蝮?釣??,撜函????控銵???8??121.01747,24.68655,撜函??犖?熒銝剖?,撜函?????????,145,"瘞渡,?,?瘚?,?扳蝳?03-5809421,??????
4179,??蝮?隞賢?,瘚??靽∪噸頝?8??120.960531,24.686799,靽∪噸???,????摨?,300,"瘞渡,?,瘚瑕",暺???037-602880,??????
4180,?啁姘蝮?釣??,撖???憭芸像銵???120.9885,24.6868,撖???,撖???3412,"瘞渡,?,?瘚?,?撘?03-5806353,??????
4181,??蝮?隞賢?,?勗???7?啣敺瑚?頝?6??120.8933,24.6871,?勗?蝷曉?瘣餃?銝剖?,?勗?,20,"瘞渡,?瘚?瘚瑕",?剔?蝥?037-663551,??????
4182,??蝮?姘?,蝡寡???蝡孵?銵?7??120.864955,24.687124,蝡寡???-?,蝡寡????日???曈喲??予????撅梢?,300,?,暺???037-465037,??????
4183,摰蝮??蝯?,?????旨?楝198??121.7739,24.6873,??蝷曉?瘣餃?銝剖?,銝???蝯葉??,93,"瘞渡,?",?喲?瘛?03-9550146,??????
4184,??蝮?隞賢?,?凋遢??銝剜迤頝?19??120.912124,24.688116,?凋遢???,?芸撥?隞賬縑蝢拚?????,200,"瘞渡,?,?瘚?瘚瑕",敺旨摰?037-663020#15,??????
4185,??蝮?姘?,?啣???鈭健銵???120.884878,24.688226,?啣???-?,?啣????,500,?,??蝡?613843#101,??????
4186,摰蝮???梢,蝡寞???敺抵?頝臭?畾?22??121.7658,24.6883,蝡寞?蝷曉?瘣餃?銝剖?,蝡寞???148,"瘞渡,?,瘚瑕",暺噸??03-9563328,??????
4187,摰蝮??蝯?,????鈭?頝?畾?99??121.8045,24.6883,??蝷曉?瘣餃?銝剖?,????161,"瘞渡,?",雓??03-9506695,??????
4188,摰蝮???梢,,敺抵?頝臭?畾?28??121.7661,24.6887,蝡寞???擃擗?蝡寞???隞???璅寞???357,?,?抒晶敶?03-954208433,??????
4189,?啁姘蝮?釣??,撜函???撜函?銵???121.02014,24.68874,撜函???,撜函???390,"瘞渡,?,?瘚?,?唾?皞?03-5800674,??????
4190,??蝮?姘?,?啣???瘞貉?頝臭?畾?96??120.886019,24.689053,??瘞詨??賊尹,蝡孵???????,300,"瘞渡,?瘚?瘚瑕",???037-613187,??????
4191,??蝮?姘?,?啣???17?唳偶鞎楝鈭挾196??120.886045,24.689128,蝡孵????砍?,蝡孵????????蔔????蝳?,5000,?,?曇???037-625648,??????
4192,?啁姘蝮???喲?,蝢抵???8??1??121.1778,24.6895,蝢抵??,蝢抵???60,"瘞渡,?瘚?瘚瑕",雿???03-5841600,??????
4193,??蝮?隞賢?,????撱箏?頝?19??120.874545,24.68975,撱箏??葉?,撱箏?????250,?,撘菜??037-691491#11,??????
4194,?啁姘蝮?釣??,撖???1??3??120.98663,24.69036,撖?蝷曉?瘣餃?銝剖?,撖???75,"瘞渡,?,?瘚?,?剝隄??03-5806486,??????
4195,?啁姘蝮?釣??,撜函???撜函?銵?4??121.0181,24.6908,撜函??葉,撜函???????撠洵鈭???,590,"瘞渡,?,?瘚?,?喳尿??03-5800208,??????
4196,??蝮?姘?,蝡寡????啗?銵?8撌???120.8605,24.6909,蝡寡?蝷曉?瘣餃?銝剖?-蝡孵??株犖?熒瘣餃?銝剖?,銝剛?葉?梢??葉皜舫??葉蝢??姘??,400,"瘞渡,?瘚?,暺???037-468888,??????
4197,??蝮?隞賢?,????銝剖亢頝?75??120.901115,24.6921,?凋遢?葉?,????250,?,????037-663207#101,??????
4198,?啁姘蝮?釣??,銝剔???5??83??121.03017,24.6922,銝剔?蝷曉?瘣餃?銝剖?,銝剔???25,"瘞渡,?,?瘚?,雿???03-5800722,??????
4199,??蝮?隞賢?,????靽⊥頝?85??120.906679,24.692772,?????,敹???獢?,200,"瘞渡,?,?瘚?瘚瑕",敺?曈?037-685410#22,??????
4200,摰蝮????,憭折??銝?頝?畾?33撌?8??121.7274,24.6929,憭折蝷曉??冽??嗅捆蝡?憭折???乓??123,"瘞渡,?,?瘚?瘚瑕",????03-9890752,??????
4201,摰蝮??蝯?,?衣??鈭?頝臭?畾?20??121.828,24.6929,?怠之摨??曄??撱??衣??51,"瘞渡,?",???03-9503065,??????
4202,??蝮?隞賢?,銝???銝?頝?5??120.922781,24.69297,銝?蝷曉?瘣餃?銝剖?摰文,銝???60,"瘞渡,?瘚?瘚瑕",?梁?蝢?037-660157,??????
4203,摰蝮????,?砍噸??璆?銋楝61??121.7282,24.6931,?砍噸蝷曉?鈭活?嗅捆,?砍????乓敺瑯眼??48,"瘞渡,?,?瘚?瘚瑕",?喲璉?03-9895360,??????
4204,摰蝮????,?砍???7?啗撖楝59-2??121.7282,24.6931,?砍?蝷曉??冽??嗅捆蝡??砍????乓敺瑯眼??63,"瘞渡,?,?瘚?瘚瑕",蝢???03-9892864,??????
4205,??蝮?隞賢?,????22?唬葉??150??120.9028,24.6937,??蝷曉?瘣餃?銝剖?,??.??.??.撱箏?,125,"瘞渡,?瘚?瘚瑕",?滬頛?037-685258,??????
4206,??蝮?隞賢?,敹???2?啣?摮?頝?3??120.9114,24.6937,敹?蝷曉?瘣餃?銝剖?,敹?.??.銝?,90,"瘞渡,?瘚?瘚瑕",暺???037-581818,??????
4207,??蝮?姘?,雿唾????儔頝?31??120.87945,24.694078,?批???瘣餃?銝剖?,憭拇??蔔????曈喲??控雿喲???撅梢????日???蝳?,500,"瘞渡,?瘚?瘚瑕",?勗遠撗?037-472633,??????
4208,??蝮?姘?,雿唾????儔頝?52??120.8797,24.6953,雿唾?蝷曉?瘣餃?銝剖?,憭拇??蔔????曈喲??控雿喲???撅梢?,100,"瘞渡,?瘚?瘚瑕",?喲???037-552417,??????
4209,?啁姘蝮???喲?,????3?圈漸璅嫣?177??121.2011,24.6953,????,?????50,"瘞渡,?瘚?瘚瑕",?單??03-5841004,??????
4210,??蝮?隞賢?,撱箏???撱箏?頝?0??120.909781,24.695407,撱箏????,???遣??,200,"瘞渡,?,?瘚?瘚瑕",?曄?敶?037-665905#3001,??????
4211,摰蝮??蝯?,摮???摮?頝?22??121.8117,24.6961,摮?蝷曉?瘣餃?銝剖?,摮???168,"瘞渡,?",?單???03-9504299,??????
4212,??蝮?隞賢?,??????銵?0??120.897894,24.696211,?????,????150,"瘞渡,?,?瘚?瘚瑕",瘨???037-663858#611,??????
4213,摰蝮??蝯?,憭批???憭批?鈭楝58??121.8002,24.6963,鈭??葉鈭?擗?憭批???465,"瘞渡,?",雿???03-9501105#13,??????
4214,??蝮?隞賢?,敺???靽∩葉頝?6??120.890744,24.69706,靽∠儔???,???縑蝢拚?,200,"瘞渡,?,?瘚?瘚瑕",雓陷曈?037-626818#101,??????
4215,??蝮?隞賢?,??????頝臭?畾?4-26??,120.931057,24.697341,??蝷曉?瘣餃?銝剖?摰文,????100,,?璁?037-667095,??????
4216,摰蝮??蝯?,摮???摮?頝?22??121.7652,24.6974,??蝳噸撱?摮???106,"瘞渡,?",擃???03-650428,??????
4217,?啁姘蝮?釣??,?喃???4??4-7??121.00073,24.69814,?喃????,?喃???35,"瘞渡,?,?瘚?,?摰?03-5806206,??????
4218,?啁姘蝮???喲?,????6????121.1913,24.6986,??????,?????40,"瘞渡,?瘚?瘚瑕",???琿?樴?03-5841481,??????
4219,?啁姘蝮????,?????儔銵?0??121.056026,24.699071,????璅???憭扳???撠暹??偌???165,"瘞渡,?,?瘚?,憪??03-5801152,??????
4220,摰蝮??蝯?,銝???銝??梯楝14??121.7867,24.6994,??嗅?撱?瘞?,銝???32,"瘞渡,?",????03-9506868,??????
4221,?啁姘蝮????,??????銵?0??璅?121.055108,24.700345,???犖?熒銝剖?,???之???????????之皝???撠暹??偌???50,"瘞渡,?,?瘚?,憪??03-5805895,??????
4222,?啁姘蝮????,?偏????銵?32??121.054377,24.700742,?偏瘣餃?銝剖?鈭活?輸?,?偏?偌??之???????????之皝?,40,"瘞渡,?瘚?,?喲?憭?03-5801390,??????
4223,?啁姘蝮????,?偏????銵?4??121.053448,24.700797,????鈭活?輸?,????撠暹??偌??之???????????之皝?,865,"瘞渡,?瘚?,?剖???03-5802215,??????
4224,?啁姘蝮????,????銝剛?銵???121.05916,24.701165,????撟澆??????????之皝???撠暹??偌???80,"瘞渡,?,?瘚?,?剖???03-5802204-215,??????
4225,摰蝮???梢,,蝢?桐???敺抵?頝臭?畾?57??121.756,24.7014,隞?蝷曉?瘣餃?銝剖?,隞???174,"瘞渡,?,瘚瑕",???03-9654034,??????
4226,??蝮?隞賢?,撅曹???7?啣控銝?2-7??120.9012,24.7018,撅曹?蝷曉?瘣餃?銝剖?,撅曹?.敺?.??,50,"瘞渡,?瘚?瘚瑕",?單???037-597820,??????
4227,?啁姘蝮??镼輸,镼踹???7?唬葉撅梯楝126??121.0541,24.7029,?正??,?梯???撅梢??????正摰?,700,"瘞渡,?,?瘚?,樴???03-5872028#501,??????
4228,?啁姘蝮????,瘞???8?唬葉鞊楝1撌???121.05927,24.703765,瘞?蝷曉?瘣餃?銝剖?,???偌??之??????,35,"瘞渡,?,?瘚?,敶剜???03-5802204,??????
4229,?啁姘蝮?帖撅梢?,鞊??3?唳硃蝢?3-1??121.1569,24.70432,鞊????,鞊??45,"瘞渡,?,?瘚?瘚瑕",?⊥??03-5931948,??????
4230,?啁姘蝮????,?偏????銵?41??121.047608,24.704374,???葉鈭活?輸?,????撠暹??偌??之???????????之皝?,920,"瘞渡,?瘚?,撱??03-5802224,??????
4231,?啁姘蝮?帖撅梢?,?啣祚???唳?銵?32??121.1058,24.70463,?啣祚????,?啣祚??180,"瘞渡,?,?瘚?瘚瑕",敺?瘜?03-5936627,??????
4232,摰蝮??蝯?,銝???銝?頝?3-1??121.7739,24.7056,銝?蝷曉?瘣餃?銝剖?,銝???83,"瘞渡,?",蝢???03-9500714,??????
4233,?啁姘蝮???喲?,????3??47??121.2029,24.7059,撠憭拐蜓???????50,"瘞渡,?瘚?瘚瑕",擃??嗥???03-5841531,??????
4234,?啁姘蝮???喲?,蝘撌?,8??7??121.2031,24.706,?啣???,蝘撌?,50,"瘞渡,?瘚?瘚瑕",雿?暾餅??03-5847706,??????
4235,?啁姘蝮?帖撅梢?,?抒??憭批?頝???121.1807,24.70628,撱??摰格暑?葉敹??抒??110,"瘞渡,?,?瘚?瘚瑕",???03-5848257,??????
4236,?啁姘蝮???喲?,????3??53??121.2085,24.7068,?蹂?靘????蝢抵???~2??50,"瘞渡,?瘚?瘚瑕",暺???葦,03-5842575,??????
4237,??蝮?姘?,憭批????祉儔頝?90??120.895333,24.707893,憭批?擃葉-?,憭批??????蝢拚??????控雿喲?,800,?,?∟??037-580566,??????
4238,??蝮?姘?,憭批????祉儔頝?36??120.896939,24.709181,憭批?蝷曉?瘣餃?銝剖?,?祉儔?????之??????,100,"瘞渡,?瘚?瘚瑕",?剜???037-582585,??????
4239,摰蝮?撅梢?,銝剛??蝎?頝?04??121.646633,24.709398,銝剛????,銝剛???,11,"瘞渡,?,?瘚?瘚瑕",?單???03-9231377,??????
4240,摰蝮??蝯?,鈭???摮賊脰楝83??121.762,24.7095,鈭?蝷曉?瘣餃?銝剖?,鈭??摰?,170,"瘞渡,?",蝪⊥???03-9659413,??????
4241,摰蝮?撅梢?,銝剛???∪控頝臭?畾?56??121.652657,24.71129,?批???銝剖?摮詨??脣???銝剛??180,"瘞渡,?,?瘚?瘚瑕",?摰?9231103,??????
4242,摰蝮?撅梢?,?毽????頝?5??121.695581,24.713572,?毽蝷曉?瘣餃?銝剖?,?毽???,64,"瘞渡,?,?瘚?瘚瑕",暺??03-9221099,??????
4243,?啁姘蝮?姘?梢,?∪????勗陸頝?81??121.0988,24.7137,?∪???瘣餃?銝剖?,頠??撏?,580,"瘞渡,?瘚?瘚瑕",蝢?皜?03-5962143#101,??????
4244,摰蝮?撅梢?,銝郭??鞈Ｗ噸頝臭?畾?1撌?5??121.735106,24.714634,銝郭???暹暑?葉敹?銝郭?楛皞?,78,"瘞渡,?,?瘚?瘚瑕",擃???03-9224019,??????
4245,摰蝮?撅梢?,瘛望???瘛望散銝頝?7撌???121.71978,24.715727,瘛望?????,瘛望???鞈Ｘ?,10,"瘞渡,?,?瘚?瘚瑕",撘萇???03-9224567,??????
4246,?啁姘蝮?帖撅梢?,????銝剖控銵?畾?77??121.1681,24.71575,??????,????15,"瘞渡,?瘚?瘚瑕",蝢???03-5931036,??????
4247,?啁姘蝮?帖撅梢?,璈怠控??璈怠控96??121.1153,24.71819,璈怠控蝷曉??瑕ˊ靽望???璈怠控??45,"瘞渡,?,?瘚?瘚瑕",憪噸??03-5935555,??????
4248,摰蝮?撅梢?,?批???璁桀?頝?21??121.688913,24.720881,?批?蝷曉?瘣餃?銝剖?,?批????毽??34,"瘞渡,?,?瘚?瘚瑕",蝪∟?暾?03-9227578,??????
4249,?啁姘蝮?窄撅梢?,銝陸??7?唳皝楝4畾?0??120.9970159,24.72123556,?漯??銝陸?,銝陸??1100,"瘞渡,?,?瘚?瘚瑕",?撘?03-5760057,??????
4250,?啁姘蝮?帖撅梢?,憭扯???瘞豢?銵?3??121.1345,24.72184,?犖?熒瘣餃?銝剖?,憭扯????,90,"瘞渡,?,?瘚?瘚瑕",敺揪甇?03-5931937,??????
4251,?啁姘蝮???喲?,?唳???10??2-5??121.2741,24.7223,?思?銝????唳????200,"瘞渡,?瘚?瘚瑕",暺?敹?03-5841366,??????
4252,?啁姘蝮?窄撅梢?,瘝寧??8?唳皝楝3畾?72??121.01329,24.724414,瘝寧蝷曉?瘣餃?銝剖?,瘝寧??82,"瘞渡,?,?瘚?瘚瑕",雿??03-5761888,??????
4253,摰蝮???剖?,撱箸平??蝮?銝?50撌???121.757,24.7256,?望???銝剖飛璅暑擗?撱箸平??瘣仿?,164,"瘞渡,?,瘚瑕",?喳?????璁桐蜓隞?03-9255600頧?02,??????
4254,摰蝮???剖?,?揖???望?頝?30??121.7636,24.7256,?望???撅?擗??揖???,277,"瘞渡,?,瘚瑕",???蜓隞?03-9253793-104,??????
4255,?啁姘撣?撅勗?,銝剝????啁姘撣??楝鈭挾31??120.929301,24.727235,????,銝剝?????465,"瘞渡,?",??撜渡蜇?蜓隞?5371405-13,??????
4256,摰蝮???剖?,?望?????頝?銋???121.7682,24.7276,?望?蝷曉?瘣餃?銝剖?,?望???64,"瘞渡,?,瘚瑕",撘菜?頛?03-9254187,??????
4257,?啁姘蝮?窄撅梢?,憭批?????頝?畾?撌?2??120.9534,24.7288,憭批?????,憭批???106,"瘞渡,?瘚?瘚瑕",璆??03-5776131,??????
4258,?啁姘蝮?窄撅梢?,撖嗆???6?啣窄?楝110??120.9533615,24.72880207,撖嗆????,撖嗆???72,"瘞渡,?瘚?瘚瑕",?旨瘛?03-5762628,??????
4259,摰蝮?ㄞ??,?啣???憯臬????蝢?頝臭?畾?6??121.7873,24.7294,?啣?瘣餃?銝剖?,?啣?,44,"瘞渡,?,瘚瑕",瞏???03-9252449,??????
4260,摰蝮?ㄞ??,敺抵???憯臬??儔??蝝?頝?9-4??121.8225,24.7297,蝝?瘣餃?銝剖?,敺抵???61,"瘞渡,?,瘚瑕",暺?瘚?03-9385121,??????
4261,摰蝮???剖?,??????頝?40??121.7412,24.7307,??蝷曉?瘣餃?銝剖?,????38,"瘞渡,?,瘚瑕",?唾?璅?03-9251512,??????
4262,摰蝮???剖?,撱箸平??撱箸平頝?6撌?7??9??121.7566,24.7315,撱箸平蝷曉?瘣餃?銝剖?,撱箸平??26,"瘞渡,?,瘚瑕",?剜???03-9369029,??????
4263,摰蝮?撅梢?,?末??鞈Ｗ噸頝臭?畾?6撌?0??121.730742,24.731738,?末蝷曉?瘣餃?銝剖?,撠噸??憟賣?,125,"瘞渡,?,?瘚?瘚瑕",撘菟?靘?03-9223889,??????
4264,?啁姘蝮?姘?梢,???,?啁?頝?77??121.0946,24.7325,璅寞????尹,銝??之??,817,"瘞渡,?瘚?瘚瑕",暺弧??03-5966177,??????
4265,?啁姘蝮?姘?梢,隞???憭批?頝?57??121.891,24.7328,銝剖控蝷曉?瘣餃?銝剖?,???葉撅梢?,93,"瘞渡,?瘚?瘚瑕",雿蔔蝝?03-5966177嚗?06,??????
4266,摰蝮???剖?,?脣ㄚ???脣ㄚ頝???121.7369,24.7332,?脫???銝剛????脣ㄚ??璈????,68,"瘞渡,?,瘚瑕",撱?蝡蜓隞?03-9253794頧?03,??????
4267,?啁姘蝮?窄撅梢?,?啣???10?啣窄?啗楝2畾?75??120.967436,24.733474,?啣???,?啣???770,"瘞渡,?瘚?瘚瑕",?∠?撖?03-5762707,??????
4268,?啁姘蝮?姘?梢,銝剖控??銝剖控頝?0??121.0947,24.7335,銝剖控??蝳桀?,?勗祐?葉甇??????,797,"瘞渡,?瘚?瘚瑕",?剔╡??03-5962102#300,??????
4269,?啁姘蝮????,蝘皝?,4?唬???3??121.1168,24.734,蝘皝冗?瘣餃?銝剖?,蝘皝?,30,"瘞渡,?,?瘚?瘚瑕",?暸?鞈?03-5936368,??????
4270,?啁姘蝮???喲?,?唳???瘞渡7??92??121.2584,24.7341,瘞渡??,?唳???50,"瘞渡,?瘚?瘚瑕",????03-5842788,??????
4271,?啁姘蝮?姘?梢,蝡寞??摨瑕祐銵???121.0883,24.7352,蝡寞??擃擗?蝡寞??舫????舫????舫?,650,"瘞渡,?瘚?瘚瑕",憿扯甇?03-5962025#03,??????
4272,摰蝮?撅梢?,皝???憭扳?鈭楝80??121.718042,24.735298,皝?蝷曉?瘣餃?銝剖?,皝???皝??30,"瘞渡,?,?瘚?瘚瑕",暺飲??03-9231482,??????
4273,?啁姘蝮?帖撅梢?,蝳????怠???1??121.1704,24.73543,蝳?蝷曉?瘣餃?銝剖?,蝳???155,"瘞渡,?,?瘚?瘚瑕",皞急靽?03-5811219,??????
4274,?啁姘蝮????,鈭???撖?頝?畾?38撌?1??121.1223,24.7362,鈭?蝷曉?瘣餃?銝剖?,鈭???20,"瘞渡,?,?瘚?瘚瑕",敶剝脣遠,03-5933390,??????
4275,摰蝮?ㄞ??,瘞賊??憯臬??偶?格?憯舀膨頝臬?畾?75??121.8154,24.7366,瘞賊瘣餃?銝剖?,瘞賊??118,"瘞渡,?,瘚瑕",?喳?蝳?03-9305020,??????
4276,?啁姘蝮?姘?梢,???,?璅??121.0903,24.7373,蝡寞摰Ｗ振?脫?砍?,?圈??賢拿??閮?805,"?,?瘚?瘚瑕",敶剜?瞈?03-5966177嚗?50,??????
4277,摰蝮?撅梢?,撠噸??銝洫頝?5撌?3??121.722128,24.737618,撠噸蝷曉?瘣餃?銝剖?,撠噸??憟賣?,134,"瘞渡,?,?瘚?瘚瑕",?皞?03-9225179,??????
4278,摰蝮?撅梢?,?訾???憭扳??頝?81撌???121.700435,24.738714,?訾?蝷曉?瘣餃?銝剖?,?訾???皝??34,"瘞渡,?,?瘚?瘚瑕",撱???03-9221759,??????
4279,?啁姘蝮?帖撅梢?,瘝???瘝?銵?0??121.1611,24.73874,瘝?????,瘝???50,"瘞渡,?,?瘚?瘚瑕",???03-5811121,??????
4280,?啁姘蝮?姘?梢,敹????銵?11??121.0884,24.7403,憭批???蝳桀?,敹??旨璅??旨?舫???鞊??鞊?,835,"瘞渡,?瘚?瘚瑕",蝢?甈?03-5961160#2000,??????
4281,?啁姘蝮?窄撅梢?,撖嗅控??8?啣窄撅梯楝2畾?30??121.022112,24.74037021,撖嗅控??,撖嗅控??624,"瘞渡,?瘚?瘚瑕",閰寧儔??03-5761390-10,??????
4282,摰蝮???剖?,?脣ㄚ???脣ㄚ頝?3??121.7465,24.7414,?脣ㄚ???,?脣ㄚ??46,"瘞渡,?,瘚瑕",?單迤?摰?,03-9359123,??????
4283,?啁姘撣?撅勗?,憭扳????啁姘撣?蝳楝銝畾?2??120.911092,24.741924,?扳??葉,?扳??之皝厭瘞??葛,1110,"瘞渡,?",?憡?蝮賢?銝颱遙,5373484#27,??????
4284,?啁姘撣?撅勗?,?扳????啁姘撣?撅勗??扳?頝?09??120.90696,24.74193,?扳???,?扳??厭瘞氬絲撅晞?皜?1330,"瘞渡,?",?刻皜?蝮賢?銝颱遙,O嚗?373184-130,??????
4285,摰蝮???剖?,暺???暺?頝?81撌?1??121.7712,24.7427,暺??摰?,暺???30,"瘞渡,?,瘚瑕",????03-9380436,??????
4286,摰蝮???剖?,暺???暺?頝?26??121.776,24.744,暺?蝷曉?瘣餃?銝剖?,暺???35,"瘞渡,?,瘚瑕",?梁??03-9383053,??????
4287,摰蝮?ㄞ??,?孕??憯臬???蟡交?憯臭?頝?3??121.789598,24.744488,憯臭?瘣餃?銝剖?,?孕,163,"瘞渡,?,瘚瑕",?遣??975675928,??????
4288,摰蝮?撅梢?,?∪控????頝?56??121.722886,24.745244,?犖?熒銝剖?,?∪控??撠噸??28,"瘞渡,?,?瘚?瘚瑕",?梢脤?,9231991??401,??????
4289,摰蝮???剖?,????蟡噙頝臭?畾???121.7481,24.7453,??摰憭批飛擃擗????????儔????蝯????,375,"瘞渡,?,瘚瑕",撘菟脰?,03-9317240,??????
4290,?啁姘撣?撅勗?,憭扳????啁姘撣?撅勗?憭扳???蝳楝銝畾?30??120.933483,24.745728,憭扳???,??之皝絲撅晞皝?205,"瘞渡,?",暺遣鞎∠蜇?蜓隞?5374609-11,??????
4291,摰蝮?撅梢?,皝???頝?8-2??121.708869,24.746017,皝蝷曉?瘣餃?銝剖?,皝??皝???13,"瘞渡,?,?瘚?瘚瑕",?單???9223998,??????
4292,摰蝮?ㄞ??,?孕??憯臬??ㄞ敹楝1??121.785768,24.746835,憯臬???,?券?,190,"瘞渡,?,瘚瑕",蝪⊥?擳?03-9383017,??????
4293,摰蝮?ㄞ??,憭抒???憯臬??之蝳?憯舀膨頝?畾?79??121.7858,24.7469,憭抒?鋆予摰??券?,600,"瘞渡,?,瘚瑕",?喟?撅?03-9301171,??????
4294,摰蝮???剖?,????瘜啣控頝臭?蝯毽9銋?0??121.7374,24.7482,??蝷曉?瘣餃?銝剖?,????蝯?,35,"瘞渡,?,瘚瑕",?剔?????,03-9324589,??????
4295,摰蝮?撅梢?,皝正????頝?31??121.68547,24.748286,??蝷曉?瘣餃?銝剖?,皝正??皝???78,"瘞渡,?,?瘚?瘚瑕",皜賊瘛?9222491,??????
4296,?啁姘蝮????,瘞貉???7??9銋???121.1104,24.7483,瘞貉?蝷曉?瘣餃?銝剖?,瘞貉???20,"瘞渡,?,?瘚?瘚瑕",擐桀??03-5931800,??????
4297,?啁姘蝮????,?單蔬??蝳?銵?00撌?7??121.1009,24.7484,?單蔬蝷曉?瘣餃?銝剖?,?單蔬??60,"瘞渡,?,?瘚?瘚瑕",?勗獢?03-5928753,??????
4298,摰蝮???剖?,,憟喃葉頝臭?畾?48??121.766,24.7488,銝?摰??唳??85,"瘞渡,?,瘚瑕",?慰??03-9385065,??????
4299,摰蝮???剖?,????敺抵?頝臭?畾?7??121.7476,24.7489,敺抵??葉蝢方擗????儔??,212,"瘞渡,?,瘚瑕",皜豢?????03-9322942??5033,??????
4300,摰蝮?撅梢?,瘞詨???皞急?頝?2-1??121.711078,24.749471,瘞詨?蝷曉?瘣餃?銝剖?,瘞詨????剖???96,"瘞渡,?,?瘚?瘚瑕",?桐?蝢?39226129,??????
4301,?啁姘蝮????,?舫???6??76銋???121.1398,24.7502,?舫?????,?舫???20,"瘞渡,?,?瘚?瘚瑕",?啗?璆?03-5932729,??????
4302,摰蝮???剖?,撱嗅像???望葛頝臭?撌?4撘?1??121.7838,24.7504,鈭之蝷曉?瘣餃?銝剖?,撱嗅像??38,"瘞渡,?,瘚瑕",??靽?03-9380765,??????
4303,摰蝮???剖?,?望???憟喃葉頝臭?畾?00??121.7669,24.7505,銝剛?葉,?望???梢?,420,"瘞渡,?,瘚瑕",???冽??鈭?蝯??蝑?03-9382704,??????
4304,摰蝮???剖?,撱箄???敺抵?頝臭?畾???121.7428,24.7511,??摰擃葉擃擗?撱嗅像?遣頠??陸撅梢?,237,"瘞渡,?,瘚瑕",撘萄振鞊芯蜓隞?03-9324153頧?00,??????
4305,摰蝮?ㄞ??,蝢???憯臬?????瘞貊?頝?畾?21??121.8017,24.7513,蝢?瘣餃?銝剖?,蝢?,155,"瘞渡,?,瘚瑕",????03-9307656,??????
4306,摰蝮???剖?,,?∟?頝???121.7643,24.7517,暺???擃擗??唳???,108,"瘞渡,?,瘚瑕",憿汙銝颱遙,03-9383792??104??14,??????
4307,摰蝮???剖?,蟡噙??瘞?頝臭?畾?5??121.7539,24.7526,蝷曄?憭扳?2璅?蟡噙?之?圈???甈?,56,"瘞渡,?,瘚瑕",暺???03-9325164,??????
4308,摰蝮???剖?,蟡噙??撏?銵???121.7547,24.7532,摰??瘣餃?銝剖?,蟡噙?之?圈??瘞?,286,"瘞渡,?,瘚瑕",???箸??⊿,03-9322210頧?11,??????
4309,摰蝮???剖?,蟡噙??銝剖控頝臭?畾?93??95??121.7526,24.7534,?勗飭撱?蟡噙?之?圈?,350,"瘞渡,?,瘚瑕",?溶蝳?03-9322590,??????
4310,摰蝮???剖?,鞎??瘜啣控頝?8??121.7426,24.754,????瘣餃?銝剖?,?????剝??遣頠??陸撅梢?,231,"瘞渡,?,瘚瑕",撘萄皞蜓隞?03-9323795頧?104,??????
4311,摰蝮???剖?,蟡噙??撏?銵???121.7546,24.754,銝剖控??鈭擗?蟡噙?之?圈??瘞?????65,"瘞渡,?,瘚瑕",撘菔??03-9322064-105,??????
4312,摰蝮???剖?,鞎??瘜啣控頝?0??121.747,24.7545,?儔??鈭擗?镼輸???????剝?????,284,"瘞渡,?,瘚瑕",?喳????03-9322077頧?833,??????
4313,摰蝮???剖?,,撱嗅像頝?0??121.7655,24.7549,??摰擃??雁??????摰??葉???辣撟喲?,283,"瘞渡,?,瘚瑕",?喳予蟡?03-9384147頧?10,??????
4314,?啁姘撣?撅勗?,????啁姘撣?撅勗?????唾楝70??120.944631,24.755627,???,??擐?1060,"瘞渡,?",暺??脩蜇?蜓隞?O嚗?373543-12,??????
4315,摰蝮?ㄞ??,蝢???憯臬???蝳?蝢?頝?畾?2撌???121.791,24.7569,蝢?瘣餃?銝剖?,蝢?,60,"瘞渡,?,瘚瑕",瞏???03-9256618,??????
4316,?啁姘蝮??镼輸,?控??4?啗竣?臬控25??121.2087,24.7576,?控??,?控?撖?,280,"瘞渡,?,?瘚?,?振??03-5476349,??????
4317,?啁姘撣?撅勗?,????啁姘撣?蝳楝鈭挾707??120.954072,24.758944,銝剛憭批飛,?梢???????6770,"瘞渡,?",?賢????03-5186314,??????
4318,摰蝮???剖?,銝剖控????銵?2??121.7511,24.7593,蝣折?摰?銝剖控??48,"瘞渡,?,瘚瑕",暺蔗??03-9323655,??????
4319,摰蝮?ㄞ??,?飯??憯臬????ㄞ瞈梯楝3畾?95??121.815365,24.759471,?飯瘣餃?銝剖?,?飯??66,"瘞渡,?,瘚瑕",???03-9301160,??????
4320,摰蝮?撅梢?,?剖???瘞詨?頝?畾?86銋???121.719624,24.759721,蝯隞賜冗?瘣餃?銝剖?,?剖???瘞詨???52,"瘞渡,?,?瘚?瘚瑕",?唾??03-9223108,??????
4321,摰蝮???剖?,璇散???桀像頝?8??121.7442,24.7608,璇散?撟喳悅,璇散??35,"瘞渡,?,瘚瑕",???,03-9283036,??????
4322,摰蝮???剖?,????摰撣?楝111??121.7575,24.7608,?勗?蝷曉?瘣餃?銝剖?,???????梢??????葉??,44,"瘞渡,?,瘚瑕",敺蔔摨?03-9320883,??????
4323,摰蝮???剖?,銝剖控???銵?5??121.7506,24.7617,摰蝮?冗???拚尹憭??賢???銝剖控??32,"瘞渡,?,瘚瑕",璆?撌?03-9328822-341,??????
4324,摰蝮?撅梢?,?????頝?82??121.729673,24.762017,??蝷曉?瘣餃?銝剖?,?????控??94,"瘞渡,?,?瘚?瘚瑕",?喲?甈?03-9224573,??????
4325,摰蝮???剖?,????蝣折?銵?36??121.7524,24.7622,?嗅?蝷曉?瘣餃?銝剖?1璅?????45,"瘞渡,?,瘚瑕",?單?蝢?03-9367075,??????
4326,摰蝮???剖?,?????嗅?銵?毽16??121.7518,24.7626,?嗅????,????4,"瘞渡,?,瘚瑕",?單慰璁?03-9362905,??????
4327,摰蝮???剖?,璇散?????亥楝48??璅?121.7443,24.7631,璇散蝷曉?瘣餃?銝剖?,璇散??86,"瘞渡,?,瘚瑕",皜貉正皝?03-9283552,??????
4328,摰蝮???剖?,摮?????頝荔?嚗???121.755,24.7638,?????望?擗?摮???148,"瘞渡,?,瘚瑕",?喲?雓,03-9322309頧?82,??????
4329,摰蝮???剖?,撠??璅嫣犖頝?7??121.75,24.7639,摰?葉瘣餃?銝剖?,撠??????撱????????356,"瘞渡,?,瘚瑕",摨瑁???????03-9322519,??????
4330,摰蝮???剖?,銝撐??銝撐頝?2銋?1??121.7752,24.764,銝撐蝷曉?瘣餃?銝剖?,銝撐??140,"瘞渡,?,瘚瑕",璆??03-9305306,??????
4331,?啁姘撣?撅勗?,?控???啁姘撣?蝳株?16??120.912421,24.764361,撖旨?葉,瘚瑕控??撅?1645,"瘞渡,?",?芸之?箇蜇?蜓隞?O嚗?374793-609,??????
4332,摰蝮???剖?,?啁???憭抒?頝?畾?43??121.7642,24.7646,?啁?蝷曉?瘣餃?銝剖?,?啁???35,"瘞渡,?,瘚瑕",暺迤靘?910096762,??????
4333,?啁姘蝮?窄撅梢?,?漯??9?圈??楝2畾?10??120.9913,24.7647,?漯??,?漯??3522,"瘞渡,?,?瘚?瘚瑕",?撘?03-5202151-208,??????
4334,摰蝮???剖?,銝撐??銝撐頝?39??121.7695,24.7648,銝撐???脣笑,銝撐??25,"瘞渡,?,瘚瑕",????03-9302180,??????
4335,摰蝮?ㄞ??,敹???憯臬???摮???頝?7-4??121.799791,24.764974,??瘣餃?銝剖?,敹???66,"瘞渡,?,瘚瑕",?鞈?937461598,??????
4336,?啁姘蝮?窄撅梢?,?漯????頝?畾?25??璅?120.9912736,24.76552459,撖嗅控?????踹之璅??漯??264,,?喳遣隞?03-5200090,??????
4337,?啁姘撣?撅勗?,蝢控???啁姘撣葉?航楝鈭挾648撌?26??120.913409,24.765725,?控??,?控?絲撅?1460,"瘞渡,?",?喃撮?拍蜇?蜓隞?5374304#213,??????
4338,?啁姘蝮?窄撅梢?,,??頝臭?畾?83??120.993005,24.766487,撖嗅控?犖?熒銝剖?,?漯??310,"瘞渡,?,?瘚?瘚瑕",?∠?,03-5200090,??????
4339,?啁姘蝮?姘?梢,鈭?????頝?2??121.05731,24.767497,鈭???蝳桀?,鈭???銝???800,"瘞渡,?瘚?,??蝢?03-5822098,??????
4340,摰蝮???剖?,?揖?????亥楝231??121.7499,24.7675,?揖蝷曉?瘣餃?銝剖?,?揖??72,"瘞渡,?,瘚瑕",?喟?鞈?03-9283585,??????
4341,?啁姘蝮????,?圈陶???﹛頝?00??121.0878,24.7679,?圈陶????,?圈陶??20,"瘞渡,?,?瘚?瘚瑕",?甈?03-5927789,??????
4342,摰蝮?撅梢?,?控???控頝?3-1??121.718546,24.768291,?控蝷曉?瘣餃?銝剖?,?控??????60,"瘞渡,?,?瘚?瘚瑕",雿?敺?03-9231666,??????
4343,摰蝮???剖?,?揖???揖頝?1-5??121.7546,24.7686,?揖????,?揖??10,"瘞渡,?,瘚瑕",璆???03-9285311,??????
4344,?啁姘蝮??镼輸,?控??11?圈收甇衣107??121.2252,24.7688,?血控??,?控?撅梢?,460,"瘞渡,?瘚?,瞏樴?03-5478681#12,??????
4345,?啁姘撣?,擃陸???啁姘撣???頝?1211 ??120.979086,24.768845,??皝?撠?擃陸 ??,937,"瘞渡,?",皞急??賜蜇?蜓隞?03-5200360#2040,??????
4346,?啁姘蝮?窄撅梢?,瘛曹???7?圈??楝2畾?8??121.0039,24.7698,瘛曹?蝷曉?瘣餃?銝剖?,瘛曹???208,"瘞渡,?,?瘚?瘚瑕",?暸???03-5762710,??????
4347,摰蝮?ㄞ??,?望葛??憯臬??皜舀??敺楝50-1??121.8,24.7706,?敺暑?葉敹??望葛,46,"瘞渡,?,瘚瑕",暺?瘚?03-9385121,??????
4348,摰蝮???剖?,?剔??憭批頝臭?畾?00??121.7545,24.7707,?啁???擃擗??剔??瘣仿??????瘣脤?,317,"瘞渡,?,瘚瑕",?喲?靽???喳撅蜓隞?03-9283791頧?10,??????
4349,摰蝮?ㄞ??,?支滬??憯臬??鈭剜??支滬頝?8-16??121.8003,24.7719,?支滬瘣餃?銝剖?,?支滬,199,"瘞渡,?,瘚瑕",???03-9302708,??????
4350,?啁姘撣?撅勗?,?梢????啁姘撣?憟楝48??120.943099,24.774677,??憭批飛,?梢????璈?8095,"瘞渡,?",??????03-5302255#2190,??????
4351,?啁姘蝮????,????7?唳?撅梯楝327??121.0814,24.7747,??????,????40,"瘞渡,?,?瘚?瘚瑕",?抒皞?03-5921550,??????
4352,?啁姘蝮????,??????銵?0撌???1,121.0792,24.7749,?????桀???????110,"瘞渡,?,?瘚?瘚瑕",?剖遣敹?03-5921135,??????
4353,?啁姘蝮????,銝剖???2??銋???121.0925,24.775,銝剖?蝷曉?瘣餃?銝剖?,銝剖???10,"瘞渡,?,?瘚?瘚瑕",璇???03-5926159,??????
4354,摰蝮?ㄞ??,敹???憯臬???摮?憯臬頝?7??121.8148,24.7751,憯臬瘣餃?銝剖?,敹???129,"瘞渡,?,瘚瑕",撘萇?撅?03-9303178,??????
4355,?啁姘撣?撅勗?,擐????啁姘撣??寡?306??120.94033,24.775832,?蝘?憭批飛,?梢?????3495,"瘞渡,?",?唾????03-6102380,??????
4356,摰蝮???剖?,?剔???剔頝?9-10??121.7506,24.7763,?剔蝷曉?瘣餃?銝剖?,?剔??38,"瘞渡,?,瘚瑕",?單蟡?03-9284854,??????
4357,?啁姘蝮??镼輸,?勗???5?啣??剖撐190??121.1759,24.7765,?勗???,???撖????,430,"瘞渡,?,?瘚?,?抒???03-5872243,??????
4358,摰蝮?ㄞ??,?啁冗??憯臬??蝷暹??啁冗頝?4銋???121.7889,24.7774,?啁冗瘣餃?銝剖?,?啁冗,89,"瘞渡,?,瘚瑕",????03-9301042,??????
4359,?啁姘撣?,蝘????啁姘撣?憯質楝300??121.015882,24.777965,?啁姘撖阡?銝剖飛,蝘???撅晞?瘞?3375,"瘞渡,?",?臬?瘣?蝮賢??誨?蜓隞?5777011#251,??????
4360,摰蝮??瞉喲?,瞉唾??銝剖亢頝?9??120.988108,24.778289,瞉唾??,瞉唾??50,"瘞渡,?,瘚瑕",?單???03-9985108,??????
4361,?箔葉撣蝷曉?,敺拍???銝剖?銵?畾萄?銝剖毽10??120.988108,24.778289,?啁冗擃?銝剖飛,敺拍???300,"瘞渡,?,?瘚?,敺眾??04-25812116??611,??????
4362,?啁姘撣?,????啁姘撣?敺抵楝銝畾?9撌?8??121.023052,24.780004,?啁??葉,???撅?850,"瘞渡,?",?喟暻?????6686387-6123,??????
4363,摰蝮??皞芷?,樴蔬???脤?頝?1??121.7447,24.7802,樴蔬??,樴蔬??195,"瘞渡,?,?瘚?瘚瑕",?暸???03-9284764#215,??????
4364,?啁姘蝮?姘?梢,?剝???蝡嫣葉頝?04撌?4??121.03,24.7805,蝡嫣葉??蝳桀?,?∪控????皝?,600,"瘞渡,?瘚?瘚瑕",?唾憪?03-5823822#730,??????
4365,?啁姘蝮????,瘞游???4?唳??航?183撌?121.098,24.7817,瘞游?蝷曉?瘣餃?銝剖?,瘞游???20,"瘞渡,?,?瘚?瘚瑕",摰?撅?5921333,??????
4366,?啁姘撣?,隞偌???啁姘撣?蝘????啁?摮詨?頝?71??121.011818,24.781902,蝘???,隞偌,365,"瘞渡,?",???蜓隞?03-6668421-130,??????
4367,摰蝮??皞芷?,?郎??甇行?頝?0銋???121.7672,24.7829,??撟澆????郎??448,"瘞渡,?",蝜?璇?03-9304777,??????
4368,?啁姘撣?,?啗????啁姘撣??梯楝53??121.022153,24.783923,???,?啗? ?,1360,"瘞渡,?",?蔔蝛蜇?蜓隞?O嚗?775645,??????
4369,摰蝮?ㄞ??,?斤???憯臬??蝯??斤?頝?37??121.8094,24.7846,?斤?瘣餃?銝剖?,?斤?,88,"?,瘚瑕",鞈渡姿暻?03-9383348,??????
4370,?啁姘撣?撅勗?,擐控???啁姘撣??寡?124??120.929526,24.785082,擐控擃葉,擐控?????? 憭批? 蝢控,3365,"瘞渡,?",??甇?蜓隞?5384332#401,??????
4371,?啁姘撣?,蝘????啁姘撣之摮貉楝1001??120.997073,24.785604,鈭日之摮???????摰?4610,"瘞渡,?",隞餉?方??踹???5712121#51914,??????
4372,?啁姘蝮????,銝控??5?啁???銵???121.0721,24.7857,銝控????,銝控??60,"瘞渡,?瘚?瘚瑕",?朮??03-5120806,??????
4373,摰蝮??皞芷?,?單????脰頝?9??121.7596,24.786,?單??葉,?單???742,"瘞渡,?",蝔??03-9284701#52,??????
4374,?啁姘撣?,?啗????啁姘撣?敺抵楝1畾?12??121.011858,24.78629,?郎?葉,樴控 ?啗?,1555,"瘞渡,?",?湧暑璉桐?????0577934-701,??????
4375,摰蝮??皞芷?,?單????脰頝?6??121.7598,24.7865,????,????360,"瘞渡,?",暺???03-9284751#102,??????
4376,?啁姘蝮????,銝控???控頝?89??121.0687,24.7875,?啁姘蝮?噙??????80,"瘞渡,?瘚?瘚瑕",皞怎╡隤?5921018-12,??????
4377,?啁姘撣?撅勗?,憭批????啁姘撣?撅梢?憭批?頝?8??120.927189,24.789125,憭批???,憭批???撅晞?撅晞邦銝絡瘞???,1510,"瘞渡,?",?喳遣?怠飛?蜓隞?5384035,??????
4378,?啁姘蝮??镼輸,?勗???10?唬葉撅望頝???121.1861,24.7898,?正擃葉,?勗控??摰摰?1170,"瘞渡,?,?瘚?,?僑鈭?5872049,??????
4379,?啁姘撣?,????啁姘撣?憭扯楝569??120.965592,24.789997,?脰郭?葉,? 皝膨,1770,"瘞渡,?",?喳?撘瑚蜓隞?03-5223075#127,??????
4380,?啁姘撣?,?啣????啁姘撣?皝楝200??120.967491,24.790196,?賢???,?啣? ? 皝膨,1745,"瘞渡,?",?啣??寧蜇?蜓隞?910770087,??????
4381,?啁姘蝮??镼輸,?勗???銝剖控?梯楝40??121.1839,24.7903,?勗???,?勗???撅梢????單??撅梢????單????圈????單???585,"瘞渡,?,?瘚?,璆??5872177,??????
4382,?啁姘撣?,樴控???啁姘撣??儔頝臭?畾?74??121.006933,24.790362,樴控??,樴控????2015,"瘞渡,?",撱???摮詨?銝颱遙,5774287-712,??????
4383,?啁姘撣??,?脫漯???啁姘撣???脫漯?揮撊箄楝128撌?8??120.951558,24.79067,?噸擃葉,?脫漯,3710,"瘞渡,?",暺?璉蜇?蜓隞?5258748#501,??????
4384,摰蝮??皞芷?,??????撏楝95銋???121.7294,24.7924,樴蔬?????,"????鈭???,60,"瘞渡,?,?瘚?瘚瑕",擳???03-9285199,??????
4385,?啁姘撣?,擃陸???啁姘撣飛摨楝2??120.976649,24.792771,撱箄?葉,擃陸,3400,"瘞渡,?",?單??蜇?蜓隞?O嚗?238075-130,??????
4386,?啁姘撣?,?啣????啁姘撣?憭扯楝521??120.964058,24.792904,?啁姘?憭批飛,?航? ?啗? 撖箏? ?啣?,3160,,暺窄?脩???52131323-5302,??????
4387,?啁姘撣?,?之???啁姘撣飛摨楝4??120.978043,24.794134,?寡?葉,撱箄 ?勗控 ?姘 ?之,3465,"瘞渡,?",?∩?瘚拐蜓隞?5721301,??????
4388,?啁姘撣?,?????啁姘撣?敺抵楝101??120.991267,24.794199,皜憭批飛,??,2870,"瘞渡,?",?曄?頨怠??,35714769,??????
4389,?啁姘撣?,撱箄???啁姘撣飛摨楝36??120.981495,24.795254,?啁姘擃葉,撱箄 ?勗控 隞悅 ?姘,3835,"瘞渡,?",?梁??凳鈭?O嚗?736666-302,??????
4390,?啁姘撣?,蝬偌???啁姘撣飛摨楝128??120.984561,24.79558,?啁姘擃?,蝬偌,4560,"瘞渡,?",撘菔?蜓隞餅?摰?5722150,??????
4391,?啁姘撣?,蝡寡???啁姘撣?摮貉?106??120.966471,24.796326,?啁姘??,?? ?? 蝳噸 ?航? ?啗? 撖箏? 蝡寡 ?之,1815,"瘞渡,?",?剔??蜇?蜓隞?5711125-107,??????
4392,?啁姘撣?撅勗?,?????啁姘撣??頝?60??120.943643,24.796942,擐控??,?????葉?擐??? 璅嫣?,1625,"瘞渡,?",敺隤?????03-5386164#2118,??????
4393,?啁姘撣?撅勗?,?????啁姘撣??楝23??120.95023,24.796972,????,????蝳擐?銝剖?,1060,"瘞渡,?",?剔???????O嚗?386204-33,??????
4394,?啁姘撣?,撱箏????啁姘撣遣??頝?7??121.001296,24.797422,撱箏?擃葉,蝡? 撱箏? ??,2695,"瘞渡,?",?賜?摰蜇?蜓隞?5745892300,??????
4395,?啁姘撣?,?儔???啁姘撣?敺抵楝鈭挾153??120.994016,24.79763,?儔銝剖飛,?儔 鞊? 甇血? 頠? 撱箏? ??,3790,"瘞渡,?",憭??思?????5753515,??????
4396,摰蝮??皞芷?,???蝷漯???唳???頝臭?畾?79撌???121.7856,24.7979,?瘣餃?銝剖?,??嗅捆?,59,"瘞渡,?",皜豢??939751691,??????
4397,?啁姘蝮??镼輸,????12?啣????1??121.1729,24.7981,?正?葉,?控?????之??摰?950,"瘞渡,?,?瘚?,????03-5872008,??????
4398,摰蝮??皞芷?,?????頝?4??121.7832,24.7982,???,鈭???瞏格????唳?,254,?,?賣?敶?03-9882461#101,??????
4399,?啁姘撣??,銝剖亢???啁姘撣?蝬剛楝47??120.960921,24.79934,?啁姘?憭批飛?身撖阡?撠飛,?脰????葉憭?镼輸? 撏旨 ?唳漯 ?脫漯,1895,"瘞渡,?",?∩蔔?餌蜇?蜓隞?5282420#301,??????
4400,?啁姘撣?,?砍????啁姘撣?敺?25??120.985352,24.799643,?勗???,?砍???瘞氬?Ｕ?敺?1515,"瘞渡,?",?曹蔗?拍蜇?蜓隞?03-5712496#8604,??????
4401,?啁姘撣?,????啁姘撣遣??頝?04撌?2??120.998724,24.800239,撱箏???,? 鞊? 甇血? 頠?,1695,,雓?憪輻蜇?蜓隞?5713447#804,??????
4402,?啁姘蝮??镼輸,銝???11?啣??1??121.1402,24.801,?芣???,銝????,435,"瘞渡,?瘚?,?喳?撘?5869310,??????
4403,?啁姘撣??,銝剖亢???啁姘撣?憭扯楝450??120.959338,24.802744,镼輸???,镼輸???敺瑯??正??蝳??脰 ?? 摰ａ?瘞? 銝剖亢 ?喳?,1830,"瘞渡,?",璆?蜇?蜓隞?5222492??2040,??????
4404,摰蝮?ㄞ??,?支滬??憯臬??鈭剜?瘞貊?頝?畾?80??121.8162,24.8028,憯臬???撟澆????券?,351,"瘞渡,?,瘚瑕",?蔔??03-9304246,??????
4405,?啁姘撣?撅勗?,?????啁姘撣辣撟唾楝鈭挾78??120.940899,24.805193,????,???之曀研?撅?銝剖?,1645,"瘞渡,?",雿?頠蜇?蜓隞?5381820-805,??????
4406,?啁姘撣?撅勗?,?控???啁姘撣辣撟唾楝鈭挾76??120.941997,24.805194,???葉,???之曀研?撅?銝剖? 瘚豢偌,2840,"瘞渡,?",?喳?憒?????03-5788309,??????
4407,?啁姘撣?,?梢????啁姘撣葉?航楝鈭挾270??120.975885,24.805546,?啁姘憟喃葉,?脰郭 閬芯? ?梢? ?? 璁桀? 銝? ?勗? ?砍? 銝姘,2640,"瘞渡,?",?喲憒?摨嗅?蝯,5456611-509,??????
4408,?啁姘撣?,銝剜迤???啁姘撣??楝40??120.973293,24.805564,?勗???祆?,銝剜迤??105,"瘞渡,?",?賣?瑹餉玨??5203606,??????
4409,?啁姘撣?,銝剜迤???啁姘撣??楝33??120.97267,24.80578,?梢???,?脰郭 閬芯? ?梢?????璁桀? 銝剜迤??撣??? 銝姘,4800,"瘞渡,?",暺遣颲唬?????O嚗?222109-8602,??????
4410,?啁姘蝮?姘??,?望絲???梯?頝臭?畾?39??121.0498,24.8058,?望絲??,?望絲?????,615,"瘞渡,?,?瘚?瘚瑕",?蔬??03-5502961#14,??????
4411,?啁姘撣??,?圈????啁姘撣?撟唾楝銝??120.955548,24.807347,蝡孵??葉,?圈?,480,"瘞渡,?",???喟蜇?蜓隞?5246683-631,??????
4412,?啁姘撣??,瘞????啁姘撣正憭扯楝561??120.959098,24.807709,瘞???,?唳???葉?正? 瞏? 摰ａ? ?? 瘞? 蝤 隞噸,2250,"瘞渡,?",???蜇?蜓隞?5222102-830,??????
4413,?啁姘蝮??镼輸,????????9??121.1204,24.8087,????,????470,"瘞渡,?,?瘚?,?蔗??5868952#13,??????
4414,?啁姘撣?,?勗????啁姘撣葉?航楝鈭挾2??120.983471,24.809466,?啁姘擃極,?勗? ?勗,1570,"瘞渡,?",?⊥陶?凳鈭?5437478#208,??????
4415,摰蝮??皞芷?,銝????蝯楝101銋???121.7646,24.8099,銝?瘣餃?銝剖?,??嗅捆?,59,"瘞渡,?",?喲蟡?922885704,??????
4416,?啁姘撣??,蝤???啁姘撣正憭扯楝683??120.956991,24.810797,蝤銝剖飛,蝤?????1130,"瘞渡,?",敺??剔蜇?蜓隞?5223946#241,??????
4417,?啁姘撣?,敺拐葉???啁姘撣?憭扯楝61??120.972659,24.811459,??憟喃葉,?西????敺拐葉,1565,"瘞渡,?",敺??脣飛?蜓隞?5325709-301,??????
4418,?啁姘撣?,?西???啁姘撣?憭扯楝70??120.971126,24.812434,????,?西,485,"瘞渡,?",???脣飛?蜓隞?O嚗?328283,??????
4419,?啁姘撣?,銝????啁姘撣?梯楝95撌?5??120.980285,24.812643,銝??葉,? 敺拐葉 敺抵? 銝? ?漯,2935,"瘞渡,?",暺?摰蜇?蜓隞?5339825-131,??????
4420,?啁姘撣?,瘞湔????啁姘撣趕敺瑁楝11??121.002681,24.812834,瘞湔???,瘞湔?,1110,"瘞渡,?",?單???????O嚗?711125-107,??????
4421,摰蝮??皞芷?,銝???蝷漯???剔?頝?00??121.7596,24.8133,銝???,"銝????賡???????,180,"瘞渡,?,?瘚?瘚瑕",????03-9882271#82,??????
4422,?啁姘撣?,敺抵????啁姘撣?梯楝66??120.981423,24.813321,銝???,敺抵?,2390,"瘞渡,?",?剖??芰蜇?蜓隞?O嚗?326345-16,??????
4423,?啁姘蝮?姘??,暽踹????頝?2??121.0254,24.8137,?剖振??,?勗像?嘀?湧??葉??,760,"瘞渡,?,?瘚?瘚瑕",雿???03-5502624#700,??????
4424,?啁姘蝮??镼輸,?喳???9?啁撗∪?386??121.129,24.8138,?喳???,?喳??之??,490,"瘞渡,?,?瘚?,?遣??5869311,??????
4425,?啁姘撣?撅勗?,皜臬????啁姘撣葛??瘚瑕?頝?71撌?1??120.923258,24.813817,皜臬???,皜臬? ?控,1100,?,?刻憒蜇?蜓隞?5382964-13,??????
4426,?啁姘撣??,瘞渡???啁姘撣偌?啗?33??120.965902,24.814158,????,瘞渡???啜?? ?瑕? ?? 甇阡 蝳? 憓?,1160,"瘞渡,?",閮勗??蜇?蜓隞?O嚗?316668-205,??????
4427,?啁姘蝮??,撖嗥????頝?72??121.0791,24.8162,撖嗥??,撖嗥???抒???900,"瘞渡,?,?瘚?,??蟡?03-5882397,??????
4428,?啁姘撣??,????啁姘撣??航?69??120.970462,24.816533,????祆?,?,215,"瘞渡,?",??璇玨??5152525頧?00,??????
4429,摰蝮??皞芷?,?????偏頝?60??121.7189,24.8169,雿?憭批飛,"鈭????蔭??????????單????郎???拍10?砍偕隞乩?瘚瑕",642,"瘞渡,?,瘚瑕",?⊥???03-9871000-1130,??????
4430,摰蝮??皞芷?,憭批???蝷漯頝臬?畾?3??121.7677,24.8172,蝷漯?葉,憭批???531,"瘞渡,?,?瘚?瘚瑕",?喳?撘?03-9882412#105,??????
4431,?啁姘撣??,皝喲????啁姘撣??臬?銵?0??120.973409,24.818393,??葉,??像?像銝?? ?? ?姘 ?冗,2925,"瘞渡,?",敶剔?擐?????O嚗?316605-132,??????
4432,?啁姘蝮?姘??,暽踹?????怨楝99??121.017037,24.818666,???葉,暽踹??蝢拚???蝢拚?銋?甈⊿???,775,"瘞渡,?,?瘚?瘚瑕",暺???03-5505924#8300,??????
4433,?啁姘撣??,皝喲????啁姘撣???勗之頝臭?畾?86??120.963378,24.819403,頛???,憯急????鞈Ｕ郎?萸?蝳像???像銝?1705,"瘞渡,?",暺???????5316675-152,??????
4434,?啁姘蝮?姘??,??????頝?56??121.031998,24.820934,?剖振擃葉,?梯?????????,720,,????03-5501447#302,??????
4435,摰蝮??皞芷?,憭批???蝷漯頝臬?畾?35??121.7685,24.8217,蝷漯??,"憭抒儔???剔???,339,"瘞渡,?,?瘚?瘚瑕",???03-9882047-150,??????
4436,摰蝮??皞芷?,????蝷漯??蝢??偏頝?80??121.729,24.8222,瘛⊥?憭批飛?剝?∪?,"敺琿???剔???憭抒儔??????賡??憭批???銝????????賡???,638,"瘞渡,?,瘚瑕",暺?撌?03-9873088,??????
4437,?啁姘撣??,?姘???啁姘撣???姘頝?9??120.973497,24.822754,?冗??,?姘??蝷?1040,"瘞渡,?",?單∟蝮賢?銝颱遙,5342023-1051,??????
4438,?啁姘蝮?姘??,??????楝66??121.024088,24.824104,????,???????唳葛??啜摨?銋?甈⊿???,740,"瘞渡,?,?瘚?瘚瑕",撘萄?鞎?03-6583517#201,??????
4439,摰蝮??,,?剖??桃姘摰??剜膨頝臭?畾?01??121.8206,24.8252,蝡孵???蝡孵???鈭璅?蝡孵?,93,"?,?瘚?,暺頠?03-9771178,??????
4440,獢?撣之皞芸?,敺抵???敺抵?頝臭?畾?75撌?6??121.310479,24.825594,敺抵?蝷曉?瘣餃?銝剖?,敺抵???30,"瘞渡,?,?瘚?,?郭??03-3884303,??????
4441,獢?撣?瞏剖?,擃像??瘛梁版摮?6銋???121.212164,24.82605,樴????,擃像??800,?,??憒?03-4717149#510,??????
4442,?啁姘蝮??镼輸,?勗像??5?啣之?勗?27??121.1194,24.8263,憭芸像??,?勗像??-15??220,"瘞渡,?瘚?,???5882634,??????
4443,?啁姘蝮??,?控???頝?60??121.0474,24.82632,?控??,?控??510,?,?敹?03-5882918,??????
4444,獢?撣?瞏剖?,擃???銝剖?頝?畾?35??121.192084,24.826594,擃?????,擃???140,瘞渡,暺???03-4717452,??????
4445,獢?撣?瞏剖?,擃像??擃像??皞楝11??121.206349,24.826772,擃像蝷曉?瘣餃?銝剖?,擃像??170,瘞渡,雓?瞍?03-4717766,??????
4446,?啁姘蝮??,?唳???銝剜迤頝?92??121.0709,24.8279,?啣??葉,?啁????唳??1400,"瘞渡,?,?瘚?,?喟???03-5882026,??????
4447,?啁姘蝮??,?啁???銝剜迤頝?76??121.071269,24.828171,?啣??桀?,?唳????啁???40,"瘞渡,?,?瘚?,暺???03-5881311#115,??????
4448,?啁姘蝮??,?漣??銝剜迤頝?66??121.0791,24.8286,?啣???,?啣???鈭????漣??280,"瘞渡,?,?瘚?,?望???03-5882124,??????
4449,摰蝮??皞芷?,敺琿??銝剖控頝臭?畾?33??121.7651,24.8287,敺琿摰桀??之璅?"敺琿??????賡??,116,"瘞渡,?瘚?瘚瑕",????03-9882248,??????
4450,獢?撣?瞏剖?,憭批像??憭批像24-1??121.24615,24.828866,憭批像????,憭批像??230,瘞渡,?曉???03-4111008,??????
4451,?啁姘蝮??镼輸,?勗像??15?啣之?勗?67??121.165982,24.829077,憭扳??,?勗像??6-18??110,"瘞渡,?瘚?,?僑??03-5475179,??????
4452,摰蝮??皞芷?,???蝷漯??楝2??121.7768,24.8298,?瘣餃?銝剖?,??嗅捆?,44,"瘞渡,?",?曉???930164086,??????
4453,?啁姘蝮??,?唳???瘞?銵?8??121.0735,24.83002,?唳???,?唳????勗???590,"瘞渡,?,?瘚?,暺??03-5882078,??????
4454,獢?撣?瞏剖?,擃???璈怠瓷銝?6??121.194407,24.830482,擃????,擃???1000,?,?喳???03-4717009#520,??????
4455,?啁姘蝮?姘??,???????剛楝72??121.0057,24.8311,????,???撏???撏???敺琿?????,715,"瘞渡,?,?瘚?瘚瑕",撘萇雁??03-5519830#200,??????
4456,獢?撣之皞芸?,?啣陸??敺抵?頝臭?畾?58撌?8??121.329588,24.831286,?啣陸蝷曉?瘣餃?銝剖?,?啣陸??50,"瘞渡,?,?瘚?,?剜蝢?03-3825623,??????
4457,獢?撣之皞芸?,蝢拙???蝳控銝頝???121.262147,24.831873,皞芣散蝳控撌?蝢拙???100,"瘞渡,?,?瘚?,璆陷??03-388-8235,??????
4458,摰蝮??,,?剖??桐葉撏?頝?1??121.8027,24.8348,銝剖???銝剖?蝷曉?瘣餃?銝剖?,銝剖?,76,"?,?瘚?,?∪予鞈?03-9772361,??????
4459,?啁姘蝮?姘??,蝡嫣???隞?銵???121.0131,24.8363,蝡嫣???,蝡嫣???敺琿??姘????摰?????,705,"瘞渡,?,?瘚?瘚瑕",雓?鞎?03-5552472#14,??????
4460,獢?撣?瞏剖?,銝???瘞豢?頝?1撌?5??121.248866,24.836645,銝????,銝??之撟喲?,150,?,瘨???03-4713627#510,??????
4461,?啁姘蝮?姘??,蝡寧儔??銝剖亢頝???121.00412,24.836963,蝡孵?擃葉?思誨蝡孵???,蝡寧儔??1885,"瘞渡,?,?瘚?瘚瑕",?隞脩祖,03-5517330#203,??????
4462,摰蝮??,,?剖??桐???頝?8-3??121.8078,24.837,銝???銝?蝷曉?瘣餃?銝剖?,銝?,100,"?,?瘚?,?云皞?03-9772064991,??????
4463,?啁姘撣??,摨瑟????啁姘撣憭扯楝銝挾465??120.939241,24.838589,?祚??,摨瑟??葉撖柴?皜??方郭 ?祚 瘚瑟膨 皜臬?,1435,"瘞渡,?",??蟡亦蜇?蜓隞?03-5363448#838,??????
4464,摰蝮??,,?剖??桐????頝臭?畾?43??121.7928,24.8388,鈭???鈭?蝷曉?瘣餃?銝剖?,鈭?,117,"瘞渡,?,?瘚?瘚瑕",?⊿???03-9882140,??????
4465,?啁姘蝮??,銝祚??蝢拇?頝臭?畾?50??121.043286,24.839011,?祚??,銝祚??545,"瘞渡,?,?瘚?,?⊥??03-5882081,??????
4466,?啁姘蝮?姘??,蝡寧儔??銝剜迤镼輯楝50??121.0036,24.8396,蝡孵?瘞瘣餃?銝剖?,蝡寧儔?陸??????蝷暸?,155,"瘞渡,?瘚?瘚瑕",雿椰??03-5515919,??????
4467,獢?撣?瞏剖?,銝???銝???7??121.229961,24.840368,銝?蝷曉?瘣餃?銝剖?,銝???80,瘞渡,擳旨鞎?03-4705872,??????
4468,獢?撣?瞏剖?,樴???蟡?頝?55??121.212445,24.84158,樴蔬擃葉?,樴???瞏剝?????,1000,?,?眼?,03-4792829#166,??????
4469,獢?撣?瞏剖?,雿喳?????頝?88??121.241766,24.84158,?喲???蝳桀?,雿喳???130,瘞渡,?喲成??03-4711752#510,??????
4470,獢?撣?瞏剖?,雿喳?????頝?88??121.241766,24.84158,?喲????,雿喳??????????遣??,1000,?,?喲成??03-4711752#510,??????
4471,?啁姘蝮?姘??,?啣???銝剜迤镼輯楝1377??120.964241,24.842245,鞊??,?賢?漯撌??獄???皜舫??摨?,555,,??蝝?03-5563930#801,??????
4472,?啁姘蝮?姘??,?啁冗??5??0??120.9981,24.8428,?啁冗??,?航??蝷暸?????陸??,525,"瘞渡,?,?瘚?瘚瑕",鞈港縑??03-5552026#501,??????
4473,?啁姘撣??,?祚???啁姘撣絲瞈梢?瘚瑟膨頝?5??120.92882,24.843514,??葉,瘚瑟膨??撖柴葛??銝剖祚,2125,,敶剖丐瞏蜇?蜓隞?5362204#14,??????
4474,?啁姘蝮??,銝祚??蝢拇?頝?畾?60??121.0363,24.84384,蝢拇?撱?銝祚??銝祚??40,"瘞渡,?,?瘚?,敺噸擐?03-5882238,??????
4475,獢?撣?瞏剖?,撱箸???敹?銵?7??121.234824,24.84417,撱箸?????,撱箸???50,瘞渡,撘菜?蝢?03-4093157,??????
4476,?啁姘蝮??,暽輸陷??9??6??121.1415,24.84461,?扳??,?折????,560,"瘞渡,?瘚?,雿???03-5899807,??????
4477,摰蝮??,,?剖??桅???頝臭?畾?50??121.8149,24.8461,?????予摨?摨??箏?,??,29,"瘞渡,?,?瘚?,瘙???03-9776535,??????
4478,獢?撣?瞏剖?,撖???撱箏?頝?78??121.231628,24.846848,撖?????,撖???60,瘞渡,?儔憸?03-4708528,??????
4479,摰蝮??,,?剖??桅???頝?9??121.7966,24.8473,??????蝷曉?瘣餃?銝剖?,??,37,"瘞渡,?,?瘚?瘚瑕",?慰樴?03-9773029,??????
4480,?啁姘蝮??镼輸,?勗像??樴蔬?銝????9??121.1677,24.847681,獢?蝮????撠??勗像??6-18?啜??氬?305,"瘞渡,?瘚?,?單???03-4792154#51,??????
4481,獢?撣?瞏剖?,銝???樴頝臭??挾1356??121.167639,24.847772,銝????,銝???瘞湧?,400,?,?單???03-4792154#510,??????
4482,?啁姘蝮??,?折???9??9??121.1113,24.8489,?折???,?折???皜偌??730,"瘞渡,?,?瘚?,?喲?摰?03-5899234,??????
4483,?啁姘蝮??,?折????折7??121.1133,24.84908,?折??葉,撌典???皜偌??暽輸陷??1770,"瘞渡,?,?瘚?,擖???03-5890214,??????
4484,獢?撣之皞芸?,蝳???敺抵?頝臭?畾?55??121.287861,24.849845,?剖祚蝷曉?瘣餃?銝剖?,蝳???45,"瘞渡,?,?瘚?,?喟儔??03-3883331,??????
4485,獢?撣?瞏剖?,銝??憭折?頝?09??121.217776,24.850738,銝????,銝??110,瘞渡,?抒???03-4703681,??????
4486,?啁姘蝮??,?像??8??2??121.0858,24.8528,?像??,?像???像??430,"瘞渡,?,?瘚?,?晶??03-5882897,??????
4487,?啣?撣?撜賢?,??????31??121.4373,24.8533,???,???109,"瘞渡,?,?瘚?瘚瑕",?單雓,02-26720067??13,??????
4488,摰蝮??,,?剖??格撱粹??啗?頝?34-1??121.8196,24.8539,?啣遣???啣遣蝷曉?瘣餃?銝剖?,?啣遣,124,"瘞渡,?,?瘚?,?撽?03-9773214,??????
4489,獢?撣?瞏剖?,銝剜迤??樴頝?26撌?5-1??121.216678,24.854358,銝剜迤????,銝剜迤??130,瘞渡,?單?暻?03-4704850,??????
4490,摰蝮??,,?剖??桅??ａ?頝?54??121.7935,24.8549,????予撱??,42,"瘞渡,?,?瘚?瘚瑕",?單???03-9771206,??????
4491,獢?撣?瞏剖?,銝?????頝?10??121.21206,24.855518,銝?蝷曉?瘣餃?銝剖?,銝???100,瘞渡,?陶??03-4091895,??????
4492,摰蝮??,,?剖??格撱粹??孕頝???121.8219,24.8557,?正????撱??正????,46,"瘞渡,?,?瘚?瘚瑕",暺蝳?03-9772423,??????
4493,獢?撣之皞芸?,蝢拙???摰?頝?8??121.282001,24.856082,?扳??,摨瑕???300,"瘞渡,?,?瘚?,獢??03-3882461#510,??????
4494,獢?撣?瞏剖?,銝剜迤??蟡?頝?46??121.215334,24.856647,?????,銝剜迤???舫?,800,?,???03-4991888#51,??????
4495,摰蝮??,,?剖??桀之???予頝?99??121.8315,24.8572,憭批????予摰?憭批?,220,"?,?瘚?,?唾?銝?03-9772050,??????
4496,獢?撣之皞芸?,蝳???24?唬?撅?1??121.295778,24.858533,銝惜蝷曉?瘣餃?銝剖?,蝳???45,"瘞渡,?瘚?,閮梢?樴?03-387-3779,??????
4497,獢?撣?瞏剖?,銝???銝剛?頝臭??挾418??121.202008,24.858616,??葉蝳桀?,銝???150,瘞渡,?勗?瘜?03-4792604#511,??????
4498,摰蝮??,,?剖??桀??梢???楝6??121.825,24.8591,????蝷曉?瘣餃?銝剖?,?,53,"瘞渡,?,?瘚?,暺?摰?03-9771362,??????
4499,摰蝮??,????镼蹂?撌?-1??121.8236,24.8592,????颲脫?,????148,"瘞渡,?,?瘚?,??撅?03-9773100,??????
4500,?啁姘蝮?????,曈喳控???頝臭?畾?99??121.0223,24.8602,曈喳控蝷曉?瘣餃?銝剖?,曈喳控?陶?唳????拇?,25,"瘞渡,?瘚?瘚瑕",????03-5993911,??????
4501,獢?撣?瞏剖?,銝???樴頝舐姘蝒拇挾430??121.19293,24.860237,銝?????,銝???140,瘞渡,雓?璉?03-4898033,??????
4502,獢?撣?瞏剖?,樴???蟡?頝?55??121.212445,24.860466,樴蔬擃葉蝳桀?,樴???瞏剝?????,560,瘞渡,?眼?,03-4792829#166,??????
4503,?啁姘蝮?????,曈喳控????銵?2撌???121.0218,24.8607,曈喳控????,曈喳控?陶?唳????拇?,25,"瘞渡,?瘚?瘚瑕",????03-5993911,??????
4504,摰蝮??,,?剖??格???敺抵?頝?2撌???121.8169,24.861,??????蝷曉?瘣餃?銝剖?,??,122,"瘞渡,?,?瘚?瘚瑕",?鞈?03-9776833,??????
4505,摰蝮??,,?剖??桃???摰?頝臭?畾?78??121.8051,24.8618,蝳???蝳?蝷曉?瘣餃?銝剖?,蝳?,48,"瘞渡,?,?瘚?瘚瑕",?摩??03-9776558,??????
4506,摰蝮??,,?剖??格郎???頝?82??121.8274,24.863,甇衣????剖???,甇衣?,338,"瘞渡,?,?瘚?瘚瑕",暺???03-9771011,??????
4507,?啁姘蝮?姘??,,,121.02716,24.863184,?貉?鋆蝚?42??蝡孵?撣?甈⊿???,450,,????03-5978192,??????
4508,?啣?撣?撜賢?,鈭祚??鈭祚93??121.365455,24.863449,鈭祚撣?瘣餃?銝剖?,鈭祚??137,"瘞渡,?,?瘚?瘚瑕",?喲???02-26711017??207,??????
4509,?啣?撣?靘?,?????血頝???121.553147,24.863755,????銝剖?摮?????蝢拚??縑鞈ａ???撅梢?,152,"瘞渡,?瘚?,????02-26616482嚗?0,??????
4510,?啁姘蝮?姘??,憭抒儔??曈喳瓷頝臭?畾?00??120.9657,24.8639,曈喳瓷?葉,?賢??蝢拚???蝢拚??之蝢拚??之??,585,"瘞渡,?,?瘚?瘚瑕",敺偶??03-5561284,??????
4511,獢?撣?瞏剖?,樴蔬????頝?3??121.212839,24.863934,樴蔬?暑?葉敹?樴蔬??120,瘞渡,?暹?暻?03-4990650,??????
4512,獢?撣?瞏剖?,樴蔬????頝?3??121.214346,24.864047,樴蔬??蝳桀?,樴蔬??360,瘞渡,暺遣鞊?03-4792014#516,??????
4513,獢?撣?瞏剖?,銋???鈭?銵?30??121.225512,24.864163,銋?蝷曉?瘣餃?銝剖?,銋???140,瘞渡,?單璁?03-4891713,??????
4514,?啁姘蝮?????,????頝臭?畾?9撌?0??121.028447,24.865579,?????,??葉???陶撅望?,30,"瘞渡,?瘚?瘚瑕",????03-5993911,??????
4515,獢?撣?瞏剖?,銝剖控???砍?頝?7??121.219764,24.865755,???砍?,銝剖控????,5000,?,鞈港蔗??03-4990791,??????
4516,?啁姘蝮?????,????啁?頝?22??121.026,24.8661,皝?犖?熒瘣餃?銝剖?,??陶?唳??葉??,105,"瘞渡,?瘚?瘚瑕",????5993911,??????
4517,?啁姘蝮?????,銝剛???撌交平銝頝?5??121.0277,24.8678,銝剛?蝷曉?瘣餃?銝剖?,銝剛??陶?唳????拇?,90,"瘞渡,?,?瘚?瘚瑕",????03-5993911,??????
4518,獢?撣?瞏剖?,銝剖控???臬?頝???,121.214887,24.868209,銝剖控蝷曉?瘣餃?銝剖?,銝剖控??60,瘞渡,暺???03-4792242,??????
4519,獢?撣之皞芸?,?????芸?撖?9??121.252624,24.868543,??蝷曉?瘣餃?銝剖?,????50,"瘞渡,?,?瘚?,暺??03-380-4536,??????
4520,獢?撣?瞏剖?,???撟脣?頝?9撌?8??121.207739,24.868638,?????,???50,瘞渡,敶剜???03-4093141,??????
4521,獢?撣?瞏剖?,???撟脣?頝?9撌?6??121.207739,24.868638,樴孕????,樴孕??50,瘞渡,敶剜??03-4803888,??????
4522,獢?撣?瞏剖?,???撟脣?頝?9撌?0??121.207739,24.868638,樴蔬?憍血匱擗????蟡仿?,170,瘞渡,擐桅???03-4794847,??????
4523,獢?撣?瞏剖?,???撟脣?頝?9撌?0??,121.207739,24.868638,樴蔬?岫撟潮尹?誨?????蟡仿?,200,?,擐桅???03-4794847,??????
4524,?啁姘蝮?鞊?,?暹????暹?銵?3??9??120.9907,24.869,?暹???,?暹????撅勗???765,"瘞渡,?,?瘚?瘚瑕",暺???03-5573601,??????
4525,獢?撣?瞏剖?,甇行慰??甇行慰頝?00??121.234685,24.870371,甇行慰???,?梯??郎瞍ａ??葉?????????,800,?,撱?瘣?03-4792873#520,??????
4526,?啁姘蝮?鞊?,撅勗????啗?頝?91??120.9988,24.8721,撅勗???,撅勗????敹???720,"瘞渡,?,?瘚?瘚瑕",?單??03-5592714,??????
4527,?啁姘蝮?????,曈喳??隞?頝?00??121.0145,24.8728,曈喳蝷曉?瘣餃?銝剖?,曈喳???拇??葉??,55,"瘞渡,?瘚?瘚瑕",????03-5993911,??????
4528,獢?撣?瞏剖?,?怠噸??璇?頝???121.201718,24.873178,?怠噸????,?怠噸??150,瘞渡,撘菟???03-4796668,??????
4529,獢?撣之皞芸?,蝢??蝢控頝臭?畾?60??121.300457,24.874405,蝢蝷曉?瘣餃?銝剖?,蝢??30,"瘞渡,?,?瘚?,???03-387-2400,??????
4530,獢?撣?瞏剖?,暺?????頝?90撌?0??121.228034,24.875343,暺?蝷曉?瘣餃?銝剖?,暺??偶??,150,瘞渡,?耨憓?03-4792939,??????
4531,獢?撣?瞏剖?,銝剛???銝剛?頝?40撌?8??121.234709,24.875467,銝剛??暑?葉敹?銝剛?????,130,瘞渡,敶剔??03-4896422,??????
4532,?啁姘蝮?鞊?,?暹???摨瑟?頝臭?畾?16??120.5854,24.8756,?暹?蝷曉?瘣餃?銝剖?,?暹????,60,"瘞渡,?,?瘚?,敺?瘛?35597912,??????
4533,摰蝮??,,?剖??格葛???嚗楝嚗?0-3??121.8403,24.8762,皜臬??皜臬蝷曉?瘣餃?銝剖?,皜臬??67,"瘞渡,?,?瘚?,????03-9775440,??????
4534,?啁姘蝮?????,皝???7?圈擉楝1撌?1??121.0495,24.877,皝?????,皝????⊥??郭蝢?,135,"瘞渡,?,?瘚?瘚瑕",????03-5993911,??????
4535,?啁姘蝮?????,皝???怠噸頝臭?畾?8撌?6撘?0??121.0556,24.8775,皝????,皝?????????,675,"瘞渡,?瘚?瘚瑕",????03-5993911,??????
4536,獢?撣之皞芸?,銝敺琿?,摨瑁?頝?51??璅?121.287976,24.878311,銝敺瑞冗?瘣餃?銝剖?,銝敺琿?,30,"瘞渡,?,?瘚?,撱???03-3874266,??????
4537,?啁姘蝮?鞊?,?∪控??敹?銵?16??120.9977,24.8792,?∪控蝬?瘣餃?銝剖?,?∪控??摮?撅勗???125,"瘞渡,?,?瘚?瘚瑕",敺?瘛?35597912,??????
4538,獢?撣?瞏剖?,暺?????頝?90撌?27??121.231839,24.879482,甇行慰?葉?,暺??偶??,1200,?,???03-4806468#510,??????
4539,獢?撣?瞏剖?,????銝剛?頝?01??121.210569,24.880771,瞏????,????璅寞??撟湧?,500,?,璆?暺?03-4792153#510,??????
4540,獢?撣?瞏剖?,????銝剛?頝?01??121.209566,24.881096,??蝷曉?瘣餃?銝剖?,????璅寞??撟湧?,100,瘞渡,撌急???03-4795437,??????
4541,獢?撣之皞芸?,銝敹?,瘞??梯楝94撌?9??121.29121,24.881411,銝敹冗?瘣餃?銝剖?,銝敹??啣???50,"瘞渡,?,?瘚?,?喳窄??03-388-2875,??????
4542,獢?撣?瞏剖?,?噸???滬頝臬敺瑟挾451撌?40??121.195097,24.881998,?怠噸蝷曉?瘣餃?銝剖?,?噸??100,瘞渡,敺瘛?03-4892381,??????
4543,獢?撣之皞芸?,?⊥????⊥?頝?畾?50??121.265796,24.882515,銝?蝷曉?瘣餃?銝剖?,銝????⊥???????50,"瘞渡,?,?瘚?,暺偶??03-3801233,??????
4544,獢?撣?瞏剖?,?噸???滬頝臬敺瑟挾451撌?40??121.195124,24.882832,敺琿????,?噸??800,?,?⊥?摰?03-4792524#510,??????
4545,?啁姘蝮?????,?瑕???8?圈摰楝381??121.0996,24.8829,?瑕?蝷曉?瘣餃?銝剖?,?瑕??撊箸??????,65,"瘞渡,?,?瘚?瘚瑕",????03-5993911,??????
4546,摰蝮??,,?剖??桀?瞉喲?瞈望絲頝臭?畾?12??121.8458,24.8833,憭噫??憭噫蝷曉?瘣餃?銝剖?,憭噫??49,"瘞渡,?",?,03-9775402,??????
4547,?啣?撣?靘?,靽∟郭??靽∠?頝?8??121.548453,24.883684,靽∟郭瘣餃?銝剖?,靽∟郭??撅梢?,30,"瘞渡,?瘚?,頞窗瘨?02-26616442,??????
4548,?啣?撣?靘?,??????銵?4??121.548453,24.883684,蝬?瘣餃?銝剖?,敹祥??靘???蝢拚??縑鞈Ｕ?撅梢?,30,"瘞渡,?瘚?,頞窗瘨?02-26616442,??????
4549,?啣?撣?靘?,敹祥??敹祥14??121.548453,24.883684,敹祥瘣餃?銝剖?,敹祥??靘???蝢拚?,30,"瘞渡,?瘚?,頞窗瘨?02-26616442,??????
4550,?啣?撣?靘?,蝳控??2?唳??硫51??121.548453,24.883684,蝳控瘣餃?銝剖?,蝳控??50,"瘞渡,?瘚?,頞窗瘨?02-26616442,??????
4551,?啣?撣?靘?,????13?啁撅梯楝82撌?5??121.548453,24.883684,??瘣餃?銝剖?,????瘝駁??縑鞈ａ???蝢拚?,50,"瘞渡,?瘚?,頞窗瘨?02-26616442,??????
4552,?啣?撣?靘?,蝳控??蝳控???硫56??121.548453,24.883684,蝳控??,蝳控??305,"瘞渡,?瘚?,擃???2661-6421頧?02,??????
4553,獢?撣之皞芸?,蝳????駁?頝?9??121.286797,24.884168,憭扳漯??,????隞?,550,"瘞渡,?,?瘚?,?剖???03-3882040#511,??????
4554,?啁姘蝮?????,瘜Ｙ????戍頝?2??121.027932,24.884806,瘜Ｙ?????,瘜Ｙ??縑?Ｘ??縑蝢拇?,47,"?瘚?瘚瑕",????03-5993911,??????
4555,獢?撣之皞芸?,蝳???隞?頝?1??121.285874,24.88515,??蝷曉?瘣餃?銝剖?,????蝳???45,"瘞渡,?瘚?,鞈渡???03-388-9032,??????
4556,?啁姘蝮?????,皝??17?唬縑蝢抵?59??121.060153,24.886026,?????,????Ｘ????Ｘ?,40,"瘞渡,?,?瘚?,????03-5993911,??????
4557,?啁姘蝮?????,皝??銝剔??梯楝358撌?7??121.060153,24.886026,皝????,皝?撊箸????⊥?,75,"瘞渡,?,?瘚?,????03-5993911,??????
4558,獢?撣之皞芸?,??????105??121.287715,24.889615,??蝷曉?瘣餃?銝剖?,瘞貊???????350,"瘞渡,?,?瘚?,????03-387-8935,??????
4559,?啁姘蝮?鞊?,?????瑟頝?9撌???120.9876,24.8898,?啗??葉甇??,??????撏???100,"瘞渡,?,?瘚?,敺?瘛?35597912,??????
4560,?啁姘蝮?鞊?,銝???????98銋???120.9741,24.8909,銝?蝷曉?瘣餃?銝剖?,銝?????曈喳???80,"瘞渡,?,?瘚?,敺?瘛?35597912,??????
4561,獢?撣像?桀?,皝批????芰銵鳩?楝136撌瑕,121.2044,24.8931,撅勗????皝批??鳩摰??鳩鞊?,233,"瘞渡,?",?單慰鞊?03-4572105#2384,??????
4562,獢?撣像?桀?,皝批???皝批?頝?5??121.2032,24.894,蟡亙???,皝批??鳩鞊??鳩??,295,"瘞渡,?",?喳噸??03-4192135#511,??????
4563,?啁姘蝮?????,銝剜迤??銝剜迤鈭楝70??121.047063,24.894449,銝剜迤????,銝剜迤?縑蝢拇????Ｘ?,300,"瘞渡,?,?瘚?,????03-5993911,??????
4564,?啁姘蝮?????,靽∠儔??銝剖控鈭?72??121.040252,24.895453,靽∠儔????,靽∠儔?葉甇?????Ｘ?,80,"瘞渡,?,?瘚?,????03-5993911,??????
4565,獢?撣?璇?,?望????∠頝?40??璅?121.129569,24.895827,憭扳蝷曉?瘣餃?銝剖?,?望????之撟?50,"瘞渡,?,?瘚?瘚瑕",????03-4788210,??????
4566,獢?撣像?桀?,撅勗陸??銝剛?頝臬控?挾375撌?5??121.2131,24.8964,撅梯???,撅勗陸??70,"瘞渡,?",鞈渡飯镼?03-4691784#511,??????
4567,獢?撣像?桀?,皝批???皝批?頝?10??121.2094,24.8967,撟喲?撟澆??晶鞊???皝批???87,"瘞渡,?",??憡?03-4695491,??????
4568,獢?撣像?桀?,皝批???皝批??鳩?楝110??璅?121.2094,24.8967,皝批???瘞???,皝批???87,瘞渡,?喟孕瞏?03-4691975,??????
4569,獢?撣?璇?,瘞詨祐????頝?-1??121.15188,24.897372,瘞豢?蝷曉?瘣餃?銝剖?,瘞詨祐,20,"瘞渡,?",撘萇??932267933,??????
4570,獢?撣之皞芸?,隞???隞?銝?159??121.273886,24.897578,隞?蝷曉?瘣餃?銝剖?,隞???70,"瘞渡,?,?瘚?,暺鞈?03-389-2099,??????
4571,?啁姘蝮?鞊?,?????啣?頝?3??120.985,24.8992,?啗??犖?尹?啗??犖?熒瘣餃?銝剖?,???????啗???40,"?,?瘚?,敺?瘛?35597912,??????
4572,獢?撣像?桀?,蝳???蝳??控摮?6??121.2126,24.8994,撅勗陸蝷曉?瘣餃?銝剖?,蝳???116,"瘞渡,?,?瘚?,?唾??03-4695001,??????
4573,?啁姘蝮?鞊?,銝剖???2??7??120.9978,24.9002,銝剖?蝷曉?瘣餃?銝剖?,銝剖?????,30,"瘞渡,?,?瘚?,敺?瘛?35597912,??????
4574,?啁姘蝮?鞊?,,皝???抵楝鈭挾350??????0979?縑蝞?120.9888,24.9007,皝?貉?鋆蝚?42???啗?????450,"瘞渡,?,?瘚?瘚瑕",????03-5978192,??????
4575,?啁姘蝮?鞊?,????撱箄?頝臭?畾?48撌?5??120.9851,24.9011,?啗???,????240,"瘞渡,?,?瘚?瘚瑕",敺?瘛?35597912,??????
4576,?啁姘蝮?鞊?,?????噸撌?3??120.9877,24.9011,?啗???,???葉撏?撏???660,"瘞渡,?,?瘚?瘚瑕",?∪?蝧?03-5592081,??????
4577,?啁姘蝮?????,銝剖????頝?23??121.0493,24.9016,銝剛?????銝剖???Ｘ????Ｘ?,315,"瘞渡,?瘚?瘚瑕",????03-5993911,??????
4578,獢?撣敺瑕?,憭批????芸撥銵?0??121.2864,24.9018,憭批? 憭抒儔瘣餃?銝剖?,憭批??之蝢拚??之璁桅??之瞍ａ??之??,140,瘞渡,????919943557,??????
4579,獢?撣之皞芸?,隞?????銵?5撌瑚??悅??,121.275658,24.901989,隞?蝷曉?瘣餃?銝剖?,隞???60,"瘞渡,?,?瘚?,?扯?璁?0982-513418,??????
4580,?啣?撣摨?,樴控???啣?撣摨??啁?頝臭?畾?9撌?0??121.5532,24.9022,樴控??,樴控??75,"瘞渡,?瘚?,?唾??02-29112281#1209,??????
4581,摰蝮??,,?剖??格膨瘚瑁楝銝挾93??121.8634,24.9022,?湔???湔瞍?瘣餃?銝剖?,?湔,34,"瘞渡,?",?喟匱??03-9776196,??????
4582,?啣?撣摨?,撱?????啣?撣摨?撟喳誨頝臭?畾?5撌???121.533799,24.902531,撱???齒?祈?,撱????37,?,?唾??02-29112281#1209,??????
4583,?啣?撣摨?,樴控???啣?撣摨??啁?頝?畾?36??121.552,24.9031,樴控撣?瘣餃?銝剖?,樴控??133,"瘞渡,?瘚?,?唾??02-29112281#1209,??????
4584,獢?撣?璇?,璇??鞎游控銵???121.150291,24.903472,璆??葉蝬?瘣餃?銝剖?,銝剖控???啜??啜??偶撖?500,"瘞渡,?瘚?,雿???03-4782024??513,??????
4585,獢?撣像?桀?,????芸撥銵?蝳楝??121.2148,24.904,??砍?,???42,瘞渡,?單慰鞊?03-4572105#2384,??????
4586,獢?撣像?桀?,?????撘瑁?100??121.2147,24.9044,???瘞???,???67,瘞渡,瘙?瘛言,03-4692345,??????
4587,獢?撣之皞芸?,????隞?頝臭?畾?90撌?9??瘞豢?摰格?嚗?121.26517,24.90441,??蝷曉?瘣餃?銝剖?,????50,"瘞渡,?,?瘚?,璆???03-380-5828,??????
4588,?啣?撣??,?訥?單]???啾?27銋???121.745228,24.904686,?啾??澈,?啾???10,"瘞渡,?,?瘚?瘚瑕",敺?蝬?02-26657251#240,??????
4589,獢?撣之皞芸?,隞郎???砍?頝?0??璅?121.28385,24.904809,撏?蝷曉?瘣餃?銝剖?,隞???隞郎??50,"瘞渡,?,?瘚?,撌急???03-3891175,??????
4590,獢?撣像?桀?,?株???銝剛?頝臬像?格挾229??121.1943,24.9057,?株???瘞???,?株???81,"瘞渡,?,?瘚?,暺???03-4643456,??????
4591,?啣?撣?撜賢?,憭批???憭批?頝?30??121.3665,24.9057,憭批???,憭批????喲???擛桅???撖桅???閫????券?,625,"瘞渡,?,?瘚?瘚瑕",?喟?璁?02-26712523??150,??????
4592,?啣?撣?撜賢?,憭批???銝剜迤頝臭?畾?99??121.3639,24.9069,?噸擃葉,鈭洫?之???溶蝳????喲???撖桅?,1569,"瘞渡,?,?瘚?瘚瑕",???02-26723302??240,??????
4593,獢?撣?璇?,璆???憭扳?頝???121.14586,24.907477,璆???祆?憭抒旨??璆???瘙?璇?100,"瘞渡,?瘚?瘚瑕",摨琿???03-4882381,??????
4594,?啁姘蝮?????,敺瑞???敺瑁?頝?27撌?3??121.0445,24.9088,敺瑞?????,敺瑞????????,40,"瘞渡,?瘚?瘚瑕",????03-5993911,??????
4595,?啣?撣?撜賢?,蝡孵???蝡孵???46??121.4349,24.9088,蝡孵?撣?瘣餃?銝剖?,蝡孵???113,"瘞渡,?,?瘚?瘚瑕",?喲???02-26711017??207,??????
4596,?啁姘蝮?鞊?,????6??0銋???120.9764,24.9098,??蝷曉?瘣餃?銝剖?,????皝?蝳???40,"瘞渡,?,?瘚?,敺?瘛?35597912,??????
4597,?啁姘蝮?鞊?,?啗???瘙?頝?49??120.9765,24.9099,?啗?蝷曉?瘣餃?銝剖?,?啗??????⊿??45,"瘞渡,?,?瘚?,敺?瘛?35597912,??????
4598,獢?撣像?桀?,撟喳???憭拇揖銵慰???121撌瑕,121.2072,24.91,憭拇揖?唬??砍?,撟喳?????,47,瘞渡,?單慰鞊?03-4572105#2384,??????
4599,獢?撣像?桀?,撟喳???瞍Ｗ銵之????121.205,24.9101,瞍Ｗ?唬??砍?,??像??,42,瘞渡,?單慰鞊?03-4572105#2384,??????
4600,?啣?撣?撜賢?,?溶???賡?127??121.3937,24.9102,?箏?璁桀振,瘛餌???瘛駁??姘撏?,339,"瘞渡,?,?瘚?瘚瑕",樴??02-2673-1201??501,??????
4601,獢?撣像?桀?,????????4?圈?撠?88??121.2041,24.9103,?琿??熒銝剖?,??像??????,59,"瘞渡,?,?瘚?,?剖???03-4572105#2205,??????
4602,獢?撣像?桀?,?勗???頝?畾?7??121.2313,24.9104,撟喲?撟澆???Ｗ???撱箏???ａ?,89,"瘞渡,?",??憡?03-4501544,??????
4603,獢?撣像?桀?,?勗???頝?畾?5??121.2315,24.9105,?勗蝷曉?瘣餃?銝剖?,撱箏???ａ?,107,"瘞渡,?,?瘚?,皜豢???03-4500999,??????
4604,獢?撣?璇?,璆???銝剖控?楝銝畾?90撌瑯?撅梯???121.158918,24.910681,璆??砍?,瘞詨像???之??瘞?1000,?,?曇??03-4788533,??????
4605,?啣?撣摨?,?臬????啣?撣摨??臬?頝?00??121.4978,24.9109,摨瑟?擃?銝剖飛,?臬???瞏剝?,250,瘞渡,?唾??02-29112281#1209,??????
4606,獢?撣?璇?,憭批????芰?銵???121.149137,24.910932,憭批?蝷曉?瘣餃?銝剖?,瘞詨像???之??瘞?皞?50,"瘞渡,?,?瘚?,撘萄???03-4752567,??????
4607,獢?撣?璇?,銝???璆?頝臭?畾?91??121.108509,24.911967,銝?蝷曉?瘣餃?銝剖?,銝??皝?50,"瘞渡,?,?瘚?,??擐?03-4757288,??????
4608,?啣?撣?撜賢?,?溶???賡?頝?0??121.3755,24.912,瘞儔??,?溶?溶蝳??葉甇????閫?,975,"瘞渡,?,?瘚?瘚瑕",摰??02-26711895??830,??????
4609,獢?撣?璇?,銝???璆?頝臭?畾?79銋???121.082425,24.912185,銝?蝷曉?瘣餃?銝剖?,銝?,100,"瘞渡,?,?瘚?,?單???03-4853511,??????
4610,獢?撣像?桀?,撟喳?????銵??瑟?銵,121.2042,24.9122,?瑟??砍?,敺抵??儔?阡?,93,瘞渡,?單慰鞊?03-4572105#2384,??????
4611,獢?撣像?桀?,撟喳???銝絲頝舫瘝?撠,121.2067,24.9122,瘞????砍?,??像??????,361,"瘞渡,?",?單慰鞊?03-4572105#2384,??????
4612,?啣?撣摨?,撱?????啣?撣誨?楝57??121.5396,24.9125,撅偕??撱???,撱????37,"瘞渡,?",?唾??02-29112281#1209,??????
4613,獢?撣?璇?,????鈭?銵?,121.186092,24.913118,???砍?,????蝢?敹??胯?蝬准??芥?憛?皞芥?皞芥?皞?2300,?,?梢?瘜?03-4821132,??????
4614,獢?撣?璇?,?????雁頝臭?畾?0??121.179329,24.913774,??蝷曉?瘣餃?銝剖?,?????芥?皞芥?皞?100,"瘞渡,?,?瘚?,???932109778,??????
4615,獢?撣之皞芸?,隞???隞噸銵?9??121.281644,24.914076,隞?蝷曉?瘣餃?銝剖?,隞???70,"瘞渡,?,?瘚?,?喟???03-380-6988,??????
4616,獢?撣?璇?,????銝剛?頝?36銋???121.186274,24.914501,??蝷曉?瘣餃?銝剖?,????蝢?敹??胯?蝬准???100,"瘞渡,?瘚?,??敺瑯撐?,03-4822215,??????
4617,獢?撣像?桀?,??????頝?3??121.2081,24.9149,撟喲?撟澆????Ｗ??????????撟喳???205,"瘞渡,?",??憡?03-4392998,??????
4618,?啁姘蝮?????,?梯???敺瑕?頝???121.0502,24.9159,?梯?????,?梯??????噸??,95,"瘞渡,?瘚?瘚瑕",????03-5993911,??????
4619,獢?撣像?桀?,?勗???撟單頝?68??121.2498,24.9166,?勗??葉,?勗??摰??摰?,136,"瘞渡,?",?唾???03-4601407#52,??????
4620,?箔葉撣撜啣?,????批陸????銝剛楝110??120.4141,24.917,?批陸?葉銵憭扳??唬?摰??,175,"瘞渡,?,?瘚?,?剖?撘?-????04-23393175#230,??????
4621,?箔葉撣撜啣?,?砍???銝剜迤頝?36??120.41411,24.917,?批陸??敹?璅銝恕,?砍??葉甇?800,"瘞渡,?",?喃蔔摰?04-23393069#731,??????
4622,?箔葉撣撜啣?,????葉頝?10??120.41411,24.917,?批陸?葉銵憭扳??唬?摰??,1381,"?,?瘚?,雓???????04-23393175#230,??????
4623,?啁姘蝮?????,????敺瑕?頝?28??121.046,24.917,??????,???噸?????蝑?20,"瘞渡,?瘚?瘚瑕",????03-5993911,??????
4624,獢?撣?璇?,瘞渡???璆頝臭?畾?銋???121.137079,24.918994,瘞渡?蝷曉?瘣餃?銝剖?,瘞渡?????100,"瘞渡,?,?瘚?,?梁???03-4758085,??????
4625,獢?撣之皞芸?,????8?啣之曊航楝936??121.3032,24.919559,??蝷曉?瘣餃?銝剖?,????45,"瘞渡,?瘚?,??敺?03-380-7589,??????
4626,?啣?撣摨?,撅偕???啣?撣摨?撅偕頝臭?????121.5463,24.9225,撅偕??,蝎???撠粹???撅梢??誨??,320,"瘞渡,?,?瘚?,?唾??02-29112281#1209,??????
4627,獢?撣之皞芸?,??????1銵?121.293733,24.922855,??蝷曉?瘣餃?銝剖?,????隞儔??50,"瘞渡,?,?瘚?,??,0936-262048,??????
4628,?啣?撣摨?,撅偕???啣?撣摨?撅偕頝?25??121.544999,24.923518,撅偕撣?瘣餃?銝剖?,撅偕??75,"瘞渡,?瘚?,?唾??29112281#1209,??????
4629,獢?撣像?桀?,?梁冗???喳?頝?0撌?3??121.2437,24.9241,?梁冗蝷曉?瘣餃?銝剖?,銝剜迤??鞎??蝷暸??窒??????,116,瘞渡,雓蔗瘜?03-4507774,??????
4630,?啣?撣?撜賢?,??????頝?15撌???121.4275,24.9243,憭扳???,蝡孵???蝳??漯?梢?????,187,"瘞渡,?,?瘚?瘚瑕",?喃?雿?02-26726521??115,??????
4631,獢?撣葉憯Ｗ?,樴瓷??樴瓷???121.244033,24.925946,樴瓷?砍?,樴瓷??274,?,雿???03-4271801#1210,??????
4632,獢?撣葉憯Ｗ?,樴瓷??樴瓷頝臭?畾?42??121.243388,24.926071,銝剖ㄑ?樴瓷????,樴瓷??50,"瘞渡,?,?瘚?,雿???03-4271801#1210,??????
4633,獢?撣葉憯Ｗ?,樴瓷??樴瓷頝舀??脤???121.244013,24.926099,樴瓷?砍???樴瓷??584,?,雿???03-4271801#1210,??????
4634,?啣?撣?撜賢?,摰???撱箏?頝?7??121.4471,24.9264,撱箏???,摰???蝳???292,"瘞渡,?,?瘚?瘚瑕",璆瘛?02-26726783??102,??????
4635,?啣?撣?撜賢?,銝剜迤??憭批?頝?35??121.3728,24.9266,摰漯?葉,蝷漯??憯賡???皞芷??葉甇???之????瘛駁????喲???擛桅?,1675,"瘞渡,?,?瘚?瘚瑕",?其葉??02-26717851??150,??????
4636,獢?撣敺瑕?,????鞊銝頝臬?萼鞊畾?429-0000??121.2876,24.9267,鞊噸?砍?,????168,?,?其蔗瞏??,03-3683155#231,??????
4637,獢?撣像?桀?,鞎踵???鞎蹂?頝胯窒銝剛???121.2516,24.9269,鞎蹂??砍?,鞎踵???42,"瘞渡,?",?單慰鞊?03-4572105#2384,??????
4638,獢?撣敺瑕?,樴???樴悅銵?6撌???121.2582,24.9271,樴?????,樴???40,"瘞渡,?",憪?樴?03-3651422,??????
4639,?啣?撣?撜賢?,銝剖???撘?銵?2??121.3672,24.9278,銝剖???,銝剖??????撘菟???撜賡???926,"瘞渡,?,?瘚?瘚瑕",暺??02-86712590??831,??????
4640,?啁姘蝮?鞊?,????6?圈???80-1??121.0133,24.928,??蝷曉??犖?尹,??????敺???45,"瘞渡,?,?瘚?瘚瑕",敺?瘛?35597912,??????
4641,獢?撣像?桀?,?眼???眼?之隞?46??121.2256,24.9281,???冗?瘣餃?銝剖?,????鞎湧????拚?,94,"瘞渡,?",????03-4280811,??????
4642,獢?撣之皞芸?,銝剜??憭折雄頝?450撌?6??121.317064,24.928766,銝剛?蝷曉?瘣餃?銝剖?,銝剜??50,"瘞渡,?,?瘚?,撘萄,03-390-0655,??????
4643,獢?撣?璇?,????瘞?頝?06銋???121.112014,24.929769,??蝷曉?瘣餃?銝剖?,???偌蝢?100,"?,?瘚?,??獢?03-4752866,??????
4644,?啣?撣?撜賢?,隞ˊ??憭批?頝???121.3785,24.9298,隞ˊ??,蝷漯??憯賡??葉甇???漯???漯????皞芷??漯?梢?,289,"瘞渡,?,?瘚?瘚瑕",????02-26712392??41,??????
4645,獢?撣敺瑕?,?孕??隞ˊ頝臭?畾?233撌?6-1??121.2988,24.9303,?孕????,????敺琿???蟡仿?,128,"瘞渡,?",撘菜??03-3685562,??????
4646,?啣?撣?撜賢?,摰漯??銝剛頝?2??121.3729,24.9304,摰漯??,蝷漯??皞芷???憯賡?,435,"瘞渡,?,?瘚?瘚瑕",敺?蝛?02-26731488??221,??????
4647,獢?撣敺瑕?,憭抒????頝?207??121.2945,24.9308,??撟湔暑?葉敹?憭抒??175,瘞渡,????03-2180252,??????
4648,獢?撣敺瑕?,憭抒????頝?189撌瑕?萼憭抒畾?219-0000??121.2945,24.9308,?賢?瘣餃???,憭抒??251,?,?其蔗瞏?03-3683155#231,??????
4649,獢?撣敺瑕?,????鞊頝航?鞊鈭?,121.2893,24.9311,???砍?銝?????200,?,?其蔗瞏?03-3683155#231,??????
4650,獢?撣敺瑕?,憭扳???獢雄頝?34??121.2838,24.9316,憭扳?瘣餃?銝剖?,憭扳??之隞??之撘琿?,67,瘞渡,?暑??02-770083333,??????
4651,獢?撣敺瑕?,?ㄐ??撱?2??-1??121.2838,24.9316,蝡寥?瘣餃?銝剖?,蝡孵???鋆⊿?,125,"瘞渡,?",?剜??935212098,??????
4652,獢?撣葉憯Ｗ?,樴???樴?頝臬?頠憌?敺?121.257829,24.931644,樴??砍?,樴???208,?,雿???03-4271801#1210,??????
4653,獢?撣葉憯Ｗ?,?航????航????菔楝隞亥正,121.231332,24.931646,?航??砍?,?航???225,?,雿???03-4271801#1210,??????
4654,獢?撣葉憯Ｗ?,樴???樴?頝舀?,121.257805,24.931675,?舫????樴???950,?,雿???03-4271801#1210,??????
4655,獢?撣?璇?,撖瓷???唳?銵?47撌?撘???璅?121.075161,24.93201,撖瓷蝷曉?瘣餃?銝剖?,撖瓷??鞊?100,"瘞渡,?,?瘚?瘚瑕",?振??03-4725090,??????
4656,獢?撣敺瑕?,蝳???鞊銝??啗?儭啗??唳挾1342-0000??121.2885,24.9321,???砍?銝,蝳???72,?,?其蔗瞏?03-3683155#231,??????
4657,獢?撣敺瑕?,?????瑁?頝航?撱箏噸頝臬?啗?儭啁??挾0973-0000??121.2733,24.9327,撱箏噸?砍?,????148,?,?其蔗瞏?03-3683155#231,??????
4658,獢?撣葉憯Ｗ?,樴瓷??樴瓷頝臭?畾?121.251014,24.93283,樴瓷?砍?砍?,樴瓷??3443,?,雿???03-4271801#1210,??????
4659,獢?撣?璇?,擃???撟潛?頝臭?畾?68??璅?121.156662,24.932923,擃控蝷曉?瘣餃?銝剖?,擃控??撅晞?銝?100,"瘞渡,?,?瘚?,?振??03-4753628,??????
4660,?啣?撣?撜賢?,皞芣??皞芣頝?13??121.4057,24.9332,????,皞芣?漯???漯????蝳?????,261,"瘞渡,?,?瘚?瘚瑕",??璇?02-86764945??12,??????
4661,獢?撣敺瑕?,?????頝?25撌瑟??啗?儭啁?鞊挾0975-0001??121.2999,24.9334,??撱?,???47,?,?其蔗瞏?03-3683155#231,??????
4662,獢?撣敺瑕?,蝡孵???蝡寡?銵?萼?ㄐ畾?618-0000??121.2703,24.9339,??蝷曉??砍?,蝡孵???32,?,?其蔗瞏?03-3683155#231,??????
4663,獢?撣葉憯Ｗ?,樴瓷??樴瓷頝臭?畾菔?樴瓷頝?62撌?121.235785,24.933902,樴瓷璉格??砍?,樴瓷??2500,?,雿???03-4271801#1210,??????
4664,?啣?撣?撜賢?,瘞???銝剖控頝?6??121.3697,24.9345,銝魚??,瘞???撌??雀撅梢???撜賡??撘菟??葉??????,581,"瘞渡,?,?瘚?瘚瑕",甇?隤?02-26711018??832,??????
4665,?啣?撣?撜賢?,瘞???銝剖控頝?5??121.367,24.93479,?琿?撣?瘣餃?銝剖?,銝魚??撌??撘菟??????葉???偶擗券??雀撅梢?,166,"瘞渡,?,?瘚?瘚瑕",?喲???26711017??207,??????
4666,獢?撣敺瑕?,???隞ˊ頝臭?畾?46撌?47??,121.2967,24.9348,璆邦?喃?????陸???潮?,468,?,?其蔗瞏止?,03-3683155#231,??????
4667,獢?撣葉憯Ｗ?,樴???樴?頝航?樴頝?45撌?121.25218,24.934965,???砍?,樴???856,?,雿???03-4271801#1210,??????
4668,獢?撣敺瑕?,蝳???撱??鈭?,121.2825,24.9353,皞芣膨?砍?,蝳???43,?,?其蔗瞏?03-3683155#231,??????
4669,獢?撣敺瑕?,?陸??隞ˊ頝臭?畾?33撌瑞?鞊?撠??啗?儭啁?鞊挾0966-0000??121.2982,24.9356,?陸蝷曉??砍?,?陸??20,?,?其蔗瞏?03-3683155#231,??????
4670,獢?撣像?桀?,?啣??撱嗅像頝航?銝剛?頝臬,121.2005,24.9357,?啣?砍?,???摰???ａ?,1260,"瘞渡,?",?單慰鞊?03-4572105#2384,??????
4671,獢?撣葉憯Ｗ?,樴瓷????銵誑??121.249574,24.93578,樴??砍?,樴瓷??203,?,雿???03-4271801#1210,??????
4672,獢?撣像?桀?,?????頝臭?畾?30??121.2238,24.9358,???,??????鞎湧?,70,"瘞渡,?",?單暾?03-4586472#510,??????
4673,摰蝮??,,?剖??桀???頝?4-1??121.8859,24.9359,??????蝷曉?瘣餃?銝剖?,????44,"瘞渡,?,瘚瑕",撘菜迤??03-9781287,??????
4674,獢?撣敺瑕?,?陸????銵?,121.2967,24.9361,???砍?,?陸??49,?,?其蔗瞏止?,03-3683155#231,??????
4675,?啣?撣??,?芣????芣?101??121.711784,24.93614,?啣?撣???祆?,?芣???????敺琿??之???偌敺琿??????蝒?,50,"瘞渡,?,?瘚?瘚瑕",敺?蝬?02-26657251#240,??????
4676,?啣?撣??,?芣????芣?114??121.71088,24.936238,?啣?撣???芣???撠飛,?芣??偌敺琿?????之????蝒?????,314,"瘞渡,?,?瘚?瘚瑕",?喳??,02-26656213,??????
4677,獢?撣?璇?,鞊???靽∠儔銵?3撌?5撘?3??121.084322,24.936444,鞊?蝷曉?瘣餃?銝剖?,鞊?,100,"瘞渡,?,?瘚?,暺摨?03-4728390,??????
4678,獢?撣?璇?,銝???像頝?7??璅?121.125912,24.937104,銝蝷曉?瘣餃?銝剖?,銝,50,"瘞渡,?,?瘚?瘚瑕",雿???03-4783683,??????
4679,獢?撣像?桀?,?????頝?畾?33??121.2248,24.9375,??蝷曉?瘣餃?銝剖?,????51,"瘞渡,?",????03-4679616,??????
4680,獢?撣葉憯Ｗ?,銝剖????啗窒銝銵?00??121.255788,24.937684,銝剖ㄑ??啗窒蝷曉?瘣餃?銝剖?,銝剖???125,"瘞渡,?,?瘚?,雿???03-4271801#1210,??????
4681,獢?撣?璇?,擃旨??撟潛?頝臭?畾?90銋???121.16583,24.937725,擃旨蝷曉?瘣餃?銝剖?,擃旨?璁柴?璁?50,"瘞渡,?,?瘚?,摰???,03-4903596,??????
4682,獢?撣葉憯Ｗ?,樴噸??樴??葉??121.237951,24.937741,樴噸?砍?,樴噸??樴???206,?,雿???03-4271801#1210,??????
4683,?啣?撣摨?,?湔蔬???啣?撣摨??湔蔬頝?2??121.5313,24.9378,?湔蔬??,憛蔬?瞏剝???瞏剝??云撟喲?,1600,,?唾??02-29112281#1209,??????
4684,?啣?撣??,?芣????葉頝???121.712825,24.938007,?啣?撣??芣???銝剖飛,蝎??之??????偌敺琿?,1144,"瘞渡,?,?瘚?瘚瑕",閮望??02-26656210#13,??????
4685,獢?撣?璇?,?⊥??2?啣?祈楝532銋???121.106168,24.938356,?⊥蝷曉?瘣餃?銝剖?,?⊥,100,"瘞渡,?,?瘚?,暺???03-4724781,??????
4686,獢?撣敺瑕?,????撱??頝航?鞊頝臬,121.3083,24.9386,???砍?鈭?????107,?,?其蔗瞏?03-3683155#231,??????
4687,?啣?撣?撜賢?,曈嗅控??敺抵?頝?38??121.3693,24.9391,銝魚?葉,瘞????拚??雀撅梢???摮賊???????撌?,1149,"瘞渡,?,?瘚?瘚瑕",?喟?蟡?02-26738030,??????
4688,?啣?撣雄甇?,鈭???銝剜迤銝楝154??121.335,24.9393,曊舀?擃,鈭???1513,"瘞渡,?,?瘚?瘚瑕",璆?璁?02-26780202,??????
4689,獢?撣?璇?,鞊???瘞?銵?鞊?頝臬,121.084716,24.939416,隡臬撗∪??鞊???撗～?研?鞊?皝?2000,?,?遠靽?03-4722403,??????
4690,獢?撣葉憯Ｗ?,樴???樴瓷頝臭?畾?7撌?2撘?02??121.23325,24.939461,銝剖ㄑ?樴?蝷曉?瘣餃?銝剖?,樴噸????,60,"瘞渡,?,?瘚?,雿???03-4271801#1210,??????
4691,獢?撣葉憯Ｗ?,銝剖???璁格??楝瘨??,121.256073,24.939842,暺??砍?,銝剖???188,?,雿???03-4271801#1211,??????
4692,獢?撣像?桀?,,?楝銝挾100??121.2189,24.9399,撟喲擃葉,?啣???梢?,182,"瘞渡,?",??蟡?03-4288805,??????
4693,獢?撣像?桀?,撱?????啣?頝?5撌?0??121.2059,24.94,撱????瘞???,撱???鞎湧?,104,瘞渡,暺?皛?03-4951157,??????
4694,獢?撣像?桀?,?啣???銝剛?頝胯?楝銝挾??121.2165,24.94,?啣??砍?,?啣???梢?,255,"瘞渡,?",?單慰鞊?03-4572105#2384,??????
4695,獢?撣像?桀?,撱?????啣?頝?5撌瑞?憯?撌瑕???121.2064,24.9402,撱???砍?,撱????269,"瘞渡,?",?單慰鞊?03-4572105#2384,??????
4696,獢?撣葉憯Ｗ?,隞???銝剖控?梯楝3畾?29撌?7撘?,121.253749,24.940545,隞??砍?,隞???213,?,雿???03-4271801#1210,??????
4697,摰蝮??,,?剖??桀之皞芷?瞈望絲頝臭?畾?49??121.8932,24.9406,憭扳漯??憭扳漯蝷曉?瘣餃?銝剖?,憭扳漯,62,"瘞渡,?,?瘚?,?唾??03-9781218,??????
4698,?啣?撣?撜賢?,樴???憭批飛頝???121.377883,24.940679,樴???,樴???摮賊????拚??漯???漯??,855,"瘞渡,?,?瘚?瘚瑕",?脫溶,26745666??830,??????
4699,?啣?撣雄甇?,鈭???曊舀??銝剜迤銝楝106??121.3376,24.9409,鈭???,鈭??1284,"瘞渡,?,?瘚?瘚瑕",璆?璁?02-26780202,??????
4700,獢?撣葉憯Ｗ?,?航???樴瓷頝?畾?06撌?121.230266,24.941319,??????航???198,?,撣?擗極??3396122#1,??????
4701,獢?撣像?桀?,撱????撱嗅像頝臭?畾?89??121.2062,24.9419,摰???,撱????撅?,42,"瘞渡,?",?剖?瘞?03-4933654#510,??????
4702,獢?撣葉憯Ｗ?,敺祚??敺?頝臭?畾?0撌?121.247381,24.942039,敺祚?砍?,敺祚??59,?,雿???03-42718901#1210,??????
4703,獢?撣敺瑕?,?陸??隞ˊ頝臭?畾?83撌?2??121.2983,24.9422,?陸????,?陸???潮?,70,"瘞渡,?",銴?鞈?03-3669343,??????
4704,獢?撣敺瑕?,憭抒姘????頝?315??121.3112,24.9423,?怠噸?文????砍?,憭抒姘?之摰???蟡仿?,613,?,?其蔗瞏止,03-3683155#231,??????
4705,獢?撣敺瑕?,?陸??隞ˊ頝臭?畾?83撌瑕?萼暻餃?畾?844-0000??121.2999,24.9426,583蝬,?陸??17,?,?其蔗瞏?03-3683155#231,??????
4706,摰蝮??,,?剖??桅?撅梢?頝?21??121.9002,24.9426,樴控??樴控蝷曉?瘣餃?銝剖?,樴控,28,"瘞渡,?,?瘚?,?????03-9781306,??????
4707,獢?撣敺瑕?,憭找縑??憭扯?頝?92??121.3008,24.9431,憭找縑????,憭找縑??75,"瘞渡,?",????03-3680809,??????
4708,獢?撣敺瑕?,憭抒姘??蝡寥???1-2??121.3152,24.9431,憭抒姘????,憭抒姘??95,"瘞渡,?",瘙迤靽?03-3653900,??????
4709,獢?撣葉憯Ｗ?,?航???樴瓷頝?畾?32??121.229589,24.943244,銝剖ㄑ??唳蝷曉?瘣餃?銝剖?,?航???20,"瘞渡,?,?瘚?,雿???03-4271801#1210,??????
4710,?啣?撣雄甇?,撠控??曊舀???葉銵???121.3422,24.9437,?啣?撣?撠控??銝剖飛,撠控????,622,"瘞渡,?,?瘚?瘚瑕",璆?璁?02-26780202,??????
4711,獢?撣像?桀?,????臬像銵?53??121.2196,24.9438,?蝷曉?瘣餃?銝剖?,??????99,"瘞渡,?,?瘚?,??憓?03-4588731,??????
4712,獢?撣像?桀?,????臬像銵?55??121.2196,24.9438,撟喲?撟澆????????ａ?,100,"瘞渡,?,?瘚?,??憡?03-4682270#300,??????
4713,獢?撣葉憯Ｗ?,敺祚??樴?頝?07撌?1??121.245972,24.944478,銝剖ㄑ?敺祚????,敺祚?隞???園?????,50,"瘞渡,?,?瘚?,雿???03-4271801#1210,??????
4714,獢?撣敺瑕?,?陸??隞ˊ頝臭?畾?90撌瑕?萼 憭批?畾?311-0000??121.2959,24.9446,?陸?圈??砍?,?陸??31,?,?其蔗瞏?03-3683155#231,??????
4715,獢?撣葉憯Ｗ?,?啗????ㄝ????121.225507,24.945306,?啗??砍?,?啗???904,?,雿???03-4271801#1210,??????
4716,獢?撣葉憯Ｗ?,?啗????ㄝ頝?0??121.225934,24.945355,獢?撣???犖?熒瘣餃?銝剖?,?ㄝ???,100,"瘞渡,?,?瘚?,雿???03-4271801#1210,??????
4717,獢?撣像?桀?,撟唾???撟唾??誨瘜啗楝85??121.2042,24.9454,撟唾??典?撅??????,撟唾???撅?,92,"瘞渡,?,?瘚?,雿?摰?03-4938219,??????
4718,獢?撣敺瑕?,憭批???撱箏?頝航???銵漱?臬?萼憭批?畾?162-0000??121.2887,24.9454,撱箏??砍?,憭批??之??,41,?,?其蔗瞏?03-3683155#231,??????
4719,獢?撣敺瑕?,蝳???撱箏?頝航?隞噸頝臬,121.2887,24.9454,隞噸?砍?,蝳???75,?,?其蔗瞏?03-3683155#231,??????
4720,獢?撣敺瑕?,撱????撱??頝?3??121.2837,24.9456,蝳?瘣餃?銝剖?,蝳???隞?,62,瘞渡,暺?瘙?3656517,??????
4721,獢?撣敺瑕?,憭抒姘????頝?810??121.3163,24.9456,憭抒姘?文??砍?,憭抒姘?之摰?,152,?,?其蔗瞏止?,03-3683155#231,??????
4722,獢?撣像?桀?,?啣????航?頝???121.216,24.9457,撟喲?葉,?啣???梢?,496,"瘞渡,?",?剔?撖?03-4572150#511,??????
4723,獢?撣敺瑕?,蝳???撱??頝?121.2832,24.9457,蝳?蝷曉??砍?,蝳???37,?,?其蔗瞏?03-3683155#231,??????
4724,獢?撣像?桀?,撟唾???撟唾??誨瘜啗楝憯Ｘ?恍??121.2051,24.9464,摰??砍?,撟唾??儔瘞???撅?,168,"瘞渡,?",?單慰鞊?03-4572105#2384,??????
4725,獢?撣葉憯Ｗ?,?臬????臬?銵?63撌?121.261776,24.94666,?臬??砍?,?臬???981,?,雿???03-4271801#1210,??????
4726,獢?撣敺瑕?,撱?噸????1-1??121.2836,24.9468,撱??瘣餃?銝剖?,撱???誨敺琿?,120,"瘞渡,?",?勗???03-3628861,??????
4727,獢?撣敺瑕?,憭找縑??憭扯?頝臬?萼璁株?畾?405-0000??121.3023,24.9471,摰Ｗ振??撱?,憭找縑??40,?,?其蔗瞏?03-3683155#231,??????
4728,獢?撣像?桀?,蝢拇????啣?頝胯儔?西楝??121.207,24.9474,蝢拇??砍?,蝢抵??儔瘞?,125,"瘞渡,?",?單慰鞊?03-4572105#2384,??????
4729,獢?撣敺瑕?,憭折???隞ˊ頝?畾?61撌?6??121.2993,24.9474,憭扯?瘣餃?銝剖?,憭扯??之???之??,140,瘞渡,暺脫狠,03-3666670,??????
4730,獢?撣敺瑕?,憭扳???暾餅?銵??啗?儭啣之摨挾1135-0000??121.2969,24.9475,憭扳??圈??砍?,憭扳???46,?,?其蔗瞏?03-3683155#231,??????
4731,獢?撣葉憯Ｗ?,隞孕???舐孕銝銵?1??121.261425,24.948055,銝剖ㄑ?隞孕??????,隞???蟡仿????,50,"瘞渡,?,?瘚?,雿???03-4271801#1210,??????
4732,獢?撣像?桀?,蝢拇???敺拇頝?畾?15??121.2037,24.9485,撟喲?撟澆??儔瘞???蝢拇???敺拇??207,"瘞渡,?,?瘚?,??憡?03-4935571,??????
4733,獢?撣葉憯Ｗ?,?格???格頝舀?,121.246511,24.948548,?格?砍?,?格??191,?,雿???03-4271801#1210,??????
4734,?啣?撣?撜賢?,樴飛??憭抒儔頝?77??121.376106,24.948608,?之擃葉,樴飛???拚?????,1122,"瘞渡,?,?瘚?瘚瑕",?梯?蝬?26742666??600,??????
4735,獢?撣葉憯Ｗ?,隞孕???臬?銵?121.260686,24.948742,隞孕?砍?,隞孕??208,?,雿???03-4271801#1210,??????
4736,?啣?撣邦??,????摮詨頝?55??121.382973,24.94923,獢??喳?瘞葉撠飛,?勗??正????????3155,"?,?瘚?瘚瑕",鈭?蝯擃???89703225#142,??????
4737,獢?撣像?桀?,蝢拇????啣?頝?00??121.2063,24.9497,撟唾??葉,蝢拇??像??,21,"瘞渡,?",????03-4918239#521,??????
4738,獢?撣像?桀?,蝢抵???蝢抵???5?啁儔??80??121.2092,24.9497,蝢抵???瘞???,蝢抵???99,"瘞渡,?,?瘚?,撘萄???03-4913346,??????
4739,?啣?撣雄甇?,????曊舀????頝?95??121.352776,24.950284,???暑?葉敹??典?,56,"瘞渡,?瘚?瘚瑕",摰旨蝢?02-26780202,??????
4740,獢?撣葉憯Ｗ?,?梯???銝剖?頝臭?畾?6撌?0??121.225243,24.950351,銝剖ㄑ??梯?蝷曉?瘣餃?銝剖?,?梯???100,"?,?瘚?,雿???03-4271801#1210,??????
4741,獢?撣像?桀?,蝢抵???蝢抵?頝舐儔??撠???121.2096,24.9504,蝢抵??砍?,蝢抵???108,"瘞渡,?",?單慰鞊?03-4572105#2384,??????
4742,?啣?撣雄甇?,???曊舀??撠控?楝108??121.3448,24.9504,曊舀??葉,??曊舫??偶??,1093,"瘞渡,?,?瘚?瘚瑕",璆?璁?02-26780202,??????
4743,獢?撣像?桀?,?啣??撱嗅像頝臭?畾?81??121.2168,24.9505,?啣??,?啣?璁桅????ａ???摰?,140,"瘞渡,?",?撖?03-4937563#512,??????
4744,獢?撣敺瑕?,憭批???撱箏?銵??啗?儭啣之?潭挾1494-0000??121.3198,24.9508,?蝷曉??砍?,憭批???108,?,?其蔗瞏止,03-3683155#231,??????
4745,獢?撣葉憯Ｗ?,?桀撥????頝???121.235903,24.951014,???唬??砍?,?桀撥??2032,?,雿???03-4271801#1210,??????
4746,?啣?撣??,銝噸??憭抒???1銋???121.725304,24.951077,?唳??澈,銝噸??10,"瘞渡,?,?瘚?瘚瑕",敺?蝬?02-26657251#240,??????
4747,?啣?撣雄甇?,???曊舀??撠控?楝106??121.3458,24.9512,曊舀???,?望??遣敺琿??葉曊舫???曊舫?,1501,"瘞渡,?,?瘚?瘚瑕",璆?璁?02-26780202,??????
4748,?啣?撣摨?,?????啣?撣摨???頝臭?畾?6??121.5755,24.9515,?陸??,???霅???瞏剝?,255,"瘞渡,?瘚?,?唾??02-29112281#1209,??????
4749,獢?撣像?桀?,敺抵????脤?頝臭?畾萸?????121.2105,24.952,敺抵?閬芸??砍?,敺抵??儔?阡??儔??,305,"瘞渡,?",?單慰鞊?4572105#2384,??????
4750,?啣?撣摨?,?砍????啣?撣摨?摰?頝?9??121.5093,24.952,?舀?蝘?憭批飛,?砍???1855,"瘞渡,?,?瘚?,?唾??02-29112281#1209,??????
4751,?啣?撣摨?,?????啣?蝮?摨?摰熒頝臭?畾?22??121.4865,24.9521,????,?????⊿??????圈???蟡仿??噸摰??????????閫????????,399,"瘞渡,?",?唾??02-29112281#1209,??????
4752,獢?撣葉憯Ｗ?,?舀????舀?銵?3????121.259728,24.952552,?舀??砍?,?舀???181,?,雿???03-4271801#1210,??????
4753,?啣?撣???,蟡??銝剖亢頝?畾?85??璅?121.411937,24.952776,蟡撣?瘣餃?銝剖?,蟡?????????50,"瘞渡,?瘚?,??蝢?02-22675698,??????
4754,獢?撣葉憯Ｗ?,隞???皜?????121.262532,24.952781,敺瑕??砍?,隞???201,?,雿???03-4271801#1210,??????
4755,獢?撣像?桀?,,銝剖?頝?8??121.2184,24.9528,?唳旨??,?啣?璁桅?,196,"瘞渡,?",?曄???03-2806200#520,??????
4756,?啣?撣摨?,????啣?撣摨??啣?頝???121.5402,24.9529,?啣???,?啣????⊿?,1795,"瘞渡,?,?瘚?,?唾??02-29112281#1209,??????
4757,獢?撣像?桀?,敺抵?????銵?89??121.2033,24.9531,????,敺抵???35,"瘞渡,?,?瘚?,????03-4921750#510,??????
4758,獢?撣敺瑕?,憭批?????銵?7撌瑕之?挾0535-0000??121.2956,24.9531,暻??砍?,憭批??之??,51,?,?其蔗瞏止,03-3683155#231,??????
4759,?啣?撣摨?,蝢蔬???啣?撣摨???頝臭?畾?0??121.5523,24.9531,?蔬??,?蔬??瞏剝??瞏剝??????????瞏剝??葉????銝剝???仿?,203,"瘞渡,?",?唾??02-29112281#1209,??????
4760,獢?撣敺瑕?,憭批?????銵???銵漱?臬?萼憭批?畾?152-0000??121.2947,24.9533,??隡??砍?,憭批???51,?,?其蔗瞏止,03-3683155#231,??????
4761,?啣?撣蝣?,?潮???1??121.637,24.9533,?脫絲??,瘞詨???剝?,299,"瘞渡,?,?瘚?瘚瑕",?剜歲??????02-26651715#14/#16,??????
4762,獢?撣葉憯Ｗ?,隞噸??隞??唳???121.266276,24.95342,隞噸?砍?,隞噸??205,?,雿???03-4271801#1210,??????
4763,獢?撣葉憯Ｗ?,隞???璁格??楝350撌瑕,121.256945,24.953425,銝剖ㄑ?隞?蝷曉?瘣餃?銝剖?,隞???蝳?,55,"瘞渡,?瘚?,雿???03-4271801#1210,??????
4764,?啣?撣摨?,敺瑕????縑頝???121.49998,24.95362,????銝剖?摮??孕??閫??407,"瘞渡,?瘚?,?唾??02-29112281#1209,??????
4765,?啣?撣摨?,?????啣?撣摨?摰熒頝?畾???璅?121.4937,24.9538,??瘣餃?銝剖?,?孕??132,"瘞渡,?瘚?,?唾??02-29112281#1209,??????
4766,獢?撣葉憯Ｗ?,???????儔瘞楝?噸頝臬,121.215935,24.953848,?冗?砍?,????574,?,雿???03-4271801#1210,??????
4767,獢?撣葉憯Ｗ?,????蝢拇?頝?0??121.216238,24.953916,銝剖ㄑ???????,銝剜旨?葉憯ａ?????,50,"?,?瘚?,雿???03-4271801#1210,??????
4768,獢?撣像?桀?,敺抵???敺抵?銵?5??121.2051,24.9544,敺拇?典儔???????,敺抵??儔?阡?,84,"瘞渡,?",????03-4023489,??????
4769,獢?撣敺瑕?,憭批???憭批?頝?6???Ｗ?萼憭批?畾?280-0000??121.2964,24.9545,???砍?,憭批???75,?,?其蔗瞏止,03-3683155#231,??????
4770,獢?撣像?桀?,撱????撱?像銵???121.2078,24.9547,敺拇??,撱??誨??,140,"瘞渡,?",?批?鈭?03-4917491#511,??????
4771,?啣?撣邦??,??????銵?畾?25??121.384115,24.95474,???葉,?勗??正????????1238,"瘞渡,?,?瘚?,鈭?蝯????26801958頧?05,??????
4772,獢?撣敺瑕?,憭批?????銵???銵漱?臬?萼憭批?畾?295-0000??121.2951,24.9548,???砍?,憭批???48,?,?其蔗瞏?03-3683155#231,??????
4773,?啣?撣雄甇?,撱箏???曊舀???脰銵???121.3461,24.955,撱箏???,撱箏??正曊舫???曊舫?,376,"瘞渡,?,?瘚?瘚瑕",璆?璁?02-26780202,??????
4774,獢?撣敺瑕?,憭批????瑕?銵?5??121.216,24.9551,憭批?????,憭批???190,"瘞渡,?",???03-3664716,??????
4775,擃?撣椰??,?遣??撖西?頝?01??121.241045,24.955186,擃?撣?蝡噸??銝剖飛,?黎??撱箝???,100,"瘞渡,?,?瘚?瘚瑕",?蜓隞餌雁??5817106#330,??????
4776,獢?撣像?桀?,擃???擃???3?圈??楝80??121.1895,24.9552,擃?冗?瘣餃?銝剖?,???????,356,"瘞渡,?,?瘚?,????03-4938765,??????
4777,?啣?撣??,銝噸??璅寞?撊?1??121.696956,24.955382,璅寞?撊箏澈,銝噸??10,"瘞渡,?,?瘚?瘚瑕",敺?蝬?02-26657251#240,??????
4778,?啣?撣雄甇?,瘞豢???曊舀??瘞豢?銵?2??121.3392,24.9556,????,瘞豢???1391,"瘞渡,?,?瘚?瘚瑕",璆?璁?02-26780202,??????
4779,獢?撣像?桀?,撱????撱???誨??10??121.2084,24.9558,撟喲?憍血匱瘣餃?銝剖?,撱???誨??,202,"瘞渡,?,?瘚?,?剖???03-4572105#2205,??????
4780,?啣?撣雄甇?,?雄??隞?頝?5??121.354434,24.955861,?雄?暑?葉敹??典?,37,"瘞渡,?,?瘚?瘚瑕",璆?璁?02-26780202,??????
4781,獢?撣敺瑕?,憭批????????急???Ｗ?萼憭批?畾?264-0000??121.297,24.9559,憭批??砍?,憭批???32,?,?其蔗瞏??,03-3683155#231,??????
4782,?啣?撣???,????銝剖亢頝?畾?05??121.414403,24.95623,????,???????????蟡??873,"瘞渡,?,?瘚?瘚瑕",??撜?02-22686800-830,??????
4783,?啣?撣邦??,??????銵?畾?53??121.389362,24.956328,????,?勗??正????????467,"?,?瘚?瘚瑕",鈭?蝯?冽??26802507#232,??????
4784,獢?撣像?桀?,撱?????啣?頝?5撌瑯誨????121.2076,24.9564,撱???砍?,撱???儔??,195,"瘞渡,?",?單慰鞊?03-4572105#2384,??????
4785,獢?撣葉憯Ｗ?,銝剖亢??銝剖亢?銝?頠銝?121.226786,24.956471,銝剖亢?砍?,銝剖亢??600,?,雿???03-4271801#1210,??????
4786,獢?撣葉憯Ｗ?,??????楝3畾菔?擃蝡??梯楝2畾?121.226641,24.956529,?砌??砍?,????1294,?,撣?擗極??03-3396122#1,??????
4787,獢?撣敺瑕?,憭扳???撱箏?頝?199??璅?121.2962,24.9567,憭批?????,憭批??之敹?,105,"瘞渡,?",????03-3625058,??????
4788,獢?撣敺瑕?,憭扳???撱箏?頝?199??璅?121.2962,24.9567,憭扳 憭扯????,憭扳?之?舫?,105,"瘞渡,?",樴??928849305,??????
4789,獢?撣敺瑕?,憭扳???撱箏?頝?199??121.2962,24.9567,憭扳?瘣餃?銝剖?,憭扳??之???之??,105,"瘞渡,?",?喲???03-3680662,??????
4790,?啣?撣摨?,?葉???啣?撣摨??葉頝?8??121.5392,24.9567,?控?葉,?葉?誨?????????⊿??摨??撐??,703,"瘞渡,?,?瘚?,?唾??02-29112281#1209,??????
4791,?啣?撣摨?,?葉???啣?撣摨??葉頝?3撌?0??121.5404,24.9569,?賭?摰嗅?,撘萄??誨???????葉??,1373,"瘞渡,?",?唾??02-29112281#1209,??????
4792,?啣?撣雄甇?,镼輸雄??銝剜迤銝頝?03??121.3536,24.9572,镼輸雄?暑?葉敹?镼輸雄?皝?,207,"瘞渡,?,?瘚?瘚瑕",璆?璁?02-26780202,??????
4793,獢?撣敺瑕?,憭扳???蝳?銵?0撌瑕?萼蝳?畾?404-0000??121.295,24.9573,蝳??砍?憭扳?蝷曉??砍?,憭扳???40,?,?其蔗瞏??,03-3683155#231,??????
4794,獢?撣敺瑕?,????銵???頝?25撌瑚漱?臬?萼?畾?973-0000??121.2988,24.9576,??砍?,???117,?,?其蔗瞏止,03-3683155#231,??????
4795,獢?撣敺瑕?,憭批????像頝?48??121.3042,24.9576,憭批?瘣餃?銝剖?,憭批??之皝喲?,147,"瘞渡,?",瘙???03-3653813,??????
4796,?啣?撣摨?,?葉???啣?撣摨???頝臭?畾?9撌?2??121.5399,24.9577,?葉撱??瘣餃?銝剖?,???????撐????銝剝????⊿??摨???瞏剝???瞏剝??瞏剝??????云撟喲??誨??,45,"瘞渡,?瘚?,?唾??02-29112281#1209,??????
4797,獢?撣葉憯Ｗ?,蝭方???瘞貊?頝臭誑??121.263193,24.958407,蝭方??砍?,蝭方???153,?,雿???03-4271801#1210,??????
4798,獢?撣敺瑕?,憭扳像???儔銵??啗?儭啣?蝳挾0424-0000??121.3077,24.9587,???砍?,憭扳像??111,?,?其蔗瞏止,03-3683155#231,??????
4799,?啣?撣雄甇?,瘞詨???曊舀??敺瑟?鈭?2??121.3329,24.9588,瘞詨???,瘞詨???440,"瘞渡,?,?瘚?瘚瑕",璆?璁?02-26780202,??????
4800,?啣?撣???,????銝剖亢頝?畾?5-12??121.417311,24.958966,??撣?瘣餃?銝剖?,????瘝??????????蟡??60,"瘞渡,?,?瘚?瘚瑕",??雓,02-22678936,??????
4801,獢?撣葉憯Ｗ?,?桃儔??皞芸?銵?,121.230141,24.959085,?啗?皞芸???桃儔??300,?,雿???03-4271801#1210,??????
4802,獢?撣葉憯Ｗ?,鈭???甇??銵?121.20439,24.959108,鈭??咱?砍?,鈭???569,?,雿???03-4271801#1210,??????
4803,獢?撣葉憯Ｗ?,鈭???甇?之銵?5??121.204444,24.959254,銝剖ㄑ?憍血匱擗?鈭???甈?,100,"?,?瘚?,雿???03-4271801#1210,??????
4804,獢?撣葉憯Ｗ?,銝剖亢??銝剖亢?葉蝢楝,121.22659,24.959449,銝剜迤?砍?,銝剖亢??5000,?,雿???03-4271801#1210,??????
4805,?啣?撣??,瞍???憭扯?皝?5??121.746242,24.959584,?啣?撣???芣???瞍??∪?,瞍???62,"瘞渡,?,?瘚?瘚瑕",?喳??,02-26656213#13,??????
4806,獢?撣葉憯Ｗ?,?飯??瘞?頝?畾??葉銝?,121.173807,24.95967,?飯??銝?砍?,?飯??230,?,?單???03-4271801#1211,??????
4807,獢?撣葉憯Ｗ?,銝剖亢????頝?59??121.228005,24.959848,銝剖ㄑ?蝷曄?擗?銝剖亢?葉撱粹??偶????剝?,100,"瘞渡,?,?瘚?,雿???03-4271801#1210,??????
4808,獢?撣葉憯Ｗ?,?飯????頝???121.176781,24.959978,銝剖ㄑ??飯蝷曉?瘣餃?銝剖?,?飯??55,"瘞渡,?,?瘚?,雿???03-4271801#1210,??????
4809,獢?撣葉憯Ｗ?,?桀????桀??葉?之摮賊????121.243726,24.960062,?桀??砍?,?桀???137,?,雿???03-4271801#1210,??????
4810,獢?撣葉憯Ｗ?,銝剖亢????頝?82-2??121.227251,24.960342,銝剖ㄑ??臬??瑕ˊ靽望??具曊湔?擗具?銝剖亢????,100,"瘞渡,?,?瘚?,雿???03-4271801#1210,??????
4811,獢?撣葉憯Ｗ?,敹儔??銝剛頝臭?畾?69-1??121.237458,24.960534,銝剖ㄑ?敺瑞儔??蝢押?蝢押蝢拚????,隞儔??蝢拚??蝢拚??噸蝢拚?,50,"瘞渡,?,?瘚?,雿???03-4271801#1210,??????
4812,獢?撣敺瑕?,憭批???蝳????葉頝航?鈭文?啗?儭啣之?箸挾0897-0000??121.2951,24.9607,憭扳像?砍?,憭批??之?舫?????之??,173,?,?其蔗瞏止,03-3683155#231,??????
4813,?啣?撣摨?,?????啣?撣摨?摰熒頝臭?畾?-1??121.532147,24.960733,??撣?瘣餃?銝剖?,???云撟喲?????,119,"?,?瘚?瘚瑕",?唾??29112281#1209,??????
4814,獢?撣敺瑕?,憭扳??憭扳????銵?20??121.295,24.9608,?怠噸撣??之璅?璅?憭抒??之甇???之摰??之?粹??之?園????,182,"瘞渡,?",?單歲瘣?03-3752690,??????
4815,?啣?撣???,瘞詨祐??瘞詨祐頝?2撌?0撘?0??121.42864,24.961098,瘞詨祐撣?瘣餃?銝剖?,瘞詨祐??憭批???30,"瘞渡,?瘚?瘚瑕",?冽???02-22696053,??????
4816,獢?撣葉憯Ｗ?,?????賡收銵???鈭?,121.21328,24.961274,?賡收?砍?,????217,?,雿???03-4271801#1210,??????
4817,?啣?撣摨?,?砍????啣?撣摨?摰?頝?6??121.5142,24.9613,摰???,摰??噸摰??????????撏??????????圈?,901,"瘞渡,?,?瘚?,?唾??02-291122811#1209,??????
4818,獢?撣葉憯Ｗ?,銝剖控??璁格?頝?96??121.261501,24.96168,銝剖ㄑ?銝剜迤?葉撅梢????,銝剖控?葉甇???葉???靽⊿??砟銵?,50,"瘞渡,?,?瘚?,雿???03-4271801#1210,??????
4819,獢?撣敺瑕?,?賡滓????銵??楝88??,121.2897,24.9619,銝剛楝隡??砍?,?賡滓?誨?????喲?,217,?,?其蔗瞏止,03-3683155#231,??????
4820,獢?撣葉憯Ｗ?,?桃儔??敹??予??Ｗ???121.229855,24.961985,?斗?砍?,?桃儔??66,?,雿???03-4271801#1210,??????
4821,獢?撣葉憯Ｗ?,?????唳?頝?23??121.216903,24.962185,銝剖ㄑ?????偶?????,瘞詨????????,50,"瘞渡,?,?瘚?,雿???03-4271801#1210,??????
4822,獢?撣葉憯Ｗ?,銝剖控??璁格?頝臭誑镼?121.261867,24.962219,憭Ｗ劂?砍?,銝剖控??1230,?,雿???03-4271801#1210,??????
4823,?啣?撣???,瘞詨祐??瘞詨祐頝?8??121.430192,24.962522,???葉,憭批???瘞詨祐??瘝???1384,"瘞渡,?,?瘚?瘚瑕",??敹?02-22675135-401,??????
4824,獢?撣敺瑕?,憭扳??瘞貊?镼輯?????銵漱?臬?萼憭扳畾?753-0000??121.2984,24.963,?砍?鈭??憭扳??49,?,?其蔗瞏止,03-3683155#231,??????
4825,獢?撣敺瑕?,憭扳??瘞貊?镼輯?????銵漱?臬?萼憭扳畾?418-0000??121.2984,24.963,?砌??砍?,憭扳??65,?,?其蔗瞏止?,03-3683155#231,??????
4826,獢?撣葉憯Ｗ?,?啗???撱嗅像頝舀蝢抵楝璈?,121.229788,24.963076,?唳??砍?,?啗???60,?,雿???03-4271801#1210,??????
4827,獢?撣像?桀?,撟喲???啣?頝?畾?86??121.2759,24.9633,撟喲?撟澆??像?桀???撟喲??40,?,??憡?03-4393660,??????
4828,獢?撣敺瑕?,憭扳??蝳???221??121.2968,24.9634,憭扳????,憭扳?之??,23,"瘞渡,?",?梁匱??03-3612969,??????
4829,獢?撣葉憯Ｗ?,????剖?頝臭???頝臬,121.225114,24.963452,?剖??咱?砍?,???370,?,雿???03-4271801#1210,??????
4830,獢?撣葉憯Ｗ?,???????葉憯ａ???,121.216424,24.963517,???砍?,????6329,?,雿???03-4271801#1210,??????
4831,?啣?撣???,瘝???銝?頝?3撌?撘???121.419474,24.963872,瘝?撣?瘣餃?銝剖?,瘝???瘞詨祐??????50,"瘞渡,?,?瘚?,???02-22681535,??????
4832,摰蝮??,,?剖??桀之??瞈望絲頝臬畾?51??121.92,24.9639,憭折???憭折?蝷曉?瘣餃?銝剖?,憭折????184,"瘞渡,?",?剛???,03-9781156,??????
4833,獢?撣敺瑕?,憭扳??憭扳頝舀??箸挾0030-0000??121.2996,24.9641,撱?????砍?,憭扳???,42,?,?其蔗瞏?03-3683155#231,??????
4834,獢?撣敺瑕?,????望陸銵?萼?賡滓畾?559-0000??121.2759,24.9643,??文??砍?,???55,?,?其蔗瞏止,03-3683155#231,??????
4835,獢?撣敺瑕?,???瘞貉?頝?70??121.2786,24.9649,?瘣餃?銝剖?,??曋粹?,136,"瘞渡,?",??撜?03-3626758,??????
4836,獢?撣葉憯Ｗ?,敺抵???啣?頝?80??121.224923,24.965503,獢?撣葉憯Ｗ??祆?,??銵???撟喲?????,200,"瘞渡,?,?瘚?,雿???03-4271801#1210,??????
4837,獢?撣敺瑕?,擃???擃?鈭?摨?萼擃?畾?818-0000??121.3047,24.9656,擃??砍?,擃?????,34,?,?其蔗瞏?03-3683155#231,??????
4838,獢?撣敺瑕?,憭批???敹?銝銵?敹??剛??啗?儭啣?蝳挾0551-0000??121.3047,24.9656,憭批??咱?砍?,憭批???52,?,?其蔗瞏止?,03-3683155#231,??????
4839,獢?撣敺瑕?,憭批???敹?銝銵?敹??剛?鈭文?啗?儭啣?蝳挾0620-0000??121.3047,24.9656,?隡?撱?,憭批???88,?,?其蔗瞏止,03-3683155#231,??????
4840,獢?撣敺瑕?,憭批???敹?銵?瘞貊?銵漱?臬?萼瘞貊?畾?457-0000??121.3036,24.9657,憭批??砍?,憭批???17,?,?其蔗瞏?03-3683155#231,??????
4841,獢?撣敺瑕?,憭扳慰??敹?銵??勗?銵?頝臭漱?臬?萼??畾?653-0000??121.3036,24.9657,敹??砍?,憭扳慰??84,?,?其蔗瞏止,03-3683155#231,??????
4842,?啣?撣摨?,?游????啣?撣摨?摰?頝???121.5149,24.9663,?犖擃葉,?游?????,2774,"瘞渡,?,?瘚?,?唾??02-291122811209,??????
4843,?啣?撣摨?,鈭????啣?撣摨?銝剛?頝臭?畾?53??121.544,24.9664,鈭陸?葉,鈭陸??仿??敺琿??撐??,1103,"瘞渡,?,?瘚?,?唾??02-29112281#1209,??????
4844,獢?撣敺瑕?,憭扳??撱??頝臬?萼憭扳畾?630-0000??121.2967,24.9665,撱??蝬??砍?,憭扳???,34,?,?其蔗瞏?03-3683155#231,??????
4845,獢?撣敺瑕?,憭扳??撱??頝臬?萼?畾?025-0000??121.2967,24.9665,撱???砌??砍?,憭扳???,95,?,?其蔗瞏??,03-3683155#231,??????
4846,?啣?撣雄甇?,曈喲陷??曊舀??瘞詨?銵?3??121.3318,24.9671,曈喲陷?葉,曈喟??陶蟡仿?,527,"瘞渡,?,?瘚?瘚瑕",璆?璁?02-26780202,??????
4847,獢?撣敺瑕?,憭扳?????銵?3撌瑕??啗?儭啣之?挾1099-0000??121.3264,24.9673,憭扳??砍?鈭?憭扳???33,?,?其蔗瞏止,03-3683155#231,??????
4848,獢?撣葉憯Ｗ?,???撘瑕?頝?6??121.259528,24.967453,銝剖ㄑ??芸撥?瘝駁????,?芣祥?靽⊿??撘琿???隞?,50,"瘞渡,?,?瘚?,雿???03-4271801#1210,??????
4849,獢?撣葉憯Ｗ?,瘞貊???銝剖?頝?14撌?121.236409,24.967528,瘞貊??唬??砍?,瘞貊???296,?,雿???03-4271801#1210,??????
4850,獢?撣葉憯Ｗ?,?芸撥???芸撥?葉??撘瑕?頝臭誑??121.259385,24.967876,?芸撥?砍?,?芸撥??516,?,雿???03-4271801#1210,??????
4851,獢?撣葉憯Ｗ?,敹儔??銝剛頝?畾?121.249815,24.968046,銝剝??砍?,敹儔??434,?,雿???03-4271801#1210,??????
4852,獢?撣敺瑕?,憭扳??隞ˊ頝臭?畾菔?撱??頝臭漱?臬?萼憭扳畾?011-1002??121.3014,24.9681,撱????蝬?砍?,憭扳??215,?,?其蔗瞏?03-3683155#231,??????
4853,獢?撣像?桀?,敺抵?????銵儔????121.2484,24.9684,???砍?,敺抵??儔?阡?,231,"瘞渡,?",?單慰鞊?03-4572105#2384,??????
4854,獢?撣敺瑕?,憭扳?????銵?13撌瑚漱?臬?萼憭扳?畾?096-0000??121.3273,24.9687,憭扳??砍?銝,憭扳???41,?,?其蔗瞏止,03-3683155#231,??????
4855,?啣?撣摨?,?游????啣?撣摨?摰?頝?5??121.5149,24.9688,摰熒擃葉,?游?????????偶撟喲????????,1119,"瘞渡,?,?瘚?,?唾??02-29112281#1209,??????
4856,獢?撣敺瑕?,憭批???憭扳?銵之?喲??啗?儭啣??挾0564-0000??121.2977,24.9691,?喲??砍?,憭批???51,?,?其蔗瞏?03-3683155#231,??????
4857,?啣?撣雄甇?,曈喲陷??曊舀??瘞詨?銵?20??121.3351,24.9691,曈喲陷??,曈喲陷?之皝?,342,"瘞渡,?,?瘚?瘚瑕",璆?璁?02-26780202,??????
4858,獢?撣敺瑕?,憭找???獢雄頝臬??毽76??121.3264,24.9696,憭找?????,憭找???110,"瘞渡,?",撘萄?撟?03-3629076,??????
4859,獢?撣敺瑕?,憭批????像頝舫??毽,121.3237,24.9704,憭找?隡??砍?,憭批??之?潮?,6,?,?其蔗瞏?03-3683155#231,??????
4860,獢?撣葉憯Ｗ?,瘞游偏???啁?頝?98撌?2??121.224783,24.970735,銝剖ㄑ?瘞游偏蝷曉?瘣餃?銝剖?,瘞游偏??蝳?????,40,"瘞渡,?,?瘚?,雿???03-4271801#1210,??????
4861,?啣?撣邦??,銝剖控??雿喳?頝臭?畾?4??121.392558,24.971116,?脣噸??,璅控?控雿喋葉撅?484,"?,?瘚?瘚瑕",鈭?蝯??撌?26805557#131,??????
4862,獢?撣敺瑕?,憭扳迤??甇??鈭??迤蝳?銵?啗?儭啣之蝳挾0603-0000??121.2979,24.9714,憭扳迤隡?撱?,憭扳迤??46,?,?其蔗瞏?03-3683155#231,??????
4863,獢?撣敺瑕?,擃???瘞貉?頝?72撌?1??璅?121.2759,24.9716,擃?????,擃??????偶鞊?????,105,"瘞渡,?",?頂摰?03-3702472,??????
4864,?啣?撣摨?,銝剜迤???啣?撣摨?銝?頝荔?嚗?,121.5366,24.9717,銝剜迤??,????敺琿?????敺琿??撐???????1001,"瘞渡,?,?瘚?,?唾??02-29112281#1209,??????
4865,?啣?撣摨?,銝剜迤???啣?撣摨?銝?頝?8??121.5391,24.9718,撏?憟喃葉,?啣噸?葉甇???葉?舫??????敹???敺琿???瘞?,522,"瘞渡,?,?瘚?,?唾??02-29112281#1209,??????
4866,?啣?撣???,?文?????頝?7??121.441935,24.972383,????,?∩????????琿◢???∩縑???文???憭批???958,"瘞渡,?,?瘚?瘚瑕",頞???02-22700177-851,??????
4867,?啣?撣???,?文?????頝?畾?01??璅?121.442873,24.972533,????祆?,?文????????⊥????∩????琿◢???∠????∩縑??162,"瘞渡,?瘚?瘚瑕",璆?瘨?02-22732000-543,??????
4868,?啣?撣?皞芸?,瘜啣像??皞芸偏撖?6??121.827,24.9727,瘜啣像?暑?葉敹?瘜啣像??100,"瘞渡,?,?瘚?,摰???02-24931111#124,??????
4869,?啣?撣邦??,銝剖控??銝剖控頝臭?畾?0??璅?121.39436,24.972721,撅曹蔔撣?瘣餃?銝剖?,?勗控??撅晞控雿喋葉撅?80,"瘞渡,?,?瘚?瘚瑕",皜豢???02-26812106#1615,??????
4870,獢?撣葉憯Ｗ?,瘞貊?????鈭楝90??121.233494,24.972729,銝剖ㄑ?瘞貊???蝳兢蝳????,瘞貊??兢蝳???蝳?,50,"瘞渡,?,?瘚?,雿???03-4271801#1210,??????
4871,?啣?撣雄甇?,銝剜???銝剜?銵?5??121.3481,24.973,銝剜??暑?葉敹?銝剜??之皝??陶曈湧??陶蟡仿??陶蝳?,119,"瘞渡,?,?瘚?瘚瑕",璆?璁?02-26780202,??????
4872,?啣?撣雄甇?,銝剜???銝剜?銵?5??121.3481,24.973,銝剜???,銝剜???465,"瘞渡,?,?瘚?瘚瑕",璆?璁?02-26780202,??????
4873,獢?撣葉憯Ｗ?,敺抵??敺抵?憯Ｗ?銝剜?,121.248762,24.973494,敺抵??砍?,敺抵??844,?,雿???03-4271801#1210,??????
4874,獢?撣敺瑕?,憭扳迤????銵?甇???漱?臬?萼憭抒?畾?583-0000??121.2989,24.9735,???砍?,憭扳迤??69,?,?其蔗瞏止,03-3683155#231,??????
4875,?啣?撣摨?,?啣????啣?撣摨?撖嗆?頝???121.5439,24.9737,????,憭扯??之??,1737,"瘞渡,?,?瘚?,?唾??02-29112281#1209,??????
4876,獢?撣???,,獢?撣暑?怨?3??121.2645,24.9738,暾餅摰?暾餅銵?????,72,"瘞渡,?,?瘚?,?梢靘?3698361,??????
4877,?啣?撣???,皜????頝?68??璅?121.458661,24.973802,皜?撣?瘣餃?銝剖?,皜???皜???30,"瘞渡,?瘚?,鋡憒?02-22615380,??????
4878,?啣?撣???,皜????頝?68??璅?121.458661,24.973802,皜?撣?瘣餃?銝剖?,皜???皜???30,"瘞渡,?,?瘚?,撘菜?撖?02-22745669,??????
4879,獢?撣葉憯Ｗ?,瘞貊???銝剖?頝?121.235833,24.97388,銝剖?頝舐靽??瘞貊???1401,?,雿???03-4271801#1210,??????
4880,?啣?撣邦??,璅控??銝剖?銵?8??璅?121.389871,24.973944,璅控撣?瘣餃?銝剖?,璅控?葉撅?61,"瘞渡,?,?瘚?,瘙?璁?26812106#1617,??????
4881,獢?撣葉憯Ｗ?,敺抵?????頝?121.253145,24.974152,???砍?,敺抵???1303,?,雿???03-4271801#1210,??????
4882,獢?撣撅?,蝚冽葛??2??9-5??121.026312,24.974502,?暹??犖?熒瘣餃?銝剖?,蝚冽葛??0,"瘞渡,?",?剔???4778168,??????
4883,獢?撣???,銝剖噸????頝臭?畾?75??121.2892,24.975,銝剖控蝷曉?瘣餃?銝剖?,銝剖噸,45,"瘞渡,?,?瘚?,????03-3611518,??????
4884,?啣?撣摨?,蝳????啣?撣摨?銝剖亢頝?3??121.5318,24.9756,?啣?擃葉,?曉???瘞??葉撅梢??葉憭桅??蝳???撟喲??????葉甇??,1307,"瘞渡,?,?瘚?,?唾??02-29112281#1209,??????
4885,獢?撣葉憯Ｗ?,敺抵?????頝臬???撠?,121.250826,24.975768,撣豢??砍?,敺抵???885,?,雿???03-4271801#1210,??????
4886,?啣?撣邦??,撅曹蔔??銝剖控頝臭?畾???121.401678,24.975774,撅曹蔔??,?勗控?控雿?654,"瘞渡,?,?瘚?瘚瑕",鈭?蝯??頛?26806673頧?31,??????
4887,獢?撣???,蝳???撱嗅像頝?26??121.3139,24.976,蝳??葉,?砍?憭扳邦????,105,"瘞渡,?,?瘚?,璆??03-3669547#513,??????
4888,?啣?撣摨?,?曉????啣?撣摨?瘞?頝?12??121.5355,24.9761,???亙熒蝞∠?撠?摮豢,?曉????菟??遣????敺琿??葉憭桅??葉?舫??????敹?,87,"瘞渡,?,?瘚?,?唾??02-29112281#1209,??????
4889,獢?撣葉憯Ｗ?,敹???敹?頝臬???銵?,121.254187,24.976276,敹??砍?,敹???1015,?,雿???03-4271801#1210,??????
4890,?箏?撣?撅勗?,,?控???頝?畾?8撌?-2??121.5836,24.9764,????,????20,"瘞渡,?",撘萄???02-29393546#21,??????
4891,獢?撣葉憯Ｗ?,敹?????鈭?126??121.209151,24.976697,銝剖ㄑ?銝剖???摮?撟喲???瘞???,敹???50,"瘞渡,?,?瘚?,雿???03-4271801#1210,??????
4892,?啣?撣摨?,憭扯????啣?撣摨?瘞?頝?10??121.5376,24.9769,憭扯?蝷曄?擗?憭折筋??摮??儔???縑蝢拚??窄摰??窄???窄蝳??葉撅梢???撟喲????菟??之???之鞊???敺琿??摰???鞊???隤?????遣???????撐???噸蝳??敹??葉甇????撜圈???仿??葉憭桅???瘞??蝳??葉?舫??敺琿??葉?????????????,1540,"瘞渡,?,?瘚?,?唾??02-29112281#1209,??????
4893,獢?撣葉憯Ｗ?,敺抵????瑟?銵?5??121.249838,24.977376,銝剖ㄑ?敺抵??儔?舫????,敺抵?儔??,50,"瘞渡,?,?瘚?,雿???03-4271801#1210,??????
4894,獢?撣???,蝳???隞銵?0??121.3077,24.9774,撱箏??葉,?砍?憭扳邦????,70,"瘞渡,?瘚?,?湔???03-3630081#540,??????
4895,?啣?撣摨?,憭扯????啣?撣摨?23143瘞?頝?08??121.5382,24.9776,憭扯???,隞???鞊???敺琿??之鞊??之???????隤???摮??窄???縑蝢拚??之曀祇?,5794,"瘞渡,?,?瘚?,?唾??02-29112281#1209,??????
4896,獢?撣葉憯Ｗ?,蝳噸??蝳??憯ａ?銝剜?,121.257876,24.977663,???砍?,蝳噸??547,?,雿???03-4271801#1210,??????
4897,獢?撣???,憭扳???憭批?頝?1??121.3202,24.9778,憭扳?蝷曉?瘣餃?銝剖?,憭扳?,89,"瘞渡,?,?瘚?,璆憸?03-3612328,??????
4898,獢?撣葉憯Ｗ?,敹?????頝臭誑?晞???銵誑??121.252899,24.977813,?脰?咱?砍?嚗???2嚗?敹???535,?,雿???03-4271801#1210,??????
4899,獢?撣葉憯Ｗ?,蝳噸???銝?10??121.258069,24.97792,銝剖ㄑ??批ㄑ????敺琿????,?批ㄑ??????敺琿?,50,"瘞渡,?,?瘚?,雿???03-4271801#1210,??????
4900,?啣?撣???,?⊥????⊥?銵?5??璅?121.442984,24.978282,?⊥?撣?瘣餃?銝剖?,?⊥????∠????文????????∩????琿◢???∩縑??77,"瘞渡,?,?瘚?,?⊿???02-22610593,??????
4901,獢?撣敺瑕?,憭抒???隞ˊ頝臭?畾?6摨?萼??畾?029-0000??121.3022,24.9784,???咱?砍?,憭抒???71,?,?其蔗瞏止,03-3683155#231,??????
4902,獢?撣敺瑕?,擃???擃??剛???8撌瑚漱?臬?萼擃?畾?146-0000??121.2754,24.979,擃??砍?,擃?????????,35,?,?其蔗瞏?03-3683155#231,??????
4903,獢?撣???,蝳????賣?銝?33??121.3072,24.9794,?賣?蝷曉?瘣餃?銝剖?,蝳????,65,"瘞渡,?,?瘚?,???03-3678977,??????
4904,獢?撣葉憯Ｗ?,??????頝?83-20??121.250258,24.979431,銝剖ㄑ???????,?批?????,50,"瘞渡,?,?瘚?,雿???03-4271801#1210,??????
4905,?啣?撣葉??,?舀??銝剖???舀銵?43撌?2??121.506,24.9799,蝡寞?銝剖飛,?????圈??帖頝舫?????迤??嚗?430,"瘞渡,?,?瘚?瘚瑕",?葦??02-22482688#286,??????
4906,摰蝮??,,?剖??桃??嚗楝嚗?0-8??121.9498,24.9799,?喳????喳?蝷曉?瘣餃?銝剖?,?喳???67,"瘞渡,?,瘚瑕",瘝旨??03-9781117,??????
4907,?啣?撣摨?,撖嗥????啣?撣摨?撖嗡葉頝?9??121.5462,24.98,??撌亙?,撖嗥??窄??,1945,"瘞渡,?,?瘚?,?唾??02-29112281#1209,??????
4908,?啣?撣蝣?,鞊???舀６頝???121.6921,24.98,?舀６憭批飛鈭?擗?璅?敶剖控???圈?,100,"瘞渡,?,?瘚?瘚瑕",?喲???璆?甈?02-26632102#2422/#2462,??????
4909,獢?撣葉憯Ｗ?,?????批ㄑ??頝?121.249202,24.980065,???砍?,????1700,?,雿???03-4271801#1210,??????
4910,?啣?撣???,?控???噸頝?畾?4-1??璅?121.464447,24.98031,?控撣?瘣餃?銝剖?,?控??皜偌??皜漯??瘞詨???18,"瘞渡,?,?瘚?,憪???02-22734192,??????
4911,?啣?撣???,?控???噸頝?畾?4-1??璅?121.464447,24.98031,瘞詨?撣?瘣餃?銝剖?,皜偌??瘞詨????控??25,"瘞渡,?瘚?,暺?,02-22644813,??????
4912,?箏?撣?撅勗?,,?控??冽頝?畾?12??121.5562,24.9807,?舐?憟喃葉,璅???????璅寥?,300,"瘞渡,?",??敺?02-29368847#201,??????
4913,獢?撣???,,獢?撣辣撟唾楝?之鞊楝??121.3186,24.9808,撱嗅像?砍?,?砍?憭扳邦????,1400,"瘞渡,?,?瘚?,?儔??3354757,??????
4914,?啣?撣???,撱瑕祚??瘞貉?頝?40-1??121.467199,24.980803,撱瑕祚撣?瘣餃?銝剖?,撱瑕祚??瘞貉???????80,"瘞渡,?,?瘚?瘚瑕",瘣芰???02-22626089,??????
4915,?啣?撣摨?,撖嗉????啣?撣摨???頝?2??121.5448,24.9809,?撥撌亙?,撖嗉??窄摰??窄蝳??摰??縑蝢拚?,1132,"瘞渡,?,?瘚?瘚瑕",?唾??02-29112281#1209,??????
4916,?箏?撣?撅勗?,,?控??冽頝?畾?55撌???121.561,24.9809,????,璅???喲?????30,"瘞渡,?",?喲??02-29363995#821,??????
4917,獢?撣葉憯Ｗ?,??????頝?121.249318,24.980978,銝??砍?,????2281,?,撣?擗極??03-3396122#1,??????
4918,獢?撣???,,獢?撣瘝?????121.3073,24.9811,?賣??砍?,?砍?撣葉敹???,4600,"瘞渡,?,?瘚?,?儔??3354757,??????
4919,?啣?撣邦??,憭批???憭批?銵?3??121.417421,24.981493,憭批???,憭批??蔬??撟喋蔬蝳?賬蔬?葉?胯云??450,"瘞渡,?,?瘚?瘚瑕",鈭?蝯瘝??86865486頧?42,??????
4920,?啣?撣邦??,璅寞???桀?銵?67??121.410902,24.981593,?梢撣?瘣餃?銝剖?,璅孵噸?邦镼踴邦?晞邦?撅晞?賬蝳葉?胯云??78,"?,?瘚?瘚瑕",雿蝬?02-26812106#1614,??????
4921,?啣?撣邦??,?像??敹?銵?0??121.42394,24.981755,敶剔???,?像?蔬?蔬蝳蔬?云??1704,"瘞渡,?,?瘚?瘚瑕",鈭?蟡?暑??86866589#803,??????
4922,?啣?撣???,瘞詨????噸頝?畾?2??121.465311,24.982013,皜偌擃葉,瘞詨???瘞貉???????皜偌??皜???皜???皜漯???撱琿?撟喳???撱瑕祚??撱嗅ˊ??摰???撱嗅???撱嗅????控??撱嗥正??1033,"瘞渡,?,?瘚?瘚瑕",????02-22707801-400,??????
4923,獢?撣???,蝳???隞ˊ頝?99??121.3081,24.9821,蝳?????摰之鞊??臬????嚗??恣?葉敹?,鞊??之鞊?摰?撅晞陸撅?131,"瘞渡,?,?瘚?,?雁??3348058#1109,??????
4924,?啣?撣葉??,?舀??銝剖??撌亙?頝?11??121.5076,24.9822,?臬?蝘?憭批飛,????圈??????摮??帖頝舫?????迤??,1447,"瘞渡,?,?瘚?瘚瑕",?葦??02-22482688嚗?86,??????
4925,?啣?撣???,???皜偌頝?41撌?8?1,121.458501,24.98237,"?,??撣?瘣餃?銝剖?",???????50,?瘚?撱??撘菔隤?02-22659858 02-22736647,??????
4926,?啣?撣???,?亙????箸?∟楝1??121.439585,24.982977,鋆噸擃葉,?亙????⊥????∠???975,"瘞渡,?,?瘚?瘚瑕",蝪∪???02-82617889-225,??????
4927,?啣?撣???,摮詨???摮詨?頝?畾?41??121.45038,24.983308,?啣?擃極,摮詨????噸??摮詨ㄚ??璅???交???亙???鞎券???鋆??葉甇??,2785,"瘞渡,?,?瘚?瘚瑕",瘣芸?,02-22612483-30,??????
4928,獢?撣???,?脫?????頝?5??121.3144,24.9834,撱箏???,?砍?銝剛楝???,280,"瘞渡,?瘚?,暺?撋?03-3636660#512,??????
4929,?箏?撣?撅勗?,,?控?颲漸頝?畾?7??121.5547,24.9834,撖西??葉,璅???300,"瘞渡,?",?喃蔔??02-22362852#150,??????
4930,?啣?撣???,?????頝?畾?47??121.456842,24.983456,銝剜迤?葉,銝剜迤?????????415,"瘞渡,?,?瘚?瘚瑕",?╡??02-22628456-815,??????
4931,?啣?撣邦??,?像??銝剛頝???121.422804,24.983502,璅寞?擃?銝剖飛,璅寞?之??撟喋蔬?蔬蝳邦?蔬??1404,"?,?瘚?瘚瑕",蝮賢?銝颱遙?筒??86852011#2112,??????
4932,?箏?撣?撅勗?,,?控?敹?銵?畾???121.5575,24.9836,撖西???,璅???璅寥?,75,"瘞渡,?",?∪???02-29360725#140,??????
4933,?啣?撣邦??,?望???銝剖控頝臭?畾?0??璅?121.415159,24.984222,?望?撣?瘣餃?銝剖?,璅孵???賬?邦蝳葉??214,"瘞渡,?,?瘚?瘚瑕",?喲???02-268121061613,??????
4934,?啣?撣???,皜漯????頝?畾?56??121.461508,24.984402,皜偌??,皜漯??????瘞貉????撱琿? 撟喳???撱瑕祚??撱嗅ˊ??摰????脤? 撱嗅???撱嗅???????撱嗥正??597,"瘞渡,?,?瘚?瘚瑕",?瘙?02-22618316-401,??????
4935,獢?撣葉憯Ｗ?,????敹極頝?41-1?啗?,121.250192,24.984425,???砍?,????305,?,雿???03-4271801#1210,??????
4936,?啣?撣摨?,瘞詨????啣?撣??楝銝挾100??121.5182,24.9846,?啣???,瘞詨?????偶撟喲?,648,"瘞渡,?,?瘚?,?唾??02-29112281#1209,??????
4937,?箏?撣?撅勗?,,?箏?撣?撅勗???頝?畾?撌?4??121.5783,24.9849,??葉,閰阡???蝢押???萸?啜????????喋?璅嫘??啜???憭扼?????20,"瘞渡,?",?喳???29393651#51,??????
4938,獢?撣葉憯Ｗ?,?批????批?????頝臭誑??121.251276,24.985413,銝剖控?砍?,?批???3275,?,雿???03-4271801#1210,??????
4939,?啣?撣???,?交??鋆?頝?5??121.447559,24.985602,璅??,?交??鋆???鞎券????亙????斗???????璅??摮詨??儔?? 摮豢???摮詨ㄚ???噸??1168,"瘞渡,?,?瘚?瘚瑕",????02-22662568-831,??????
4940,?啣?撣摨?,敺抵????啣?撣摨?瘞?頝?5??121.5322,24.9858,?撌亙振,敺抵??之曀祇???摮????菟??窄摰??葉撅梢?,8362,"瘞渡,?,?瘚?,?唾??02-29112281#1209,??????
4941,獢?撣葉憯Ｗ?,瘞貊???瘞貊??冗?.?啗?皞芰???121.236845,24.985901,镼踹?頝舐靽??瘞貊???509,?,雿???03-4271801#1210,??????
4942,?啣?撣???,撱????摮詨?頝臭?畾?9撌瑕?2璅?121.457766,24.985909,撱??撣?瘣餃?銝剖?,撱????撱????50,"瘞渡,?瘚?,撘菜???02-22625088,??????
4943,?啣?撣???,撱????摮詨?頝臭?畾?9撌瑕?1璅?121.457766,24.985909,撱??撣?瘣餃?銝剖?,撱?????斗???????敺抵???摮豢???撱????50,"瘞渡,?,?瘚?,銝?蝘,02-22629394,??????
4944,?啣?撣邦??,璅孵???敺抵?頝?95??121.415677,24.986051,?脫???,璅孵??邦鈭箝?扼??晞邦??135,"瘞渡,?,?瘚?瘚瑕",鈭?蝯 ???26832112#303,??????
4945,?啣?撣邦??,璅孵???敺抵?頝?95??121.415677,24.986051,?脫??葉,璅孵??邦鈭箝?扼??邦??574,"瘞渡,?,?瘚?瘚瑕",鈭?蝯瞏∪?,26841160#122,??????
4946,?啣?撣葉??,敹???銝剖????頝?畾?撌?7??121.5085,24.9862,銝剖??葉,????圈?????????摮?????????帖頝舫?????ˊ???????儔???????撟喲???圈??蝳???????祇??????迤??,2649,"瘞渡,?,?瘚?瘚瑕",?葦??02-22482688嚗?86,??????
4947,獢?撣???,銝剖控????頝臭?畾?070??121.2902,24.9864,銝剖控??,?砍?銝剛楝???,212,"瘞渡,?,?瘚?,????03-2203012#51,??????
4948,獢?撣???,銝剖控??銝剖像頝?18??121.2928,24.9867,銝剖控?葉撟喋葉?葉瘜啜葉???????,銝剖控?葉?葉撟喋葉?葉瘜啜葉頝?339,"瘞渡,?,?瘚?,?雁??3348058#1109,??????
4949,?啣?撣葉??,敹???銝剖????頝?畾?35撌?4??121.5091,24.9867,????,?勗??????摮?????????ˊ???撟喲???圈??蝳??摰??????????祇??葉??????,1278,"瘞渡,?,?瘚?瘚瑕",?葦??02-22482688#286,??????
4950,?啣?撣???,撱????摮詨?頝?畾?27??121.454896,24.986953,撱????,????敺抵????斗???摮豢????交??鞎券???璅??撱????摮詨???鋆???銝剜迤??摮詨ㄚ???噸??撱????608,"瘞渡,?,?瘚?瘚瑕",?賣蝧?02-22626782-100,??????
4951,獢?撣???,撱箏???撱箸?銵?8????璅?121.3155,24.987,撱箏?????臬????撱箏??砍?蝞∠?銝剖?,撱箏????191,"瘞渡,?,?瘚?,?雁??3348058#1109,??????
4952,獢?撣???,,獢?撣陸??銵???銵,121.2931,24.9871,撣?蝪⊥??砍?,?砍?銝剛楝???,250,"瘞渡,?,?瘚?,?儔??3354757,??????
4953,?啣?撣璈?,?????銵?89??121.4309,24.9873,皞芣散??,皞芣散?漯蝳??乓??漯??撏?1021,"?,?瘚?瘚瑕",雓蝯,2686770551,??????
4954,?箏?撣?撅勗?,?儔???控??冽頝?畾?38撌?1??121.5626,24.9874,????,?儔????????????,42,"瘞渡,?",????02-29392821#14,??????
4955,?箏?撣?撅勗?,,?控??冽頝?畾?02撌?2??121.5677,24.9875,?冽?葉,?冽????????,30,"瘞渡,?",雿??02-29393031#600,??????
4956,獢?撣?撅勗?,????憭批?頝?18??121.35073,24.987578,??蝷曉?瘣餃?銝剖?,????皞?,120,"瘞渡,?,瘚瑕",閰寞?撜?03-3207928,??????
4957,?箏?撣?撅勗?,,?控?閰阡頝???121.55,24.9876,瘞詨遣??,閰阡???,30,"瘞渡,?",?喃蔔??02-22363855#125,??????
4958,獢?撣?撅勗?,撟貊???撟貊?銝銵?8??璅?121.33609,24.988014,撟貊?蝷曉?瘣餃?銝剖?,撟貊???82,"瘞渡,?,?瘚?瘚瑕,?∪?賢拿",??敺?03-3290331,??????
4959,獢?撣???,,獢?撣?撘瑚?銵?鞊?銵,121.2782,24.9882,樴瓷?砍?,?砍?銝剛楝???,400,"瘞渡,?,?瘚?,?儔??3354757,??????
4960,獢?撣???,????敺抵?頝?03??121.3044,24.9886,????,?砍??????,159,"瘞渡,?瘚?,?單?鞊?03-3370576#510,??????
4961,獢?撣?撅勗?,撅梁???銝剛?頝?52??121.331807,24.988719,撅梁????,撅梁??葉??,120,"瘞渡,?,?瘚?瘚瑕",?噸鞊?03-3191223,??????
4962,獢?撣???,,獢?撣?曊航楝?之?楝??121.3173,24.9888,撱箏??砍?,?砍?憭扳邦????,1400,"瘞渡,?,?瘚?,?儔??3354757,??????
4963,?啣?撣???,摰???撱嗅?頝?3??121.464774,24.988807,摰???,摰???撱嗅???撱嗅ˊ??撟喳???撱嗥正???撱琿? 撱嗅???2293,"瘞渡,?,?瘚?瘚瑕",暺???02-22603451-131,??????
4964,獢?撣???,,樴?鈭???121.3111,24.9889,樴孕?砍?,?砍?銝剛楝???,100,"瘞渡,?,?瘚?,?儔??03-3354757,??????
4965,獢?撣???,瘙湔散??瘞湔探銝頝?12??121.3111,24.9889,瘙湔散蝷曉?瘣餃?銝剖?,瘙湔散,178,"瘞渡,?,?瘚?,?勗???03-3255924,??????
4966,獢?撣???,,獢?撣澈瘣脰???航???121.3111,24.9889,皞怠??砍?,?砍??????,800,"瘞渡,?,?瘚?,?儔??03-3354757,??????
4967,?啣?撣葉??,?臬???銝剖???舀銵?67撌?7??121.515,24.9893,?舀??,摰???撟喲??葉摰??陸摰???撅梢???????蝳????舫???????撜圈???隞???蝢拚????????????撟喲???圈???瘞湧???摰???????憯恍???????祇?,897,"瘞渡,?,?瘚?瘚瑕",?葦??02-22482688嚗?86,??????
4968,獢?撣???,樴陶????鈭?6??121.2805,24.9895,樴瓷蝷曉?瘣餃?銝剖?,樴陶??撗～?摰葉靽～?蟡乓?憯賬?撅?92,"瘞渡,?,?瘚?,暺脣撥,03-3696213,??????
4969,?箏?撣?撅勗?,,?控??舀?銵?08??121.5408,24.9895,?舐???,?舐??銵???梢?,74,"瘞渡,?",?憍?02-29322151#130,??????
4970,?啣?撣葉??,銝剛???銝剖??敺抵?頝?01撌???121.5019,24.9896,敺抵???,憭??儔???????摰?????????葉??????,946,"瘞渡,?瘚?瘚瑕",?葦??02-22482688嚗?86,??????
4971,?箏?撣?撅勗?,,?箏?撣?菔楝3畾?20??0璅?121.5701,24.9896,銵銝剖?憭抒旨???冽????60,"瘞渡,?",?典???29365522#324,??????
4972,?啣?撣璈?,皞芸???蝭方?頝臭?畾?32??121.4305,24.9897,瘝???,皞芸???撏????乓漯蝳漯瘣?1692,?,?滬????26812764832,??????
4973,?啣?撣葉??,憭????控頝?36??璅?121.5065,24.9897,敺抵?憭扳??擗??嚗ˊ???儔???????????蝳?????摰??????葉??????嚗?25,"瘞渡,?,?瘚?瘚瑕",?葦??02-22482688#286,??????
4974,獢?撣?撅勗?,憭批????噸頝?03撌?0??121.343269,24.989757,憭批?蝷曉?瘣餃?銝剖?,憭批???133,"瘞渡,?,?瘚?瘚瑕",?賣??03-3200962,??????
4975,獢?撣葉憯Ｗ?,?批?????頝?畾???121.179172,24.989775,銝剖ㄑ??批?瘣餃?銝剖?,?批???55,"?,?瘚?,雿???03-4271801#1210,??????
4976,獢?撣?撅勗?,撅勗噸????頝?撌?4??121.328351,24.989945,撅勗噸蝷曉?瘣餃?銝剖?,撅勗噸?控??,68,"瘞渡,?,?瘚?瘚瑕",????03-3207676,??????
4977,?啣?撣邦??,璅寞???桀?銵?3??121.424633,24.989981,璅寞???祆?,靽??邦敺瑯邦镼踴邦?晞蝳邦蝳???215,"瘞渡,?,?瘚?,蝷暹?鈭箸?隤脤 蝡亙???02-26812106#1606,??????
4978,?啣?撣邦??,璅寡正???脰銵?76??121.418101,24.99003,璅寞???,靽??蔬摨邦敺瑯邦镼踴邦鈭箝?扼邦?邦蝳????304,"瘞渡,?,?瘚?瘚瑕",鈭?蝯暺???26812014頧?32,??????
4979,?啣?撣葉??,?虫葉??銝剖???楝292??121.4893,24.9901,?血???,?,1173,"瘞渡,?,?瘚?瘚瑕",?葦??02-22482688#286,??????
4980,?箏?撣?撅勗?,,?控??冽頝?畾?91??121.5702,24.9903,?冽??,?冽??菟?,155,"瘞渡,?",??慦?02-29391234#130,??????
4981,?啣?撣蝣?,?喟????喟?镼輯?15??121.659,24.9903,?喟???,?喟??蔬????????憛??蔬撅梢??????偶摰???剝?,109,"瘞渡,?,?瘚?瘚瑕",????颲?02-26631244#13/#29,??????
4982,?箏?撣?撅勗?,?祈????控?蝘?楝2畾?14??121.5766,24.9904,?祈???,???憭折????,125,"瘞渡,?",?Ｗ?暺?02-29381721#131,??????
4983,?啣?撣璈?,?臬噸????頝臭?畾?45撌?0??121.4528,24.9917,靽∠儔??,?臬噸?縑蝢押??1024,?,?剝豢項蝯,89667817122,??????
4984,獢?撣???,,?撥銝銵?憯賭?銵,121.2827,24.992,?撥?砍?,?砍?銝剛楝???,100,"瘞渡,?,?瘚?,?儔??03-3354757,??????
4985,獢?撣???,????瘞?頝?7??121.3102,24.9923,獢???,?砍?撣葉敹???,212,"瘞渡,?瘚?,??撜?03-3322268#511,??????
4986,?啣?撣葉??,?虫葉??銝剖???血?頝?63??121.4911,24.9925,?血?銝剖飛,隞??葉甇???遣????銵???????????噸銵??葉撅梢??╡瘝喲??銝剝?????迤銵?,2543,"瘞渡,?,?瘚?瘚瑕",?葦??02-22482688嚗?86,??????
4987,獢?撣?撅勗?,?啗楝??銝剖控銵?6??121.337823,24.992506,樴控??祆??祆?嚗?璅旨??,?典?,200,"瘞渡,?,?瘚?瘚瑕",?⊥摰?03-3203711213,??????
4988,獢?撣???,,瘞?頝航?銝?頝臭?畾萄,121.3086,24.9926,瘞??砍?,?砍?撣葉敹???,200,"瘞渡,?,?瘚?,?儔??03-3354757,??????
4989,獢?撣???,????瘞?頝?10????璅?121.3091,24.9926,撣葉敹??臬??????????????舫?,?????蝢???129,"瘞渡,?,?瘚?,?雁??3348058#1109,??????
4990,?箏?撣?撅勗?,,?控??臭葉銵?7??121.5429,24.993,?舐??葉,?航???舫???梢??摰嫣犖??01鈭綽?靽桃80鈭綽?,80,"瘞渡,?",撘萄??,02-89353130#501,??????
4991,獢?撣???,????瘞?頝?4??璅?121.3105,24.9934,?琿?摮貉?,甇阡???正皝偶??42,"瘞渡,?,?瘚?,????3361367,??????
4992,獢?撣???,????蝮??頝???121.3015,24.9939,獢?撣?蝳桀?,???葉甇?正???銝准葉??64,"瘞渡,?,?瘚?,?喲??03-3348058#1211,??????
4993,?啣?撣葉??,???銝剖?????頝?60??121.4783,24.994,銝剖?擃葉,撟單眾?縑???????????蝛???????摰???敺琿????園?,2072,"瘞渡,?,?瘚?瘚瑕",?葦??02-22482688#286,??????
4994,?箏?撣?撅勗?,,?控??舐?銵?25??121.5387,24.9941,皞芸??,?舀?隞?,90,"瘞渡,?",?振璉?29350955嚗?15,??????
4995,獢?撣?撅勗?,樴控??銝剛?頝臭?畾?0??121.338374,24.994116,樴控蝷曉?瘣餃?銝剖?,樴控??70,"瘞渡,?,?瘚?瘚瑕",撘菜??03-3505657,??????
4996,?啣?撣葉??,蝘撅梢?,銝剖??蝡犖銵???121.5212,24.9942,蝘撅勗?撠?摰???撅梢???????蝳????舫???????撜圈???隞???瘞湧???蝢拚???憯恍?,4228,"瘞渡,?,?瘚?瘚瑕",?葦??02-22482688嚗?86,??????
4997,?啣?撣璈?,鈭???撱??銵?1??121.4624,24.9945,???,鈭??誨蝳?撟喋??嗚之鞊??敺?2135,"瘞渡,?,?瘚?瘚瑕",?寧??梁???29565592305,??????
4998,獢?撣?撅勗?,?啗楝??瘞詨?銵?7??121.334421,24.994912,?啗楝蝷曉?瘣餃?銝剖?,?啗楝??????,60,"瘞渡,?,?瘚?瘚瑕",暺?獢?03-3204836,??????
4999,獢?撣?撅勗?,憭批???憭批?頝?3??121.341548,24.994986,憯賢控擃?銝剖飛,樴控??796,"瘞渡,?,?瘚?瘚瑕",?喟???3501778#511,??????
5000,獢?撣???,?梢????勗?銵?4??121.3149,24.9952,?梢???,?砍?撣葉敹???,550,"瘞渡,?,?瘚?,?曈?03-3322057#512,??????
5001,?箏?撣?撅勗?,,?箏?撣?撅勗??航?頝航??航銵漱?,121.5446,24.9956,?航?砍?,?典?,1350,?,擃?蝧?2788-4255,??????
5002,?啣?撣偶??,?箏???瘞詨???箏??葉甇?楝100??121.5143,24.9957,?箏??極,?箏??蔬憓??蔬摰????????祇?,722,"?,?瘚?瘚瑕",撘萄憟?29432491#220,??????
5003,獢?撣葉憯Ｗ?,?????頝?75??121.203831,24.995705,銝剖ㄑ撣?冗?瘣餃?銝剖?,???50,"瘞渡,?,?瘚?,雿???03-4271801#1210,??????
5004,獢?撣???,镼輸?????銵???121.3048,24.9958,獢??葉,?砍?銝剛楝???,70,"瘞渡,?瘚?,??憡?03-3353070,??????
5005,?箏?撣?撅勗?,,?控??冽頝?畾?7??121.5719,24.9959,?冽擃極,???蝢???喲?,169,"瘞渡,?",?⊥???02-22300506#601,??????
5006,?箏?撣?撅勗?,?????控??航銵?50撌?1??121.5482,24.9961,?航???,????蝳???梢?,126,"瘞渡,?",撘菟???02-29329438#41,??????
5007,?箏?撣?撅勗?,,?控??航?頝?6撌???121.5443,24.9962,?航??葉,?航???,100,"瘞渡,?",?梁??,02-29323794#130,??????
5008,?箏?撣?撅勗?,??????頝臭?畾?22??121.5443,24.9962,?箏?撣?撅梢??葉敹??典?,189,?,??摨?2570-2330頧?423,??????
5009,獢?撣?撅勗?,撊粹???镼踹飯??4??121.342294,24.996761,撊粹?蝷曉?瘣餃?銝剖?,撊粹??撊粹?,68,"瘞渡,?,?瘚?瘚瑕",??憭?03-3293595,??????
5010,獢?撣?撅勗?,憭批????芸撥?梯楝269??121.345413,24.997386,?芸撥??,憭批???700,"瘞渡,?,?瘚?瘚瑕",?喳???3590758#51,??????
5011,獢?撣???,銝???銝剖控?梯楝128??121.3207,24.9976,銝?????,銝??憯?36,"瘞渡,?,?瘚?,?雁??3348058#1109,??????
5012,?啣?撣邦??,瞏剖????革銵?9??121.426072,24.997757,????,?喳???摰蔬摨蝳??瘞?1151,"?,?瘚?,鈭?蝯摰??26812625頧?41,??????
5013,獢?撣?撅勗?,樴控???芸撥镼輯楝66??121.338533,24.997776,樴控?葉,樴控??100,"瘞渡,?,?瘚?瘚瑕",?單∠?,3205681#512,??????
5014,獢?撣???,????銵?3??121.3129,24.9978,?????賭???暑?葉敹??????賬??葉??69,"瘞渡,?,?瘚?,?雁??3348058#1109,??????
5015,?啣?撣偶??,瘞???瘞詨??瘞???甈楝60??121.5199,24.998,瘞?撣?瘣餃?銝剖?,瘞祥?偶???偶摰???????甈??蔬憓??蔬摰????祇??????????敺???撖?????,125,"瘞渡,?,?瘚?瘚瑕",???29282828#111,??????
5016,獢?撣???,?漯???格銵?1??121.3145,24.9981,?漯????????,?漯?????撅?88,"瘞渡,?,?瘚?,?雁??3348058#1109,??????
5017,?啣?撣璈?,????頝?21??121.4632,24.9982,??葉,??誨敺瑯之鞊????嗚?撟喋誨蝳?甈敺瑯縑蝢押??2826,"瘞渡,?,?瘚?瘚瑕",?喳?璅箇???29543001504,??????
5018,?啣?撣葉??,瞍喳???銝剖???臬像頝?34銋???121.5002,24.9982,銝剖???祆?,?啣???撅梢???喲????????噸銵??葉撅梢??╡瘝喲??迤銵???眾?????撖桅??撲??,65,"瘞渡,?,?瘚?瘚瑕",?葦??02-22482688嚗?86,??????
5019,獢?撣???,瘞貉???銝?頝?畾?2??121.3078,24.9983,????,?砍?銝剛楝???,212,"瘞渡,?瘚?,?剝?蝛?03-3322772#352,??????
5020,?啣?撣楛??,?踵????踵????62??121.6072,24.9983,?踵?撣?瘣餃?銝剖?,?踵???擃??,57,"?,?瘚?瘚瑕",蝢????脩,2.66E+15,??????
5021,?啣?撣璈?,撏???憭扯?頝臭?畾?0撌?0??121.4313,24.9984,皞芸??葉,撏????漯?漯瘣脯漯蝳???785,"瘞渡,?",敶剔?瑹餌???26869729383,??????
5022,?啣?撣葉??,?芸撥??銝剖????頝?00??121.4719,24.9985,?芸撥??,瘞澈??蝛???蝛???蝛??撘琿??噸蝛??????????ˊ敺琿???敺琿??????撖???蝛????舫?,562,"瘞渡,?,?瘚?瘚瑕",?葦??02-22482688嚗?86,??????
5023,?箏?撣?撅勗?,,?控??舐?銵?1撌???121.5388,24.9987,敹???,?臭?????蟡仿?,35,"瘞渡,?",?縑??02-29323875#40,??????
5024,?啣?撣葉??,????銝剖????頝?91??121.4726,24.9988,?芸撥?葉,蝛???鈭恍??撅梢????圈???摰???蝛???蝛???蝛???蝛??撘琿??噸蝛??????????ˊ敺琿???敺琿???????蝛????舫?,936,"瘞渡,?,?瘚?瘚瑕",?葦??02-22482688#286,??????
5025,?箏?撣?撅勗?,,?箏?撣?撅勗???頝?畾?25撌???121.5587,24.9988,???,??????敺?摰嗚?喋蝢???30,"瘞渡,?",??隢?02-22393070#130,??????
5026,?啣?撣葉??,????銝剖???∪控頝?54??121.4814,24.9991,蝛???,撟單眾?縑???????葉甇???遣???????蝛??撅梢???蝛????????圈???蝛??銝剝?????撖????園?,545,"瘞渡,?,?瘚?瘚瑕",?葦??02-22482688#286,??????
5027,獢?撣???,?漯???芸撥頝?0??121.3182,24.9997,?漯??,?砍??????,210,"瘞渡,?,?瘚?,??摰?03-3347883#510,??????
5028,?啣?撣偶??,瘞???瘞詨??瘞????楝202??121.5214,24.9997,蝘??撠?瘞??偶?????祇???????敺???撖???????璅???瘝駁??????????銵????????,2124,"瘞渡,?,?瘚?瘚瑕",?滬,02-29420451#5502,??????
5029,?啣?撣葉??,瞍喳???銝剖??銝剖?頝?00??121.5016,24.9999,銝剖???,銝剖?????????銵???撖桅??撲????蝢???????????蝢???蟡仿?????????蔔????璅??????撅梢??噸銵??葉撅梢??╡瘝喲??迤銵?,2866,"瘞渡,?,?瘚?瘚瑕",?葦??02-22482688嚗?86,??????
5030,敶啣?蝮?蔑??,敹???颲凋耨頝?00??120,25,敹???,镼踹?憯賡??瑟???摮?敹???甈?镼輯???703,"瘞渡,?,?瘚?瘚瑕",璆見??04-72221411710,??????
5031,?箏?撣ㄚ??,?剝???銝剖控?楝?剜挾392??121,25,憯急??,?剝???63,,?喳?鞊?02-28710064,??????
5032,?啣?撣葉??,???銝剖??瘞?銵?6??121.4798,25.0004,蝛??葉,撟單眾?縑????蝛???鈭恍??撅梢???蝛????????圈???摰???蝛???蝛???蝛???蝛??撘琿??噸蝛??????????ˊ敺琿??????撖???蝛???蝛????舫?,597,"瘞渡,?,?瘚?瘚瑕",?葦??02-22482688嚗?86,??????
5033,?箏?撣?撅勗?,,?控???頝?畾?15撌???121.5588,25.0005,?祈擃葉,????敺?,131,"瘞渡,?",撘萇???02-22309585#500,??????
5034,?啣?撣楛??,?祇????祇???瘛梯楝3畾?07撌?6??121.6041,25.0008,?祇?撣?瘣餃?銝剖?,?祇??蝳????22,"?,?瘚?瘚瑕",璆?敺?閮望溶銝?26622208-26621959,??????
5035,獢?撣葉憯Ｗ?,?????楝銝畾菔??噸頝?121.207661,25.000969,?砍?鈭?????1007,?,撣?擗極??03-3396122#1,??????
5036,獢?撣???,瘞詨???銝剜迤鈭?315??121.3033,25.001,瘞詨??摰敺瑚???暑?葉敹?瘞詨熒?砍?蝞∠?銝剖?嚗?瘞詨??敺瑯摰?縑??196,"瘞渡,?,?瘚?,?雁??3348058#1109,??????
5037,獢?撣???,,獢?撣?瘞楝?????撘瑁楝??121.3171,25.0013,銝??砍???皞芸???砍??里???,2800,"瘞渡,?,?瘚?,?儔??3354757,??????
5038,?啣?撣葉??,?祚??撱?銵?撌?????璅?121.5011,25.0014,曊湧翩鈭方盲銝剖?,?嚗?蝢??????撅梢?嚗?82,"瘞渡,?,?瘚?瘚瑕",?葦??02-22482688#286,??????
5039,?啣?撣葉??,?祚??銝剖??撱??頝?1??121.5034,25.0016,?控擃葉,????????銵???撖桅??撲????蝢???????????蝢???蟡仿?????????蔔????璅???撟喲??葉摰??陸摰???摰?????,2130,"瘞渡,?,?瘚?瘚瑕",?葦??02-22482688嚗?86,??????
5040,?箏?撣?撅勗?,,?控???頝?畾?35??121.5508,25.0017,?噸??,?????阡???璆剝?,30,"瘞渡,?",?梢???02-29329431#35,??????
5041,?啣?撣楛??,瘛勗???瘛勗????楝41??121.6183,25.0017,瘛勗??葉,瘛勗????啜?擃?摨???304,"瘞渡,?,?瘚?瘚瑕",?單??????2662145510-2662145517,??????
5042,?啣?撣楛??,瘛勗???瘛勗????楝45??121.6169,25.0018,瘛勗???,瘛勗????啜??632,"瘞渡,?,?瘚?瘚瑕",撘萄?璁??喃???02-26624675,??????
5043,?箏?撣?撅勗?,?祉????控??砍?銵???121.5673,25.0019,?祈??,?祈?蝢?,135,"瘞渡,?",雿窄憒?2230-1232#31,??????
5044,?啣?撣邦??,?祚??靽?銵?畾?51??121.415438,25.002028,甇行???,銝???蝳??摰蔬摨?????撖?822,"?,?瘚?瘚瑕",鈭?蝯?喳窄鞈?26812475頧?31,??????
5045,?箏?撣?撅勗?,,?控??冽頝?畾?59撌?4銋???121.5758,25.0021,????,????30,"瘞渡,?",?喲詨?,02-22302585#130,??????
5046,獢?撣?撅勗?,蝎曉????陸頝?41??121.343353,25.002285,蝎曉????,蝎曉???114,"瘞渡,?,?瘚?瘚瑕",?喲撌抒?,03-2134389,??????
5047,?啣?撣璈?,銝剖控??憭扯?頝臭?畾?9撌?1??121.4477,25.0023,銝剖控??,銝剖控?之摰儔??摰?摰?摰筑瘣脯銝准?銝准之閫?迭??1136,?,??銝???22755313222,??????
5048,?箏?撣?撅勗?,????控?蝳?頝???121.5519,25.0024,????,???瘜圈?,133,"瘞渡,?",撘萎???02-29323131#511,??????
5049,?啣?撣楛??,瘛勗???瘛勗???瘛梯楝2畾?66??121.6147,25.0025,瘛勗?撣?瘣餃?銝剖?,瘛勗????啜蝳?,36,"瘞渡,?,?瘚?瘚瑕",撘菜??撘菟??26622723-26624911,??????
5050,?啣?撣楛??,瘛勗???瘛勗??楛??10??121.616,25.0025,瘛勗???祆?,瘛勗????啜?摨怒陷隞脯?蝳?擃????100,"瘞渡,?,?瘚?瘚瑕",?單璇?02-26623116256,??????
5051,?啣?撣葉??,?祚??銝剖??撱??頝?9??121.5055,25.0027,瞍喳??葉,蝳???璅???????撟喲??葉摰??陸摰???撅梢???????蝳????舫???????撜圈???隞???瘞湧???摰???????蝢拚???憯恍?,1067,"瘞渡,?,?瘚?瘚瑕",?葦??02-22482688嚗?86,??????
5052,?箏?撣?撅勗?,?????噸頝?5??121.5571,25.0029,?噸???,?典?,200,"瘞渡,?",?噸樴?撠?02-23140177,??????
5053,獢?撣???,,獢?撣葉甇??銵偶摨瑁???121.3018,25.0032,瘞詨熒?砍?,?砍??????,800,"瘞渡,?,?瘚?,?儔??03-3354757,??????
5054,?啣?撣璈?,蝳????頝?57??121.4627,25.0033,敺???,撱?噸??敺瑯????之鞊???脯鞎氬蝳?晞?????嗚??像??瘜啜?撟喋誨蝳?甈???703,"瘞渡,?",???寧???29614142-50,??????
5055,?啣?撣偶??,敺???瘞詨??敺????楝銝畾?01??121.5186,25.0035,敺抵??極,瘞詨??之?圈???????????銵??偶璅??偶???????????????偌皞?,827,"瘞渡,?,?瘚?瘚瑕",蝢?蝢?02-29262121223,??????
5056,?啣?撣偶??,瞏剖???瘞詨??瞏剖????楝銝畾?20??121.517,25.0036,瘞詨???,瞏剖??偶摰??蔬摰??之?圈??????????偌皞???銵??偶璅???????瘝駁???甈???撟喲?????,1329,"瘞渡,?,?瘚?瘚瑕",鞈隞脫?,29214615#401,??????
5057,?箏?撣?撅勗?,,?箏?撣?撅勗???頝?畾?8??121.5405,25.0039,甇血???,?舐??銵?晞?胯?嗚隞?蟡乓??撟氬??鞊??艾??箝?瘜啜?璆准?摰?蝳?,50,"瘞渡,?",?喳?隞?02-29314360#19,??????
5058,獢?撣葉憯Ｗ?,瘣賣漯??擃?楝鈭挾??敺瑁楝,121.205639,25.003951,?砍?銝????鈭?瘣賣漯??3562,?,撣?擗極??03-3396122#1,??????
5059,?啣?撣偶??,蝘??,瘞詨??蝘??瘞詨頝?1??121.5209,25.004,蝳??葉,蝳??????偶鞎??偶蝳??????????????之?圈???璅??????????眾瞈梢???????敺???銵???撖??????偶璅?,1401,"瘞渡,?,?瘚?瘚瑕",暺降鞈?02-29289493#261,??????
5060,獢?撣葉憯Ｗ?,??????楝3畾菔??頝?121.214921,25.004304,?砍?砍?,????365,?,撣?擗極??03-3396122#1,??????
5061,?啣?撣楛??,?祉????祉???瘛梯楝3畾?52??121.6047,25.0044,?勗?蝘?憭批飛,?祇??蝳楛??916,"瘞渡,?,?瘚?瘚瑕",?劓蟡?暺?銵?86625802-86625802-86625800憭???????
5062,獢?撣葉憯Ｗ?,???????剛?????銝銵?121.216768,25.004761,??咱????????408,?,撣?擗極??3396122#1,??????
5063,?啣?撣璈?,蝳????銵?0??121.4616,25.0048,敹??葉,?航眼??蝳??靘胯??喋竣?整??喋蝘?像????誨敺瑯??蝳??脯??191,"瘞渡,?,?瘚?瘚瑕",暺??渡???29631350232,??????
5064,?箏?撣?撅勗?,,?控?蝢蝳楝5畾?70撌?2??121.5367,25.0048,?祉???,?砍僑??????,32,"瘞渡,?",??隢?02-22393070#130,??????
5065,?箏?撣?撅勗?,,?控?蝳?頝?0??121.5497,25.0049,???葉,???瘜圈?,300,"瘞渡,?",閰寧??02-29322024#400,??????
5066,?啣?撣楛??,????????質楝25??121.6287,25.0049,??撣?瘣餃?銝剖?,????陷隞???87,"瘞渡,?,?瘚?瘚瑕",???瘛?,2.66E+15,??????
5067,?啣?撣璈?,?陸??撖西?頝?3撌?1??121.4664,25.005,撖西???,瘞???蟡踴?敺瑯?瘜啜???銝???之鞊??嗚???撟喋誨蝳敺?1018,"瘞渡,?瘚?,暺?撖抒???29531233142,??????
5068,?啣?撣像皞芸?,?勗??蝡輯???2-1??121.7508,25.0052,?勗撣?瘣餃?銝剖?,?勗??25,"瘞渡,?,?瘚?,??鋆?02-24951510#151,??????
5069,?啣?撣像皞芸?,撊箄??撊箄撖?4??121.7508,25.0052,撊箄撣?瘣餃?銝剖?,撊箄??ａ????日?,47,"瘞渡,?,?瘚?,??鋆?02-24951510#151,??????
5070,獢?撣葉憯Ｗ?,瘣賣漯??擃?楝鈭挾??楝銝畾?121.20791,25.00591,????蝡亙??瘣賣漯??427,?,撣?擗極??3396122#1,??????
5071,?啣?撣摨?,憛蔬???啣?撣摨??湔蔬??2??121.456585,25.005939,?湔蔬瘣曉?,?湔蔬??瞏剝?,75,"瘞渡,?,?瘚?,?唾??29112281#1209,??????
5072,?啣?撣葉??,蝳????頝?9撌?9撘???121.5016,25.0061,撅勗?撣?瘣餃?銝剖?,?瞍喳??,92,"瘞渡,?,?瘚?瘚瑕",?葦??02-22482688#286,??????
5073,獢?撣?蝡孵?,銝剔???樴?銵?85??121.258501,25.00618693,敺瑟?撖箏?頠,憭抒姘?,150,"瘞渡,?",鞈湔?樴?360-5818,??????
5074,?箏?撣?撅勗?,,?控?颲漸頝?畾?03??121.5585,25.0063,颲漸??,????????瘜圈?,30,"瘞渡,?",?迤皝?02-29357282#141,??????
5075,?啣?撣邦??,?撖桅?,銝?頝?01??121.414672,25.006414,銝??葉,銝???蝳??摰?撖柴???撖柴瘞??樴?847,"?,?瘚?瘚瑕",鈭?蝯?迤敹?86881501#502,??????
5076,?啣?撣偶??,蝘??,瘞詨??蝘???葉頝?11??121.5233,25.0067,瘞詨??葉,蝘???眾瞈梢??偶蝳??????偶鞎??????????????姘???惚皞芷???????璅?,1109,"瘞渡,?,?瘚?瘚瑕",?熒??29218878#203,??????
5077,獢?撣??喳?,靽???閫?喲?靽????鈭?,121.07162,25.006913,靽???撠飛,靽??之瞏剜??郎憡?,100,,璆???4732054#51,??????
5078,?啣?撣偶??,瘞貉???瘞詨??瘞貉????楝125撌?0??121.5216,25.0071,?脫???,瘞貉??眾瞈梢??????????偶蝳??????姘??????,207,"瘞渡,?,?瘚?瘚瑕",閰孵??,29214630#630,??????
5079,獢?撣???,靽∪???甇?熒銝?139??121.307,25.0072,????,?砍??????,64,"瘞渡,?,?瘚?,?望??03-3250959#530,??????
5080,獢?撣???,敹儔??憭扳平頝臭?畾?35??121.3158,25.0074,憭扳平??,憭扯???106,"瘞渡,?,?瘚?,?∪???03-3337771#510,??????
5081,?啣?撣蝣?,瘞詨?????頝臭?畾?45??121.688,25.0078,瘞詨???,鞊?偶摰??葉瘞?????,330,"瘞渡,?,?瘚?瘚瑕",????晴??02-26631288#22/#23,??????
5082,?啣?撣偶??,靽???瘞詨??靽????楝25??121.5057,25.0081,瘞詨像??,靽??????????????偌皞???撟喲???????皞芷???撟喲??之???葉皞芷?,943,"?,?瘚?瘚瑕",?凋?撠?29259879#402,??????
5083,?啣?撣璈?,瘚格散??憭扯?頝臭?畾?0??121.4493,25.0086,憭扯???,皝唾??筑瘣脯銝准?銝准之閫?迭??1784,"瘞渡,?",瘙?摰???29603373831,??????
5084,獢?撣???,銝???銝?銵?89??121.3234,25.0087,銝???蝢拚????,敹儔????122,"瘞渡,?,?瘚?,?雁??3348058#1109,??????
5085,獢?撣葉憯Ｗ?,瘣賣漯??瘞?頝?畾?46??121.202022,25.008748,銝剖ㄑ?瘣賣漯蝷曉?瘣餃?銝剖?,???晾皞芷?,30,"瘞渡,?瘚?,雿???03-4271801#1210,??????
5086,獢?撣葉憯Ｗ?,瘣賣漯??瘣賣漯頝航?瘞貉?頝?121.207384,25.008888,?砍?銝?砍?,瘣賣漯??523,?,撣?擗極??3396122#1,??????
5087,獢?撣???,憭扳???憭扳?頝?20??121.3205,25.0089,憭扳???,?砍??????,212,"瘞渡,?,?瘚?,??曌?03-3577715#511,??????
5088,獢?撣???,憭扳???憭扳?頝?15??121.3196,25.0093,憭扳??葉,?砍??里???,70,"瘞渡,?,?瘚?,擖?撖?03-2613299#511,??????
5089,?啣?撣楛??,?澈???澈??瘛梯楝1畾?3撌?撘?6??121.6346,25.01,?澈蝚?撣?瘣餃?銝剖?,?澈?陷隞脯?擃?,100,"瘞渡,?,?瘚?瘚瑕",擃云???瑟??恍?,2.66E+15,??????
5090,?啣?撣蝣?,鞊???璆???2-1??121.6423,25.0101,?喟?蝬?瘣餃?憭扳?,?喟??蔬????????憛??蔬撅梢????圈??偶摰??葉瘞??????????偶摰???剝?,200,"瘞渡,?,?瘚?瘚瑕",?敹?/??憍?02-26631080#251#229,??????
5091,?啣?撣璈?,瘛曹???瞍Ｙ??梯楝215??121.4709,25.0102,瘚瑕控擃葉,瘚瑕控??憒迤瘜啜??楛銝?銝摰摰銝???銝?蟡踴???瘜啜?憯?2122,"瘞渡,?",??憍瑞???29517475#300,??????
5092,獢?撣葉憯Ｗ?,????11??35-1??121.184493,25.01027,銝剖ㄑ???蝷曉?瘣餃?銝剖?,????55,"瘞渡,?,?瘚?,雿???03-4271801#1210,??????
5093,獢?撣?撅勗?,樴ˊ??樴銵?0??121.387488,25.010772,樴ˊ??,樴ˊ??100,"瘞渡,?,瘚瑕",憭窄??03-3296554#51,??????
5094,?啣?撣璈?,暺????頝臭?畾?3??121.4582,25.0108,?踵???,?劑???喋竣?整??喋蝘?撘瑯??胯像??甈?摰遣?冗敺??胯?璁柴慰????641,"瘞渡,?",暺?璁桐蜓隞?29686834831,??????
5095,?啣?撣偶??,靽???瘞詨??靽??偶撟唾楝205??121.5086,25.0108,瘞詨像擃葉,鞊急漯??摰??葉皞芷???????撟喲?????之????皞芷???撟喲???皞芷??縑蝢拚???????????蝢拚???皞芷?,5315,"?,?瘚?瘚瑕",????2231-9670頧?32,??????
5096,?啣?撣璈?,瘚格散???葉銝銵???121.4485,25.0112,憭扯??葉,皝唾??筑瘣脯銝准?銝准之閫?迭?之摰?摰?摰?摰葉撅晞儔??1611,"瘞渡,?,?瘚?瘚瑕",?陶蝛???22725015831,??????
5097,?箏?撣之摰?,摮詨???憭批??蝢蝳楝4畾?13撌?3??121.5388,25.0112,瘞??葉,摮詨???,139,瘞渡,?敶?02-27322935#234,??????
5098,?箏?撣之摰?,?仿???颲漸頝臭?畾?5??121.5388,25.0112,?箏?撣之摰??葉敹?樴殿?樴?,389,?,?剜銝?2570-2330頧?424,??????
5099,?啣?撣璈?,暺????頝臭?畾?5??121.4591,25.0117,?踵?擃葉,?劑???喋竣?整??喋蝘?像?冗敺??胯撘瑯??胯遣??璁柴?甈?摰慰???1136,"瘞渡,?,?瘚?瘚瑕",?單狠????29602500430,??????
5100,獢?撣???,?交???交頝?080??121.3086,25.0118,?里??,?啣???70,"瘞渡,?瘚?,暺迤撅?03-3252982#510,??????
5101,?箔葉撣之?脣?,???憭抒???葉撅梯楝銝畾?20??121.465467,25.012024,憭抒擃葉瘣餃?銝剖?,??憸具葉撅晞之?脯??賬?憭?598,"瘞渡,?,瘚瑕",?剖遣??04-26877165,??????
5102,?箏?撣之摰?,摮詨????箏?撣之摰??粹?頝?畾?1撌?8撘???121.5429,25.0124,?祇尹??,摮詨???50,"瘞渡,?",?舀∪?,27351734#230,??????
5103,?啣?撣蝣?,?????怠?撖?5??121.6426,25.0127,?喟?擃葉,?喟??蔬????????憛??偶摰??葉瘞?????????,963,"瘞渡,?,?瘚?瘚瑕",瘣芰????∟??02-26631224#300/301,??????
5104,?啣?撣偶??,銝???瘞詨??銝??姘?楝79??121.5193,25.0129,蝬脫漯??,鞊急漯?葉???姘???????迤???偶??????,853,"瘞渡,?,?瘚?瘚瑕",??摰?8926-4470頧?00,??????
5105,獢?撣葉憯Ｗ?,瘣賣漯??瘞豢頝航?瘞豢漯頝?121.20699,25.01304,?砍??砍?,瘣賣漯??523,?,撣?擗極??03-3396122#1,??????
5106,?啣?撣璈?,?曹???瘞?頝臭?畾?0銋???121.4768,25.0137,瘞??砍?撣?瘣餃?銝剖?,?曹???憒憯賬?隞迤瘜啜絲撅晞摰??摰?292,"瘞渡,?,?瘚?瘚瑕",暺???02-29541201,??????
5107,?箏?撣葉甇??,?梢???靽∠儔頝臭?畾???121.535,25.0137,?箏?撣葉甇???葉敹??梢???蟡仿?????????,250,?,蝝摮朮,02-25702330-6427,??????
5108,獢?撣葉憯Ｗ?,????7??5??餈?121.190069,25.014116,???唬??砍?,????1200,?,雿???03-4271801#1210,??????
5109,獢?撣???,?里????銵?5撌?0??121.3161,25.0142,?里蝷曉?瘣餃?銝剖?,撖嗅控?之??蝔?52,"瘞渡,?,?瘚?,?喳???03-3251566,??????
5110,?箏?撣之摰?,摮詨???憭批??蝢蝳楝4畾?1??121.5352,25.0142,???,憭批飛??161,"瘞渡,?",?????02-23639815#16,??????
5111,?啣?撣偶??,?菔???瘞詨???菔??姘?楝34??121.5173,25.0145,蝡寞?撠飛,銝剛??銵???敺拚??儔???????雯皞芷??迤???偶????????皞芷?,58,"瘞渡,?,?瘚?瘚瑕",?喳???3233-0272,??????
5112,?啣?撣葉??,銝剖???銝剖???頝?畾???121.4829,25.0148,?儔??,銝剖???855,"瘞渡,?,?瘚?瘚瑕",?葦??02-22482688#286,??????
5113,獢?撣葉憯Ｗ?,??????楝4畾菔???頝?121.222287,25.015014,?砍?砍?,????456,?,撣?擗極??3396122#1,??????
5114,?啣?撣?皞芸?,?瑟???9?唳?????121.804558,25.01513,????,?瑟?????,133,"瘞渡,?,?瘚?,摰???02-24931111#124,??????
5115,?啣?撣甜撖桀?,蝳?????撅梯?,121.944391,25.015188,??撅?蝳???50,瘚瑕,?單敶啜?桃噬,02-24941601#255,??????
5116,?啣?撣偶??,????瘞詨???????楝133??121.5116,25.0155,?漯??,???????偶????蝢拚??葉皞芷???皞芷?????之??????皞芷??縑蝢拚???皞芷?,888,"?,?瘚?瘚瑕",撱?瘞?2921-2058#401,??????
5117,?啣?撣偶??,????瘞詨???????楝172??121.512,25.0157,?犖??,???????????偶????蝢拚??眾?日???皞芷???皞芷??????皞芷??縑蝢拚?,1041,"瘞渡,?,?瘚?瘚瑕",?單???29212145#11,??????
5118,?啣?撣?皞芸?,?瑟????19??121.8028,25.0157,?瑟?蝷曉?瘣餃?銝剖?,?瑟?????,172,"瘞渡,?,?瘚?,摰???02-24931111#124,??????
5119,?啣?撣偶??,敺抵???瘞詨??敺抵?????36??121.5193,25.0158,??憟喃葉,?儔?儔???葉???雯皞芷??銵??????????迤???偶??,239,"瘞渡,?,?瘚?瘚瑕",???23214765,??????
5120,?啣?撣甜撖桀?,蝳??,蝳??1??121.9888,25.0162,蝳??撠?蝳??,300,"瘞渡,?,?瘚?,?璁?02-24991194#103,??????
5121,獢?撣葉憯Ｗ?,撅望??撅望銝頝?9??121.173726,25.01621,銝剖ㄑ?撅望蝷曉?瘣餃?銝剖?,撅望??100,"瘞渡,?,?瘚?,雿???03-4271801#1210,??????
5122,?啣?撣甜撖桀?,樴???撋拚頝?2??121.9071,25.0164,鞎Ｗ祚?葉,鞎Ｗ祚??????撏?????,661,"瘞渡,?,?瘚?瘚瑕",?唾璉?02-24941941#130,??????
5123,?啣?撣邦??,銝???銝?銵?2??121.4059,25.016651,銝???,銝???蝳??摰?????撖柴??樴?807,"?,?瘚?瘚瑕",鈭?蝯?????26880689#145,??????
5124,獢?撣???,?????啣??剛?140??121.3018,25.0167,??????,??????61,"瘞渡,?,?瘚?,?雁??3348058#1109,??????
5125,?啣?撣璈?,撖眼???頝臭?畾???121.4828,25.0168,?儔擃葉,皜臬?蝢押??敺押?憓?鞎氬憯賬?隞?憯賬?蝧?蝧?憒迤瘜啜???416,?瘚?暺遣????29582366141,??????
5126,?啣?撣偶??,?漯??敹?銵?6撌???121.5153,25.0169,敹?撣?瘣餃?銝剖?,???偶???銵???皞芷??眾?日???皞芷???敺拚??儔?????雯皞芷?,85,"瘞渡,?,?瘚?瘚瑕",?喳???29249622,??????
5127,?啣?撣甜撖桀?,蝳????梯?銵?5??121.9487,25.0171,蝳???,蝳???430,"瘞渡,?,?瘚?瘚瑕",?瞈?02-24991449#12,??????
5128,獢?撣?撅勗?,樴???砍ˊ頝臭?畾?22撌?2撘?3-1??121.400544,25.017485,樴蝷曉?瘣餃?銝剖?,樴??150,"瘞渡,?,瘚瑕",閮望ㄝ??02-82001127,??????
5129,?啣?撣??,?陶???啣?憭折?銝挾437??121.4257,25.0175,銝寥陶??,?陶??297,"?,?瘚?瘚瑕",?梢?撘?02-29929891,??????
5130,?啣?撣璈?,甇∪???銝剖??銝剖????啗楝鈭挾1??121.484,25.0177,?儔??,蝳ˊ??隞?鞎氬憯賬?敺押?憓?憒迤瘜?855,"瘞渡,?,?瘚?,?喲漸????32348645661,??????
5131,?啣?撣甜撖桀?,蝳??,擐銵?-1??121.9729,25.0177,?歇撅梁????蝳????100,"瘞渡,?,?瘚?瘚瑕",????02-24991100,??????
5132,獢?撣???,,獢?撣?撟唾楝?葉甇?楝,121.2977,25.0179,獢?蝮???????,?砍??????,3000,"瘞渡,?,?瘚?,雿?銝?3170511,??????
5133,?啣?撣璈?,????瘞貉?銵?2銋???121.4741,25.0181,????,隞ˊ??憓???蝢押誨?啜???隞正摰銝???憒迤瘜啜葛?氬憓??研瘙偶摰?敺?628,"瘞渡,?",憿抒?喟???29616690311,??????
5134,獢?撣?蝡孵?,銝剔???銝?頝航?憭扯??怨?鈭文???,121.262927,25.01826193,銝??砍?,憭抒姘?,150,"瘞渡,?",????3226011,??????
5135,獢?撣???,,??銵???撠?,121.3014,25.0183,??砍?,?砍??????,150,"瘞渡,?,?瘚?,?儔??03-3354757,??????
5136,?啣?撣甜撖桀?,蝳???蝳?????60??121.9457,25.0184,蝳???撟湔暑?葉敹?蝳???403,"?,?瘚?,?單敶?02-24991456,??????
5137,獢?撣?撅勗?,餈湧???摰銵?4撌?8-1??121.410691,25.018416,餈湧?蝷曉?瘣餃?銝剖?,餈湧???93,"瘞渡,?,?瘚?瘚瑕",?予蝡?02-82009283,??????
5138,?啣?撣璈?,?唳?????頝臭?畾?88撌?6??121.4676,25.0185,銝剖控?葉,瘞???摰瘞慰?擗具?隤?憯賬憯賬瘙???隞誨?啜憓??研???銝正摰兢蝳絲撅?2280,"?,?瘚?瘚瑕",雿?皛輻???22508250232,??????
5139,?啣?撣?皞芸?,憭???憭???9??121.807814,25.018517,憭?撣?瘣餃?銝剖?,憭??皞???????72,"瘞渡,?,?瘚?,摰???02-24931111#124,??????
5140,獢?撣???,?里??憭扳?頝?89??121.3154,25.0187,敹急???,?砍??里???,70,"瘞渡,?,?瘚?,?單?璇?03-3580001#137,??????
5141,?箏?撣之摰?,?喳????箏?撣之摰??仿?銵?70??121.5503,25.0187,?喳??葉,?喳???摮?,30,"瘞渡,?",雿???02-27321961#501,??????
5142,?箏?撣葉甇??,,銝剜迤?瘙撌楝3畾萄???121.5265,25.019,?Ｘ??葉,????????瘞湧??偌皞?,52,瘞渡,?單迤瘜?02-23688667#230,??????
5143,獢?撣?撅勗?,餈湧????砍ˊ頝臭?畾?68??121.405433,25.019376,餈湧??葉撠飛,餈湧???500,"瘞渡,?,瘚瑕",??鈭?02-82096088#512,??????
5144,獢?撣???,???瘞詨??楝500??121.2925,25.0194,?噸蝷曉?瘣餃?銝剖?,??窄?嗚窄摰?敺瑯葉撖扼??葉??敺瑯??葉??111,"瘞渡,?,?瘚?,敺???03-3021077,??????
5145,?啣?撣璈?,擐冗??銝剜迤頝?25撌?0??121.4533,25.0194,????,蝷曉???蝷整??葉甇?蝡?璁柴??葛撠整葛敺瑯???1211,"瘞渡,?",?喲?曊渡???29680611702,??????
5146,?箏?撣之摰?,?喳????箏?撣之摰??仿?銵?29??121.5496,25.0195,憭批???,暺?????,60,瘞渡,璆?樴?02-27322332#831,??????
5147,?箏?撣之摰?,?喳???憭批???仿?銵?00??121.5491,25.0196,?像擃葉,?仿????舫?,300,"瘞渡,?",璆誨??02-27324300#151,??????
5148,?啣?撣璈?,???瘞?頝臭?畾?20??121.4708,25.0197,?踵??撣?瘣餃?銝剖?,??憓瘙?憯賬憯?188,"瘞渡,?,?瘚?瘚瑕",擃???02-22514289,??????
5149,獢?撣???,?啣????楝65??121.3056,25.0201,?啣??暑?葉敹??啣?,140,"瘞渡,?,?瘚?,?雁??3348058#1109,??????
5150,?啣?撣甜撖桀?,鞎Ｗ祚???瑟陸頝?8-2??121.9075,25.0206,鞎Ｗ祚撣?瘣餃?銝剖?,鞎Ｗ祚??????撏?????,176,"瘞渡,?,?瘚?瘚瑕",?喟蝢?02-24941601#255,??????
5151,?箏?撣之摰?,?日◢??憭批??蝢蝳楝3畾?121.5285,25.0207,?支滬??,?日◢???瘜?,62,"瘞渡,?",????02-23639795#831,??????
5152,獢?撣???,镼踹???撖?頝?81撌?9撘楝??121.2805,25.0209,镼踹??暑?葉敹?镼踹?,25,"瘞渡,?,?瘚?,?雁??3348058#1109,??????
5153,?啣?撣??,?葛???雁頝?86撌???121.421825,25.021171,?雁撣?瘣餃?銝剖?,蝳????.?.銝寥陶.?陶.?陶.撖?.?陸.鞊僑.蝳?.樴陶.鋆?.蟡仿陶.撖?.瘜啗?.樴???300,"瘞渡,?",?梢?撘?02-29929891#135,??????
5154,?啣?撣??,鋆???鋆?頝?36??121.4162,25.0212,鋆?銵憭扳?,蝳????.?.銝寥陶.?陶.?陶.撖?.?陸.鞊僑.蝳?.樴陶.鋆?.蟡仿陶.撖?.瘜啗?.樴???300,瘞渡,?梢?撘?02-29929891#135,??????
5155,獢?撣???,?交???喳?銵?33??121.3126,25.0216,?交?暑?葉敹??交?之??28,"瘞渡,?,?瘚?,閮梁???3348058#1218,??????
5156,?啣?撣??,蝡遠??銝剖像頝?85??121.4278,25.0216,銝剖像?葉,蝡遠.銝剜葛.銝剖?.銝凋縑.銝剖像.銝剝???1384,"?,?瘚?瘚瑕",?梢?撘?02-29929891,??????
5157,獢?撣???,????啣?銝?169撌?3??121.2999,25.0219,?蝷曉?瘣餃?銝剖?,??撘?53,"瘞渡,?,?瘚?,??鞎?03-3258666,??????
5158,?啣?撣??,銝剖像??銝剖?銵?93??121.418,25.0219,璁桀???,銝凋縑??銝剖像??銝剜葛??銝剝???2819,"瘞渡,?瘚?瘚瑕",?梢?撘?02-29929891,??????
5159,?啣?撣甜撖桀?,????摮貉?銵???121.9151,25.022,鞎Ｗ祚??,鞎Ｗ祚??????撏?????,633,"?,?瘚?瘚瑕",????02-24941274#213,??????
5160,?箏?撣?臬?,擉圈???箏?撣?臬?瘞湔?頝?99??121.507,25.0221,?僑?砍?,?典?,33756,?,???2303-2451,??????
5161,?啣?撣像皞芸?,?賜??9?圈?摰楝2畾?41??121.7247,25.0221,?賜撣?瘣餃?銝剖?,?賜?璁?,49,"瘞渡,?,?瘚?,??鋆?02-24951510#151,??????
5162,?啣?撣璈?,撟貊????勗ㄚ頝?79??121.4585,25.0225,?噸??,?啁??噸蝧瘚瑯擗具兢蝳?敺瑯???胯葛敺瑯??慰?葛撠整?隤??蝧遛蝧?蝧????1207,?,閮望?瘚拍???2257719363,??????
5163,?啣?撣像皞芸?,?舀?????頝臭?畾?3??121.728154,25.022689,?舀?撣?瘣餃?銝剖?,?舀???獢???喲?,61,"瘞渡,?,?瘚?,??鋆?02-24951510#151,??????
5164,獢?撣?蝡孵?,憭抒姘??憭抒姘頝臬?銝剖毽35??121.258528,25.02289,憭抒姘?葉,憭抒姘??蝡寥??????蝡寥?蝑之蝡孵?,0,"瘞渡,?",頞?撜?03-3520000ext.176,??????
5165,?箏?撣?臬?,?典噸??憭批???砍之頝?46??121.4993,25.023,?砍之??,憯賢噸?蟡仿???敺琿?,66,"瘞渡,?",????02-23037654#312,??????
5166,獢?撣???,,獢?撣?瘞楝???質???121.3062,25.0231,??砍?,?砍??里???,3000,"瘞渡,?,?瘚?,?儔??03-3354757,??????
5167,?箏?撣?臬?,擉圈??瘞湔?頝?99??121.4978,25.0231,?僑?砍?璉????典?,68,?,璆???02-25702330#6507,??????
5168,?箏?撣?臬?,?典噸???箏?撣?臬??勗?銵?95??121.4978,25.0231,?勗???,靽噸?銝剝??敺琿???敺琿??旨敺琿?,102,?,撘萇?摨?02-23034803#1501,??????
5169,?箏?撣?臬?,蝳???镼踹祐?楝6銋???121.4978,25.0231,?箏?撣?舫??葉敹?蝳??憯賡??正???226,?,??2570-2330頧?429,??????
5170,?箏?撣葉甇??,瘝喳??銝剜迤?瘙撌楝2畾?80??121.5226,25.0232,瘝喳??,瘝喳???梢??皞芷?,30,"瘞渡,?",?單??02-23677144#831,??????
5171,獢?撣?撅勗?,?瑕???80?1,121.357412,25.023311,?瑕??怨風蝷曉?瘣餃??熒銝剖?,?瑕???200,"瘞渡,?,?瘚?瘚瑕,?∪?賢拿",?剝???03-3282426,??????
5172,?啣?撣像皞芸?,??????銵?5-1??121.7262,25.0235,??撣?瘣餃?銝剖?,???璁?,104,"瘞渡,?,?瘚?,??鋆?02-24951510#151,??????
5173,?啣?撣像皞芸?,?喳?????頝臭?畾?95??121.7336,25.0235,撟單漯?葉,?喳??像皞芷??飯?喲?,710,"瘞渡,?,?瘚?,??鋆?02-24951510#151,??????
5174,?啣?撣像皞芸?,??????銵?5??121.7266,25.0236,????,????喲?,310,"瘞渡,?,?瘚?,??鋆?02-24951510#151,??????
5175,獢?撣?撅勗?,憭批???敹儔頝臭?畾?91??121.353653,25.023863,憭批?蝷曉?瘣餃?銝剖?,憭批??之皝??之?舫?,272,"瘞渡,?,?瘚?瘚瑕",?單???03-3282434,??????
5176,?箏?撣之摰?,樴???憭批???啁??楝3畾?3??121.5348,25.0239,樴???,樴????⊿?,120,"瘞渡,?",撘菜??02-23632077#730,??????
5177,獢?撣之??,鈭???14?唬葉甇?頝臭?畾?41??121.230923,25.023949,鈭?蝷曉?瘣餃?銝剖?,鈭???100,"瘞渡,?,瘚瑕",暺?敺?03-3813160,??????
5178,?啣?撣璈?,銝剜迤??銝剜迤頝?37??121.4542,25.024,?踵??葉,?啁??冗敺?蝷整??葉甇?蝡撘瑯??胯遣??璁柴??葛撠整??胯葛敺瑯?甈?蝧?蝧?1628,"?,?瘚?,?剝??蜓隞?2.97E+11,??????
5179,?啣?撣??,蝡???銝剜葛銝銵?42??121.4138,25.0242,銝剜葛??,銝剜陸.蝡?.蝡.蝡遠.銝剖?.銝剖.銝剖?.銝剜葛.蝡?.銝剛???695,"瘞渡,?瘚?瘚瑕",?梢?撘?02-29929891,??????
5180,獢?撣?撅勗?,?瑕???345?1,121.356905,25.024279,?瑕???45?銝?璅??瑕???200,"瘞渡,?,?瘚?瘚瑕,?∪?賢拿",?剝???03-3282426,??????
5181,?啣?撣??,?像???像銵?00??121.4238,25.0243,?像??,?像???縑??????635,"瘞渡,?,?瘚?瘚瑕",?梢?撘?02-29929891,??????
5182,?箏?撣葉甇??,瘞詨???銝剜迤?銝剛頝?畾?65??121.5106,25.0246,?支滬?葉,瘞詨??偶??,66,"瘞渡,?",憿瘙?02-23090986#510,??????
5183,?啣?撣像皞芸?,?喳????砍?銵?7??璅?121.7371,25.0247,撟單漯撣?瘣餃?銝剖?,?喳??像皞芷??飯?喲???ａ?,106,"瘞渡,?,?瘚?,??鋆?02-24951510#151,??????
5184,獢?撣?蝡孵?,憭抒姘??憭抒姘頝?56??121.258678,25.02483395,憭抒姘??,摰姘??蝡寥?????葉蝳?,260,"瘞渡,?",頞?撜?03-3520000ext.176,??????
5185,?啣?撣璈?,?唳絲???唳絲頝?81??121.4597,25.0249,?啣??葉,?啁????胯葛敺瑯擗具兢蝳?敺瑯???蝧?蝧蝧??賬?蝧遛蝧?蝧噸蝧瘚瑯葉甇????隤?3276,"瘞渡,?",?喳?????22572275512,??????
5186,?箏?撣葉甇??,?ａ??銝剜迤?閰?銵?9??121.5144,25.0249,?Ｘ???,?ａ????雯皞芷?,63,"瘞渡,?",???23054620109,??????
5187,?箏?撣之摰?,樴???憭批??撱箏??楝2畾?69??121.538,25.0249,樴??葉,樴??????瘛菟?,300,?,??朣?02-27330299#1402,??????
5188,?啣?撣??,?慰??銝剜迤頝?11??121.4225,25.0253,?啗??葉,璁桀????慰??1370,"?,?瘚?瘚瑕",?梢?撘?02-29929891,??????
5189,?啣?撣像皞芸?,撟單???憭扳?10??121.7813,25.0256,撟單?撣?瘣餃?銝剖?,撟單???撅梢??????撖桅?,71,"瘞渡,?,?瘚?,??鋆?02-24951510#151,??????
5190,獢?撣之??,璈怠陸??銝剖控?楝鈭挾435??121.213508,25.025624,璈怠陸蝷曉?瘣餃?銝剖?,璈怠陸??100,"瘞渡,?,瘚瑕",蝢???03-3869030,??????
5191,?啣?撣??,瘜啗???鞊僑銵?7??5,121.4283,25.0258,鞊僑撣?瘣餃?銝剖?,蝳????.?.銝寥陶.?陶.?陶.撖?.?陸.鞊僑.蝳?.樴陶.鋆?.蟡仿陶.撖?.瘜啗?.樴???100,"瘞渡,?",?梢?撘?02-29929891#135,??????
5192,?箏?撣?臬?,?啣????祈?镼輯?頝?25撌?1??121.5033,25.026,?啣???,?啣??????鞎??????辰?脤?,79,?,璇?撱?02-23038298#31,??????
5193,?箏?撣縑蝢拙?,銝撐???箏?撣縑蝢拙??曆?頝?26??121.5686,25.026,?唾???,銝撐??60,?瘚??單活撖?27200226#50,??????
5194,?啣?撣璈?,?舐?????頝?63??121.4736,25.0261,????,?舀??蝧???蝧葛?氬偶摰憓蝧?蝧?蝧?蝧漯?准蝧?蝧?蝧?蝧?蝧漯?准?蝧???誨?啜??研?????蝧?428,"瘞渡,?",?郭樴???22517272109,??????
5195,獢?撣???,瘙湔散??獢?撌輯??祈楝1畾?1??121.3038,25.0263,瘙湔散?犖瘣餃?銝剖?,瘙湔散???178,"瘞渡,?,?瘚?,????3348058#1211,??????
5196,獢?撣?撅勗?,?楝???航?頝?278撌?9???臬予摰?121.36753,25.02646,?楝蝷曉?瘣餃?銝剖?,?楝??60,"瘞渡,?,?瘚?瘚瑕",?曊?03-3298813,??????
5197,?箏?撣?臬?,?亙????祈??勗?銵?3撌?3??璅?121.4988,25.0266,镼踹???,?亙???30,"瘞渡,?",????02-23030257#125,??????
5198,?啣?撣像皞芸?,撟單漯??撟單漯銵?6??121.7376,25.0272,撟單漯??,撟單漯??525,"瘞渡,?,?瘚?,??鋆?02-24951510#151,??????
5199,?啣?撣甜撖桀?,樴???樴?銵?4-1??121.9316,25.0273,?剜?撱?樴???50,"瘞渡,?,?瘚?瘚瑕",?喃???02-24941556,??????
5200,?箏?撣?臬?,?噸???祈??儔銵???121.4927,25.0276,???葉,摮噸??敺琿???敺琿??敺琿???撟喲??旨敺琿??銝剝???蝣拚??敹??摰???鞎????????嚗蟡仿?,30,"瘞渡,?",蝡亳??02-23030827#140,??????
5201,?箏?撣?臬?,?亙????祈?镼輯?頝?13??121.4962,25.0285,?舀?擃葉,?亙???敺琿?,300,"瘞渡,?",?單??02-23019946#105,??????
5202,?箏?撣縑蝢拙?,銝撐??靽∠儔??曆?頝?58撌???121.5679,25.0286,靽∠儔?葉,銝撐??361,瘞渡,??鞈?02-27236771#511,??????
5203,獢?撣???,,??銵葉甇?楝??121.2925,25.0288,銝剜迤?砍?,?砍??????,1500,"瘞渡,?,?瘚?,?儔??03-3354757,??????
5204,?啣?撣璈?,?????暹?銵?3??121.4684,25.0289,瘙??葉,????蝧遛蝧??賬?蝧?蝧?蝧?蝧漯?准蝧??瘙蝧?蝧?蝧蝧???蝧??蝧??蝧?蝧?蝧憓??研偶摰?2895,"瘞渡,?,?瘚?瘚瑕",鞈游遣?瑞???22568560/2251800761,??????
5205,?啣?撣?皞芸?,銝????批像??0??121.832,25.029,銝???,銝??像???????皞???1309,"瘞渡,?,?瘚?,摰???02-24931111頧?24,??????
5206,?箏?撣?臬?,,?祈?镼輯?頝?01??121.4987,25.0291,?祈?葉,?啣???50,"瘞渡,?",撘萄兢??02-23394567#130,??????
5207,?啣?撣??,?陶???陶頝?5??璅?121.4431,25.0294,?∩號敹?瘞暑?葉敹?蝳????.?.銝寥陶.?陶.?陶.撖?.?陸.鞊僑.蝳?.樴陶.鋆?.蟡仿陶.撖?.瘜啗?.樴???300,"瘞渡,?瘚?,?梢?撘?02-29929891#135,??????
5208,?箏?撣之摰?,樴??憭批??憭批?頝?畾?9??121.5461,25.0294,撱箏???,蝢方?黎鞈Ｕ摰?瘝駁?,30,"瘞渡,?",??摰?02-27077719#140,??????
5209,?啣?撣璈?,樴?????銵?6??121.4772,25.0295,????,撋?????蝧蝧?蝧?葛?氬蝧?蝧蝧?蝧?蝧?蝧?1023,?,璆?????22530782813,??????
5210,?箏?撣葉甇??,敹??銝剜迤?銝剛頝?畾?07撌?7??121.5062,25.0296,敹儔??,敹??摰?,100,瘞渡,?雇??02-23038752#230,??????
5211,?箏?撣葉甇??,,銝剛頝?畾?91?銝恕,121.5045,25.0297,銝剛?瘞暑?葉敹?撱????日?,35,"瘞渡,?",撘萇??02-23416721,??????
5212,?箏?撣縑蝢拙?,?航??靽∠儔??粹?頝?畾?9??121.558,25.0297,銝???,?航??????日?,77,"瘞渡,?",???27364687#51,??????
5213,?箏?撣之摰?,樴????箏?撣之摰??啁??楝隞交?縑蝢抵楝3畾萎誑??121.5354,25.0301,憭批?璉格??砍?,?典?,47436,?,???2303-2451,??????
5214,?箏?撣之摰?,樴???憭批???啁??楝2畾?6??121.5335,25.0304,?啁???,樴??摰?,35,"瘞渡,?",?喟???02-23913122#230,??????
5215,?啣?撣??,?????陸頝?5??121.4467,25.0306,?陸撣?瘣餃?銝剖?,蝳????.?.銝寥陶.?陶.?陶.撖?.?陸.鞊僑.蝳?.樴陶.鋆?.蟡仿陶.撖?.瘜啗?.樴???150,?,?梢?撘?02-29929891#135,??????
5216,?箏?撣之摰?,樴??憭批??憭批?頝?畾?3??121.5462,25.0307,憭批??葉,樴?儔摰噸摰瘙?,274,"瘞渡,?",??鞊?02-27557131#103,??????
5217,?箏?撣?臬?,蝬???祈??琿?銵???121.4913,25.0308,憭抒?擃葉,蝬??300,"瘞渡,?",瘣芰?蝬?02-23026959#141,??????
5218,?啣?撣??,?芰????芰?銵?29??121.4433,25.0309,?郭??,?芰?.隞?.?郭.?芸撥.隞儔.銝剔?.?芯縑.??.銝剛??285,"瘞渡,?,?瘚?瘚瑕",?梢?撘?02-29929891,??????
5219,?箏?撣?臬?,?????祈???頝?15??121.4975,25.0309,????,????蝣拚?,109,瘞渡,擳臭?鞈?02-23061893#131,??????
5220,?箏?撣葉甇??,樴???銝剜迤??絲頝?8??121.511,25.0309,??撖血?,樴???????蝳?,49,"瘞渡,?",?∠???23033555頧?00,??????
5221,?箏?撣?臬?,蝬???祈??憭折?389??121.4938,25.0312,憭抒???,蝬??撟喲????券?,84,"瘞渡,?",?剜???23064311#1400,??????
5222,?箏?撣葉甇??,樴???銝剜迤??絲頝?6??121.5122,25.0312,撱箏?銝剖飛,樴???????蝳?,300,"瘞渡,?",??銝?02-23034381#501,??????
5223,?箏?撣之摰?,蝳???憭批???啁??楝2畾?2??121.5331,25.0312,??葉,蝳??樴?,300,"瘞渡,?",靘臬尿??02-33931799#501,??????
5224,?箏?撣縑蝢拙?,?舀??靽∠儔??曉銵?0??121.5632,25.0318,靽∠儔??,銝撐??啜正??,150,瘞渡,?∟憍?02-27204005#832,??????
5225,?啣?撣?皞芸?,?勗???銝剖控頝?1撌???121.8661,25.0318,?勗?蝷曉?瘣餃?銝剖?,?勗???銵???皞芷???粹???100,"瘞渡,?,?瘚?,摰???02-24931111#124,??????
5226,?箏?撣之摰?,樴???憭批??敺抵??楝2畾?2??121.5432,25.0319,憭批?擃極,樴?????摰?,100,"瘞渡,?",?振鞊?02-27091630#1401,??????
5227,?箏?撣之摰?,瘞詨熒??憭批?????梯楝79撌?1??121.5277,25.0322,???,瘞詨熒???瘜啜?舫?,56,"瘞渡,?",皜貊???02-23917402#830,??????
5228,?箏?撣葉甇??,?啁???銝剜迤????梯楝158??121.5221,25.0323,銝剜迤?葉,?啁???蝳?,300,"瘞渡,?",?望?皞?02-23916697#501,??????
5229,?啣?撣璈?,??????頝臭?畾?13??121.4742,25.0324,瘙???,瘙???蝧漯?准蝧蝧?蝧?蝧?蝧蝧?蝧葛?氬?蝧蝧?蝧??????蝧?784,"?,?瘚?瘚瑕",?∠?憒???22526880231,??????
5230,?箏?撣縑蝢拙?,?暸???靽∠儔??曉控頝?54??121.5786,25.0327,瘞豢擃葉,?曉???璆准誨撅?,300,"瘞渡,?",???27272983#501,??????
5231,?啣?撣??,???銝剜迤頝?10??121.4341,25.0329,頛?憭批飛,???705,"?,?瘚?瘚瑕",?梢?撘?02-29929891,??????
5232,?粹?撣葉甇??,銝剜迤???啣?撣縑蝢拙?靽∠儔頝臭?畾???121.56234,25.033152,?啣?銝窒銝擗??粹?撣?璅??啣??郎撏??葉撏??撖桅?,4245,,撘菔???27255200??2247,??????
5233,?啣?撣?皞芸?,?勗????望旨銵?4??121.8672,25.0334,?漯??,擳??????皞芷???1013,"?,?瘚?,摰???02-24931111-124,??????
5234,?箏?撣?臬?,?舀????祈??唳眾?楝2畾?50撌?2撘???121.4912,25.0341,?舀???,?舀???37,"瘞渡,?",?喟???02-23064352#14,??????
5235,?啣?撣??,蝡犖??銝剜迤頝?6??121.4417,25.0342,?啗???,蝡犖.??.?﹛.??.?慰.璁桀?.?噸.??.??.蝡噸??1029,"瘞渡,?,?瘚?瘚瑕",?梢?撘?02-29929891,??????
5236,?箏?撣縑蝢拙?,?暸???靽∠儔??曉控頝?55??121.5801,25.0348,?曉控摰嗅?,?暸????璆剝?,116,"瘞渡,?",???02-27261118#411,??????
5237,?啣?撣?皞芸?,撟單???璇姘頩???121.8632,25.0349,?漯擃葉,撟單???皞芷???粹??????銵???皜舫???鞎??銝寥??陸撟喲?,1376,"瘞渡,?,?瘚?,摰???02-24931111-124,??????
5238,?箏?撣葉甇??,????銝剜迤?撱??銵???121.5091,25.0352,????,??????,30,"瘞渡,?",?颲?02-23715052#401,??????
5239,?箏?撣葉甇??,????銝剜迤?撱??銵???121.5091,25.0352,???葉,??????,151,"瘞渡,?",璆???02-23142775#61,??????
5240,?啣?撣?皞芸?,撟單???憭像??2??121.849136,25.035598,撟單?撣?瘣餃?銝剖?,撟單??????陸撟喲?,79,"瘞渡,?,?瘚?,摰???02-24931111#124,??????
5241,?箏?撣?臬?,?控???祈??像镼輯楝3畾?35??121.4962,25.0356,樴控??,?喲???撅梢?,50,"瘞渡,?",??撘?02-23082977#730,??????
5242,?箏?撣縑蝢拙?,銝撐???曉頝?00??121.5733,25.0356,?箏?撣縑蝢拚??葉敹?銝撐??啜?摨瑯??正??,200,?,??2570-2330頧?429,??????
5243,?箏?撣縑蝢拙?,摰熒???箏?撣縑蝢拙??曉噸頝?80撌瑁???銝剛正??121.5733,25.0356,?曉噸?砍?,?典?,1346,?,擃?蝧?02-27884255,??????
5244,?粹?撣葉甇??,銝剜迤???啣?撣縑蝢拙??曉ˊ頝???121.563833,25.035701,?啣?撣?鞎蹂?擗??粹?撣?璅??批祚??1000,,蝝摰園,02-277181211??1336,??????
5245,?啣?撣??,銝剖???銝凋縑銵?68??121.4505,25.0358,銝凋縑??,銝剖???銝凋縑??銝剜旨??1084,"瘞渡,?,?瘚?瘚瑕",?梢?撘?02-29929891,??????
5246,?箏?撣之摰?,?血???憭批??摰?頝?畾?0??121.5524,25.0358,隞???,?血????靽～?????53,"瘞渡,?",????02-27095010#401,??????
5247,?啣?撣??,?﹛??銝剜迤頝?76??121.450558,25.035834,?啗???祆?,?啗??瘚瑕控.?典?.璁桀?.?慰.?噸.??.??.?﹛.?冽陸.敹???200,"瘞渡,?",?梢?撘?02-29929891#135,??????
5248,?啣?撣??,蝡??銝剖像頝?35??121.4525,25.0359,?啗?擃葉,蝡??933,"瘞渡,?,?瘚?瘚瑕",?梢?撘?02-29929891,??????
5249,?箏?撣?臬?,撖????箏?撣?臬??祐頝?6??121.5046,25.036,樴控?葉,撖???367,瘞渡,璆??23362789#500,??????
5250,?箏?撣縑蝢拙?,摰熒??靽∠儔??曆?頝?5撌?0??121.5711,25.0364,????,摰熒??80,?,?望旨撖?23450616#400,??????
5251,?箏?撣縑蝢拙?,摰熒??靽∠儔??曉噸頝?68撌?5??121.5723,25.0364,???葉,摰熒??151,?,?舀??02-27232771#500,??????
5252,?啣?撣??,蝡犖??銝剜迤頝?08??121.453731,25.036593,蝘???擃?銝剖飛,????隞??旨??,604,"瘞渡,?,?瘚?瘚瑕",?梢?撘?02-29929891,??????
5253,?啣?撣??,敹???撱箔葉銵?16撌?撘???121.4451,25.0369,?唳陸撣?瘣餃?銝剖?,?啗??瘚瑕控.?典?.璁桀?.?慰.?噸.??.??.?﹛.?冽陸.敹???250,"瘞渡,?",?梢?撘?02-29929891#135,??????
5254,?啣?撣??,?像????頝?85??121.4564,25.037,?剖??葉,??.撟貊?.?像.??.隞?.隞儔.靽∠儔.?像.??.?縑.?芯縑.蝳.蝳?.?剖?.????2352,"瘞渡,?,?瘚?瘚瑕",?梢?撘?02-29929891,??????
5255,?箏?撣縑蝢拙?,銝剛????箏?撣縑蝢拙?蝳噸銵?21撌?5??121.5853,25.0371,??砍?銝?銝剛?,30,"瘞渡,?",暺???02-27261481#400,??????
5256,?箏?撣葉甇??,撱箏???銝剜迤??砍?頝?1??121.5153,25.0375,撘??葉,撱箏???????敺拚?,87,?,?暑??02-23715520#500,??????
5257,?箏?撣之摰?,?血???憭批??隞?頝?畾?30??121.5507,25.0375,隞??葉,撱箏??遣?怒?脯?撅扎迤?脤?,125,"瘞渡,?",撱???02-23255823#168,??????
5258,?箏?撣之摰?,瘞??憭批??隞?頝?畾?2??121.535,25.0376,撟詨???,瘞??頛?摰?,200,?,??撱?02-27074191#3300,??????
5259,?啣?撣??,????樴?頝?52??121.4438,25.0378,???,?.??.瘞?.??.?迤.?旨.镼輻???963,"瘞渡,?,?瘚?瘚瑕",?梢?撘?02-29929891,??????
5260,?箏?撣?臬?,蝳???箏?撣?臬?獢?頝?4??121.5027,25.038,???,蝳??瘞???敺琿?,50,"瘞渡,?",皝舫?蝳?02-23361266#130,??????
5261,?箏?撣葉甇??,?儔???箏?撣葉甇????楝1畾?165 ??121.513,25.0386,??憟喃葉,?儔?????遣??,60,"瘞渡,?",?剝璅?23820484#600,??????
5262,?箏?撣葉甇??,?梢???銝剜迤?隞?頝?畾?-4??121.5209,25.0387,?梢???,?梢???蟡仿?????,100,"瘞渡,?",????02-23413542#23,??????
5263,?箏?撣縑蝢拙?,銝剛???靽∠儔?蝳噸銵?53??121.5865,25.0389,蝳噸??,銝剛??葉?⊿??之??,105,"瘞渡,?",??鞊?02-27277992#21,??????
5264,?啣?撣陸撅勗?,鞎游?????頝臭?畾?65??121.4266,25.0394,鞎游?撣?瘣餃?銝剖?,鞎渲郭?眼摮??眼??,76,"瘞渡,?瘚?瘚瑕,?詨?鈭?",閰寞?蝢?02-29099551#1402,??????
5265,?箏?撣葉甇??,?梢???隞?頝臭?畾?1-33??121.5225,25.0394,鞎∪?瘜犖?箏?撣?扛撖??梢???30,"瘞渡,?",?耨??23934598,??????
5266,?箏?撣縑蝢拙?,摰熒???箏?撣縑蝢拙?敹??梯楝5畾?36撌?5??121.572,25.0398,?曉控撌亥噙,?剛???蟡乓?撣詻??具偶??乓??脯?蝬准偶?乓???50,"瘞渡,?",?剜???27226616#601,??????
5267,?箏?撣縑蝢拙?,?????箏?撣縑蝢拙??儔?楝271??121.5578,25.0402,?儔??,镼踵??迤???葉??啜隞???誨撅?摨?40,"瘞渡,?",?喳遣??27585076#830,??????
5268,?箏?撣?皜臬?,??????銵?畾?00??121.61735,25.040245,????,???葉????憒?,92,,??922424372,??????
5269,?箏?撣葉甇??,暺????箏?撣葉甇??-?梢??潸憭折?3??121.5156,25.0403,鈭??怠?撟喳???典?,7909,?,???2303-2451,??????
5270,?箏?撣之摰?,蝢拇???憭批??敹??梯楝3畾?48撌?0??121.5412,25.0403,?瑞??葉,蝢拇?????摰???甇阡?,300,"瘞渡,?",雓???02-27215078#330,??????
5271,獢?撣?撅勗?,????瘞??楝銝畾?56撌?86-1??121.300096,25.040457,??蝷曉?瘣餃?銝剖?,????蝢?,60,"瘞渡,?,?瘚?瘚瑕",閰寞???03-3252390,??????
5272,獢?撣?蝡孵?,??????鈭?,121.287732,25.04135998,???砍?,?????蝑???0,?,頞?撜?03-3520000ext.176,??????
5273,?啣?撣陸撅勗?,鞎游???撌亙?頝?4??121.4206,25.0417,??蝘?憭批飛,鞎游??眼鞈ａ??眼??,1803,"瘞渡,?,?瘚?瘚瑕,?詨?鈭?",閰寞?蝢?02-29099551#1402,??????
5274,?啣?撣??,銝剔???銝剜葛頝?72??121.455157,25.041825,銝剜葛蝚砌?撣?瘣餃?銝剖?,?剖???像?兢蝳???箝???撟喋??縑蝢押?蝢押??郭???撘瑯蝡靽～?????靽?75,"瘞渡,?",?梢?撘?02-29929891#135,??????
5275,?啣?撣像皞芸?,??????銵?6撌???121.775807,25.04193,?犖?熒瘣餃?銝剖?,?????日???撅梢??像皝??撖桅?,127,"瘞渡,?,?瘚?,??鋆?02-24951510#151,??????
5276,?啣?撣??,?典????啗?頝?27??121.4565,25.0423,?典?撣?瘣餃?銝剖?,?啗??瘚瑕控.?典?.璁桀?.?慰.?噸.??.??.?﹛.?冽陸.敹???200,"瘞渡,?",?梢?撘?02-29929891#135,??????
5277,??蝮??蝢拚?,樴辰??4?啣?摨?0??121.533012,25.042385,樴辰瘣餃?銝剖?,樴辰?正皝?,20,"瘞渡,?,?瘚?,?喲鞎?.????037-881418,??????
5278,??蝮??蝢拚?,?蔬??2?圈???蔬40-1??121.533012,25.042385,?蔬瘣餃?銝剖?,?蔬??20,"瘞渡,?,?瘚?,擳????喳遣摰?037-871023,??????
5279,??蝮??蝢拚?,攳?瞏剜?,攳?????7-2??121.533012,25.042385,攳?瞏剜暑?葉敹恕??"攳?瞏剜?,镼踵???樴辰??,50,"瘞渡,?,?瘚?,????037-881002,??????
5280,??蝮??蝢拚?,撱????6?啣誨??0??121.533012,25.042385,撱箔葉??撠飛瘣餃?銝剖?摰文,撱????瞏剜???皝?,50,"瘞渡,?,?瘚?瘚瑕",???037-872007,??????
5281,??蝮??蝢拚?,镼踵???4?唬?皝?4??121.533012,25.042385,镼踵??暑?葉敹恕??镼踵???50,"瘞渡,?瘚?瘚瑕",鞈湔偌??037-874307,??????
5282,??蝮??鋆⊿,銝尹??4??2-7??121.533012,25.042385,銝????暹暑?葉敹???????瘜啁??銝???50,"瘞渡,?,?瘚?,閫???037-743028,??????
5283,??蝮?????,???1?啣????銋?1??121.533012,25.042385,?蝷曉?瘣餃?銝剖?,???50,"瘞渡,?瘚?瘚瑕",敺???037-831653,??????
5284,??蝮??蝢拚?,镼踵???4?唬?皝?4??121.533012,25.042385,镼踵??暑?葉敹恕憭?镼踵???150,"?,瘚瑕",鞈湔偌??037-874307,??????
5285,??蝮??蝢拚?,攳?瞏剜?,1?圈?擳10-1??121.533012,25.042385,攳?瞏剜?瘣餃?銝剖?摰文?,镼踵???樴辰??攳?瞏剜?,150,?,????037-881002,??????
5286,??蝮??蝢拚?,撱????6?啣誨??0??121.533012,25.042385,撱箔葉??撠飛?摰文?,撱?????????蔬??????300,?,???037-872007#132,??????
5287,??蝮??鋆⊿,?冗??10??10-1??璅?121.533012,25.042385,?ㄐ?桃????,蝷曇????冗??撅梯??瘜啁??300,"瘞渡,?",?單絲??037-744224,??????
5288,??蝮??鋆⊿,???13?啗???-1??121.533012,25.042385,?ㄐ?株犖?熒銝剖?,???????銝剜迤??蝳??300,"瘞渡,?,瘚瑕",??曈?869599,??????
5289,??蝮??鋆⊿,????13?唬葉撅梯楝312??121.533012,25.042385,?ㄐ?株??梯????冗??臬?瘣餃?銝????????????500,"瘞渡,?,瘚瑕",雿???037-854073,??????
5290,??蝮??鋆⊿,摰Ｗ???1????121.533012,25.042385,??蝮???ㄐ擃葉?,摰Ｗ???1000,?,瘣芣澈??037-861042-623,??????
5291,??蝮??鋆⊿,?冗??10??7??121.533012,25.042385,撅梯???啣???撅梯??蝷暸????圈?1-9?啜??ａ?5-14?啜冗??13.14?啁?桅??陸?圈?10??1000,?,?單???037-745024,??????
5292,??蝮??鋆⊿,蝷曇???51-1??121.533012,25.042385,?ㄐ?桐葉撅勗?撠???撅望??冗??,1000,?,?曉?曌?037-743564,??????
5293,??蝮??鋆⊿,摰Ｗ???銝剜迤頝?0??畾?2?蝡虜瘜單???121.533012,25.042385,?ㄐ?桃?擃??摰Ｗ??????????葉甇???鋆⊿?,2000,?,?單?憒?869299,??????
5294,?脫?蝮??摨恍,憟株絲??蝬箸?96??121.533012,25.042385,蝬箸?蝷曉?瘣餃?銝剖?,憟株絲??78,"瘞渡,?",?喟儔甇?05-6623430,??????
5295,?啣?撣?撜賢?,??????25-1??121.533012,25.042385,憭扳?撣?瘣餃?銝剖?,???閫?,148,"瘞渡,?,?瘚?,?喲???02-26711017??207,??????
5296,?啣?撣甜撖桀?,蝢?????撊箄?6-6??121.533012,25.042385,鞊??葉撠暑?葉敹?蝢???????369,"瘞渡,瘚瑕",暺ㄚ蝬?02-24903727,??????
5297,?儔蝮?之?,銝???銝剛?頝臭?畾?39??121.533012,25.042385,憭扳??桀?,憭扳???50,瘞渡,?單???05-2653211,??????
5298,?儔蝮?之??,镼輯?????????1,121.533012,25.042385,镼輯??暑?葉敹?撱?,镼輯???50,"瘞渡,?",??凳鈭?05-2521310-28,??????
5299,?儔蝮?之??,憭批???54??121.533012,25.042385,憭批???,憭批???50,瘞渡,暺???05-2521310-29,??????
5300,?儔蝮?姘撏?,蝺劂??憭?5??121.533012,25.042385,?????梯??摰文],蝺劂??80,"瘞渡,?瘚?,蝧?敹?05-2630537,??????
5301,?儔蝮?姘撏?,?????4?唳摮?32??2,121.533012,25.042385,?儔蝮?姘撏?????摮??嗅捆??券?賜鞈??,?????90,,?蝑?05-2790392,??????
5302,?儔蝮?漯???,?芷???銝剜迤?梯楝103??121.533012,25.042385,皞芸?葉摰文?,皞芣??14??300,?,蝪⊥??脫??2691050#112,??????
5303,?儔蝮?嘀??,?曄姘??69??121.533012,25.042385,蝡孵???摰文?,?曄姘??400,?,瘨瘜?05-3650524-12,??????
5304,?儔蝮?嘀??,銝???瘥銵?1??121.533012,25.042385,敺???摰文?,銝???500,?,雿曈?05-375254812,??????
5305,敶啣?蝮?偶??,皜航正??敶啣?蝮?偶??瘞貊冗頝?66??121.533012,25.042385,?犖?熒瘣餃?銝剖?,?券?,50,"瘞渡,?,?瘚?瘚瑕",????048-8221191-21,??????
5306,敶啣?蝮?偶??,皜航正??敶啣?蝮?偶??瘞貊冗頝?67??121.533012,25.042385,瘞賊??????,?券?,200,"瘞渡,?,?瘚?瘚瑕",????048-8238746,??????
5307,?箔葉撣╡璉脣?,摰???瘞?銵?5銋?9撌???121.533012,25.042385,璇扳ㄡ??瘣餃?銝剖?,摰?,200,"瘞渡,?,?瘚?,?∪???04-26562834#1731,??????
5308,?箸蝮?瞈梢?,璅???1????121.533012,25.042385,璅?蝷曉?瘣餃?銝剖?,璅???40,"瘞渡,?,?瘚?瘚瑕",瘙?摰?089-881069,??????
5309,?箸蝮?瞈梢?,銝???7??1??121.533012,25.042385,銝?蝷曉?瘣餃?銝剖?,銝???80,"瘞渡,?,?瘚?瘚瑕",????089-831640,??????
5310,?箸蝮?瞈梢?,銝????漯16??-7??121.533012,25.042385,銝???皞芸?撠?銝???180,"瘞渡,?,?瘚?,擃憒?089-881253,??????
5311,?箏?撣??,?亦儔????7??121.533012,25.042385,?儔摰?閬?閬?閮凋???,150,瘞渡,暺敶?06-5903219,??????
5312,?箏?撣??,憭芸像??瘞?頝?69??121.533012,25.042385,?啣???臬?瘣餃?銝剖?,閬?閬?閮凋???,490,"瘞渡,?",???06-5905356,??????
5313,?箏?撣葉甇??,撟貊????箏?撣葉甇??瞈?頝?畾?1??121.5238,25.0424,??擃葉,撟貊?????,30,"瘞渡,?",?剝???23216256#231,??????
5314,?箏?撣?皜臬?,,?葛???銵?畾???121.6172,25.0424,?⊿??,銝剔???憒?,30,"瘞渡,?",?唾健??02-27824949#930,??????
5315,?啣?撣??,樴陶??樴?頝?2??121.4444,25.0426,銝寥陶擃葉,瘞????迤???????噸??樴???樴???瘞???1337,"瘞渡,?,?瘚?瘚瑕",?梢?撘?02-29929891,??????
5316,?箏?撣葉甇??,璇??銝剜迤?敹??梯楝2畾?01??121.5317,25.0428,敹???,璇?兢撣?,30,"瘞渡,?",????02-23918170#832,??????
5317,?啣?撣陸撅勗?,?唳????啁?頝???121.4317,25.043,????,瘜啣???敹?????眼摮??眼???眼鞈ａ?,1024,"?瘚?瘚瑕,?詨?鈭?",閰寞?蝢?02-29099551#1402,??????
5318,?箏?撣縑蝢拙?,瘞豢??靽∠儔??曉控頝?87撌???121.5791,25.043,瘞詨???,瘞豢?偶???之?????,53,"瘞渡,?",摰?瘥?87858111#700,??????
5319,?啣?撣???,銝剛???銝??敹?頝臭?畾?3撌?2??121.467,25.0431,蝘??憟喃葉,???健???葉???噸????靚琿?,913,"瘞渡,?,?瘚?瘚瑕",閮望???02-29862345#493,??????
5320,?箏?撣?臬?,镼輸????祈??頝?8??121.5035,25.0432,镼輸???,镼輸??????韏琿?,95,"瘞渡,?",蝐???02-23113519#1131,??????
5321,獢?撣?蝡孵?,????敹?镼輯楝敹?镼踵???121.287732,25.04345895,蝚砌?瘝單膨?砍?,?西??銝剝??,100,?,頞?撜?03-3520000ext.176,??????
5322,?箏?撣縑蝢拙?,?唬???靽∠儔??粹?頝?畾?56??121.5658,25.0439,?曉控擃葉,?唬?????蟡仿?,300,"瘞渡,?",????27535968-268,??????
5323,?啣?撣像皞芸?,??????銵?57??121.7774,25.0439,????,????撅梢??撖桅????日??像皝?,175,"瘞渡,?,?瘚?,??鋆?02-24951510#151,??????
5324,獢?撣?蝡孵?,?旨????頝臭?畾?23??121.288977,25.04435395,???葉?,???,200,"瘞渡,?,?瘚?,?單??03-311-4355,??????
5325,?箏?撣縑蝢拙?,瘞豢??靽∠儔??曉控頝?25撌?8??121.5789,25.0447,瘞豢??,瘞豢?偶???之?????,115,"瘞渡,?",?望旨撖?02-27641314#630,??????
5326,?箏?撣撅勗?,銝剜迤???箏?撣撅勗??血??楝3??121.5509,25.0449,?箏??啣???蝢??葉甇???葉?舫??????ａ?,440,"瘞渡,?",?喃滬摮?02-25702330#6513,??????
5327,?箏?撣?皜臬?,?????箏?撣?皜臬??望銵?08撌?3??121.587751,25.045069,?噸?葉,?舀???????蝳??蝳??暑蝳?????蝳?,300,,?喟???02-26515636#401,??????
5328,?啣?撣??,???銝剜迤頝?86??121.4472,25.0451,?陸??,敹?.?陸.瘚瑕控.蝳?.???1036,"瘞渡,?,?瘚?瘚瑕",?梢?撘?02-29929891,??????
5329,?箏?撣葉撅勗?,?日??銝剖控?摰銵?6撌???121.5417,25.0453,?瑞???,?日????撏?,30,"瘞渡,?",?暸隞?02-27710846#510,??????
5330,獢?撣?蝡孵?,?西?????頝臭?畾?121.287217,25.04544138,??瘝單膨?砍?,?旨??????璁桅??,0,?,頞?撜?03-3520000ext.173,??????
5331,?箏?撣?皜臬?,?????望銵?18撌?6??121.5896,25.0455,靽桀噸??,?曄???蝳???????蝳?????蝳??暑蝳?????,95,"瘞渡,?",撘菟?蟡?02-27880500#151,??????
5332,?啣?撣??,?剖?????頝?31??121.4566,25.0456,?剖???,?????嚗??粹?,610,"?,?瘚?瘚瑕",?梢?撘?02-29929891,??????
5333,?箏?撣?皜臬?,?????望銵?70-1??121.5912,25.0458,?葛?砍?,?典?,8661,?,擃?蝧?02-27884255,??????
5334,擃?撣???,??????頝?8撌???121.517414,25.046238,擃?撣???瘙偏??撠飛,?典?,400,"瘞渡,?",?唾健摨?07-3719971,??????
5335,?箏?撣?臬?,蝳????祈?銝剛頝?畾?6??121.5089,25.0463,蝳???,蝳??憯賡?,50,"瘞渡,?",???02-23144668#106,??????
5336,?箏?撣?皜臬?,?????箏?撣?皜臬???銵?9??121.5822,25.0466,?箏?撣?皜舫??葉敹????????蝳?,240,"瘞渡,?",??憒?25702330#6425,??????
5337,?箏?撣縑蝢拙?,?孕??靽∠儔??粹?頝?畾?3撌???121.5701,25.0467,????,?孕????,198,"瘞渡,?",?單???02-27618156~611,??????
5338,?箏?撣?皜臬?,,?葛??望銵?5??121.5869,25.0469,?噸??,?舀??蝳???蝳??暑蝳?,200,"瘞渡,?",?喲鞈?02-27851376#151,??????
5339,獢?撣?蝡孵?,??????頝?50??121.295049,25.046998,?姘??祆?銝?蝳桀?,????????璁桅??銝剝?,0,瘞渡,頞?撜?03-3520000ext.176,??????
5340,?啣?撣陸撅勗?,蝢拙飛??瘞?頝?0??121.4347,25.0472,蝢拙飛?葉,蝢拙飛?儔隞??陸??????陸??,606,"?,?瘚?瘚瑕",閰寞?蝢?02-29099551#1402,??????
5341,?啣?撣陸撅勗?,蝢拙飛??瘞?頝?3??121.4347,25.0472,蝢拙飛??,蝢拙飛?儔隞???璁桅?????陸??,952,"瘞渡,?瘚?瘚瑕,?詨?鈭?",閰寞?蝢?02-29099551#1402,??????
5342,?啣?撣?甇Ｗ?,蝳控??瘞?銵?畾?0??121.618882,25.047641,?賡??,蝳控??????ａ??帖蝘?,96,"瘞渡,?,?瘚?瘚瑕",摰∠?,02-26411111#120,??????
5343,獢?撣?撅勗?,??????頝?9??121.297367,25.047711,????,????60,"瘞渡,?,?瘚?瘚瑕",?⊥??3126250#512,??????
5344,?啣?撣??,?雁???雁頝???121.4447,25.0482,蝳?銵憭扳?,蝳????.?.銝寥陶.?陶.?陶.撖?.?陸.鞊僑.蝳?.樴陶.鋆?.蟡仿陶.撖?.瘜啗?.樴???200,"瘞渡,?",?梢?撘?02-29929891#135,??????
5345,?箏?撣縑蝢拙?,???靽∠儔??暸?頝?61??121.5741,25.0483,瘞詨??葉,鈭虜??甈????圈?,97,"瘞渡,?",暺??02-27649066#120,??????
5346,?箏?撣葉撅勗?,????銝剖控??瑕??梯楝2畾?41??121.5371,25.0485,銝剖控憟喃葉,?勗???剝??撏???銵??儔?舫?,135,"瘞渡,?",?喳?,2507-3148#241,??????
5347,?啣?撣陸撅勗?,蝢拐?????頝臭?畾?85??121.4273,25.0487,蝢拐?撣?瘣餃?銝剖?,???儔摮賊??儔隞??陸?????,55,"瘞渡,?,?瘚?瘚瑕,?詨?鈭?",閰寞?蝢?02-29099551#1402,??????
5348,?箏?撣撅勗?,?孕???曉控??怠噸頝?畾?01??121.5611,25.0487,銝剖?擃葉,?孕?儔????????,300,"瘞渡,?",?瘥?02-27535316#400,??????
5349,?箏?撣撅勗?,銝剜迤???箏?撣撅勗??血??楝1??121.5501,25.049,?箏?撣撅梢??葉敹?蝢??葉甇???葉?舫????,180,"瘞渡,?",??摨?02-25702330#6423,??????
5350,?箏?撣撅勗?,銝剜迤???曉控??血??楝2??121.5485,25.0491,?血???,銝剜迤??隞????,56,"瘞渡,?",???2741-4065#130,??????
5351,?箏?撣葉撅勗?,????銝剖控??暹?頝?0撌?1??121.5319,25.0494,?瑕??葉,甇???迤蝢拚??葉????鈭??????剝??撏???銵?,41,"瘞渡,?",撘萄???02-25112382#106,??????
5352,?箏?撣葉撅勗?,????銝剖控???頝?5??121.5302,25.0497,?瑕???,甇???迤蝢拚??迤敺???摰??葉????鈭????,300,"瘞渡,?",?瘜啣?,25617600#130,??????
5353,?箏?撣之??,?????箏?撣之??镼踹祐?楝28??121.5077,25.0498,???砍?,?典?,2183,?,??皜?25850192#222,??????
5354,?啣?撣???,鈭健??銝??鈭健??銵?6??121.4755,25.0502,????撠飛,靚瑞???撏??葉???噸????靚琿?,299,"瘞渡,?,?瘚?瘚瑕",閮望???02-29862345#493,??????
5355,?箏?撣之??,撱箸陸???箏?撣之???瑕?镼輯楝37銋???121.5197,25.0503,撱箸??葉,撱箸陸???賡??遣???遣??,55,"瘞渡,?",?剜???25587042#650,??????
5356,?啣?撣?甇Ｗ?,璈怎???璈怎?頝?19??121.620181,25.05045,璈怎??暑?葉敹?璈怎???撅梢???????ａ?,74,"瘞渡,?,?瘚?瘚瑕",摰∠?,02-26411111#120,??????
5357,?箏?撣葉撅勗?,????銝剖控?樴?頝?2??121.5402,25.0506,銝剜迤??,?勗???剝??撏???銵??儔?舫?,76,"瘞渡,?",?剖?隞?02-25070932#105,??????
5358,獢?撣?蝡孵?,?孕????頝?60??121.300993,25.05063298,????,蝢????日???蝳??憯賡?,0,"瘞渡,?",頞?撜?03-3520000ext.176,??????
5359,獢?撣?撅勗?,憭扳???敹儔頝臭?畾?38??121.359767,25.050908,樴控憍血匱?砍?,樴控?,500,"瘞渡,?,?瘚?瘚瑕,?∪?賢拿",?剖弧鈭?03-3506349,??????
5360,獢?撣?撅勗?,憭扯????銝楝116??121.365307,25.050955,???,憭扯??50,"瘞渡,?,?瘚?瘚瑕",靽???3279014#511,??????
5361,?箏?撣之??,????憭批??镼踹祐?楝32??121.5082,25.0512,敹??葉,???偶璅?,131,"瘞渡,?",?甈?02-25524890#71,??????
5362,?箏?撣撅勗?,?????曉控??怠噸頝?畾?46??121.5793,25.0512,?曉控??,????95,"瘞渡,?",?∩遙??02-27672907#632,??????
5363,獢?撣?蝡孵?,鈭???隞?頝臭?畾菜硃蝞∟楝鈭文???121.294652,25.05120598,鈭?皜豢陶瘙?頠??蝛箏,???銝剝???蝳??,0,?,頞?撜?03-3520000ext.176,??????
5364,獢?撣?蝡孵?,?衣狗??隞?頝臭?畾???121.29348,25.051391,?姘?憍血匱擗??衣狗??蝳????,0,"瘞渡,?",頞?撜?03-3520000ext.172,??????
5365,?啣?撣??,?陸???陸頝?16??121.4474,25.0514,鞊僑??,?陸.瘚瑕控.鞊僑.瘜啗?.??.?典???1128,"瘞渡,?,?瘚?瘚瑕",?梢?撘?02-29929891,??????
5366,?啣?撣??,敹????砍?銝頝?1??121.4554,25.0514,?唳陸??,敹???蝡???106,"?,?瘚?瘚瑕",?梢?撘?02-29929891,??????
5367,?啣?撣甜撖桀?,隞???隞?頝?1??121.92262,25.051427,隞?摰???????,125,瘚瑕,?券暑???踹?,02-24901480??2-24901845,??????
5368,?箏?撣撅勗?,銝剜迤???曉控??漪?梯楝3畾?00??121.5468,25.0515,?血??葉,銝剜迤??隞?,389,瘞渡,閰寧??02-87717890#50,??????
5369,?箏?撣撅勗?,銝剜迤???箏?撣撅勗??漪?梯楝4畾?0??121.5446,25.0517,?箏?擃擗?蝢??葉甇???葉?舫?????儔撱粹???ａ??儔?ａ?,1000,"瘞渡,?",瘙號獢?02-25702330#6512,??????
5370,獢?撣?撅勗?,??????鈭楝168??121.370832,25.051707,憭批??葉,憭批?????,700,"瘞渡,?,?瘚?瘚瑕",?單???3280888#511,??????
5371,?箏?撣?皜臬?,銝剖????箏?撣?皜臬?敹??梯楝銝挾382??121.6073,25.0519,?箏?撣扔????蝺港葉敹?銝剖??撖??????皜舫?,50,?,雿??02-25702330#6511,??????
5372,?啣?撣???,靚瑞???銝??鈭健??銵?41撌???121.4769,25.052,蝘?皜?,???健???葉???噸????靚琿?,294,"瘞渡,?,?瘚?瘚瑕",閮望???02-29862345#493,??????
5373,獢?撣?撅勗?,璅???璅?銵?-1??121.382177,25.052012,璅?蝷曉?瘣餃?銝剖?,璅?????,60,"瘞渡,?,瘚瑕",?單旨??03-3287198,??????
5374,?啣?撣??,靽∠儔????銵???121.4576,25.0522,蝳ˊ撣?瘣餃?銝剖?,?剖???像.撟貊?.?剖?.蝳.??.?像.??.靽∠儔.隞儔.隞?.?郭.??.?芸撥.?芰?.?芯縑.蝳?.??.?縑??120,"瘞渡,?",?梢?撘?02-29929891#135,??????
5375,?箏?撣撅勗?,?勗????箏?撣撅勗?銝?頝???121.5636,25.0522,镼踵??,???????蟡仿??儔撱粹??儔?ａ??儔皞???隞?,50,"瘞渡,?",蝢???27609221#203,??????
5376,獢?撣?撅勗?,憭批???憭批?頝?畾?003撌?8??121.328662,25.05223,憭批?蝷曉?瘣餃?銝剖?,憭批???33,"瘞渡,?,?瘚?瘚瑕",?剝脫?,03-3229270,??????
5377,獢?撣?蝡孵?,鈭???隞?頝臭?畾???121.297216,25.052285,??擃葉,??蝒舫???蝔???蝳??葉撅梢?蝑?撏?,400,"瘞渡,?,?瘚?,頞?撜?03-3520000ext.173,??????
5378,獢?撣之??,??????銵?2-4??璅?121.225524,25.052378,??蝷曉?瘣餃?銝剖?,???之瘚琿?,280,"瘞渡,?,瘚瑕",???03-3818996,??????
5379,?箏?撣?皜臬?,,?葛??頝?1??121.595,25.0525,?葛擃葉,镼踵???,435,"瘞渡,?",?單蝧?02-27837863#241,??????
5380,?啣?撣??,瘞??瘞?頝?61??121.4661,25.0529,瘞???,瘞?.?雁.?噸.敺葛.?怠噸.瘞?.敺噸.撱箇?.瘞.瘞??1184,"瘞渡,?,?瘚?瘚瑕",?梢?撘?02-29929891,??????
5381,?啣?撣?皞芸?,銝葛??銝葛7??121.878,25.053,銝葛???,銝葛??63,"瘞渡,?,?瘚?,摰???02-24931111#124,??????
5382,?箏?撣?皜臬?,,?頝?1??121.594769,25.05364,????,镼踵??圈??????????????????賡?,30,,????02-27836049#150,??????
5383,?啣?撣??,撖???撖?頝?05??121.4445,25.0538,蝳??葉,撖?.瘞?.瘞.?砍?.敺葛.镼輻?.撖?.瘞.?雁.敺噸.撱箏?.撱箇?.蝳?.?.?葛.??.?噸.樴?.瘞?.?怠噸,319,"瘞渡,?,?瘚?瘚瑕",?梢?撘?02-29929891,??????
5384,?箏?撣?皜臬?,,?葛?撖熒銵?撌?2??121.6187,25.0541,隤迤?葉,銝??撖??葉???葉????????憒?,143,"瘞渡,?",?⊿???27828094#1500,??????
5385,?啣?撣陸撅勗?,?旨???砍?頝?3??121.4282,25.0546,?旨??,蝢拙飛??璁桅??儔隞?,931,"瘞渡,?,?瘚?瘚瑕,?詨?鈭?",閰寞?蝢?02-29099551#1402,??????
5386,?啣?撣???,??????銵?12??121.4915,25.0547,?啣?撣?銝?擃葉,????蟡???瘞???????????甇????摰????園???撖桅??偶?仿??葉甇?????拚???敺琿???,897,"瘞渡,?,?瘚?瘚瑕",閮望???02-29862345#493,??????
5387,?箏?撣葉撅勗?,銝剖???銝剖控??瑟頝?16??121.5296,25.0547,????,摨瑟??葉撅梢??葉摨??葉???葉??,117,"瘞渡,?",?剝??02-25219196#850,??????
5388,?啣?撣甜撖桀?,????隞?頝?9??璅?121.926916,25.054775,瞉喳??擗???????,157,瘚瑕,璆??瘛,02-24903203,??????
5389,獢?撣?蝡孵?,鈭???鈭??剛楝1??121.298375,25.054812,???葉,鈭???蝔????日??葉撅梢?,370,"瘞渡,?",頞?撜?03-3520000#176,??????
5390,?箏?撣葉撅勗?,銝剖亢??銝剖控??瑟頝?65??121.5339,25.0549,?瑟??,?暹???撖折???撅梢??葉憭桅??擐仿???瘣脤??儔?舫?,47,"瘞渡,?",?喟???02-25024366#151,??????
5391,?啣?撣甜撖桀?,????撱嗅像銵?0??121.9246,25.0549,瞉喳???憭抒旨????????,479,"瘞渡,?,?瘚?,??頛?02-24901432#212,??????
5392,?啣?撣甜撖桀?,????撱嗅像銵?3??121.923804,25.054921,?嗅?摰???????,12,瘚瑕,閮勗???阡?,02-24901418??2-24902616,??????
5393,?箏?撣葉撅勗?,銝剖亢??銝剖控??瑟頝?67??121.5351,25.055,憭批?擃葉,?暹???撖折???撅梢??葉憭桅??擐仿???瘣脤??儔?舫?,300,"瘞渡,?",?單旨??02-25054269#130,??????
5394,?啣?撣??,蝡陸???唳陸頝?59??121.4594,25.0551,?唳陸?葉,銝剛.銝剖?.銝剛?.銝剖?.銝剖.銝剜陸.蝡?.蝡.蝡遠.蝡?.蝡陸.?郭.敹?.蝡噸.蝡?.?芰?.?芸撥,743,"?,?瘚?瘚瑕",?梢?撘?02-29929891,??????
5395,?箏?撣之??,????憭批??憭芸?頝?51??121.5167,25.0553,?交??,??????賡??遣??,137,"瘞渡,?",??憡?02-25584819#312,??????
5396,?啣?撣?甇Ｗ?,?賡??瘞湔?頝?畾?12??14??121.656768,25.05542,?賡?暑?葉敹??賡??37,"瘞渡,?,?瘚?瘚瑕",摰∠?,02-26411111#120,??????
5397,?啣?撣陸撅勗?,?旨???砍?頝?4??121.4263,25.0556,瘜啣控擃擗??旨?????儔摮賊??儔隞????,1280,"瘞渡,?,?瘚?瘚瑕",閰寞?蝢?02-29099551#1402,??????
5398,?箏?撣撅勗?,曀祉????曉控??亙熒頝?25撌???121.5671,25.0556,镼踵擃葉,曀祉???撟喲??撘琿?,255,"瘞渡,?",??撊?25286618#111,??????
5399,?啣?撣???,????銝??憭批??楝157??121.4968,25.0561,銝???撠飛,????瘞???甇????摰????園????拚??之???葉瘞??像???之摰???敺琿???摮???蝢拚???璁桅???頛????????拚??????偶????敺琿?,1502,"瘞渡,?,?瘚?瘚瑕",閮望???02-29862345#493,??????
5400,?箏?撣?皜臬?,,?葛???銵?2??121.602,25.0562,?望??,?葛?????圈????賡?,30,"瘞渡,?",?帘璉?02-27837577#31,??????
5401,?啣?撣??,??????銵?3??121.448,25.0563,????,撟貊?.靽∠儔.?像.??.?縑.????509,"?,?瘚?瘚瑕",?梢?撘?02-29929891,??????
5402,?箏?撣?皜臬?,,?葛??葉頝?9??121.6072,25.0563,?葛擃極,?葛??圈????,160,"瘞渡,?",??蝢?02-27825432#1501,??????
5403,?粹?撣葉甇??,銝剜迤???箏?撣?皜臬?蝬窒鈭楝1??121.617345,25.056376,?葛撅汗擗??粹?撣葉撅勗?銝剖????園??噸摰?????????,7370,,撘萎???27255200??5517,??????
5404,?啣?撣??,蝳???鈭極鈭楝50撌???121.4556,25.0564,????,蝳??蝳???????599,"瘞渡,?,?瘚?瘚瑕",?梢?撘?02-29929891,??????
5405,?箏?撣撅勗?,,?曉控?撱嗅ˊ銵?01??121.5565,25.0564,隞ˊ?葉,隞ˊ??????圈??摰嫣犖??7鈭綽?銝耨??0鈭?70,"瘞渡,?",?剖???02-27664496#500,??????
5406,?啣?撣???,????銝????銵?0??121.4879,25.0565,????撠飛,????蟡???瘞????圈????????圈????賡???????甇????撖桅??葉甇????敺琿???摰??偶?仿??,104,"?,?瘚?瘚瑕",閮望???02-29862345#493,??????
5407,?箏?撣之??,????憭批??撖批?頝?5??121.5155,25.0565,?祈???,??????????賡?,104,"瘞渡,?",撘菜?璉?02-25569835#500,??????
5408,?箏?撣撅勗?,銝剛???曉控??血??楝199撌?8??121.552,25.0565,瘞???,蝎曉??葉?舫??摰嫣犖??35鈭綽?靽桃70鈭綽?撌脣???祆?,70,瘞渡,?喳???02-27122452#830,??????
5409,?箏?撣撅勗?,?芸撥???曉控?撱嗅ˊ銵?68??121.5629,25.0566,?亙熒??,?芸撥??瘜圈????,84,"瘞渡,?",瘙雓?02-25282814#131,??????
5410,?啣?撣陸撅勗?,?旨??颲凋耨頝???121.4285,25.0573,瘜啣控擃葉,?旨???????????,650,"瘞渡,?,?瘚?瘚瑕,?詨?鈭?",閰寞?蝢?02-29099551#1402,??????
5411,?箏?撣?皜臬?,,?箏?撣?皜臬???銵?7??121.6104,25.0575,?葛??,?葛?撖??葉???????葉????憒?,50,"瘞渡,?",?剖?摮?02-27834678#2301,??????
5412,?啣?撣陸撅勗?,??????頝臭?畾?26??121.4299,25.0577,??撣?瘣餃?銝剖?,??????陸??,20,"瘞渡,?,瘚瑕",閰寞?蝢?02-29099551#1402,??????
5413,?啣?撣???,?祚??銝??銝剖祚銵?7撌?8??121.4928,25.0578,?祚撣?瘣餃?銝剖?,?祚?偶?仿??葉甇?????拚??之???葉瘞??像???之摰???摮???蝢拚???頛????拚???敺琿??,100,"瘞渡,?,?瘚?瘚瑕",閮望???02-29862345493,??????
5414,獢?撣之??,?葛??16??7??121.168175,25.057905,瞏桅??,?葛??皜舫?,180,,??????03-38602834#512,??????
5415,?箏?撣?皜臬?,?葛???頝?66??121.6092,25.0587,?脫?擃葉,?葛??圈???????賡?????正?圈?,375,"瘞渡,?",?頛?26530475#551,??????
5416,?啣?撣???,????銝??甇?儔?楝62??121.4988,25.0589,????撠飛,??之???葉瘞??像???之摰???敺琿???摮???蝢拚???璁桅???頛????????拚??????偶????????????舫??之敺琿???,600,"瘞渡,?,?瘚?瘚瑕",閮望???02-29862345#493,??????
5417,?箏?撣撅勗?,蝎曉????箏?撣撅勗?瘞??梯楝4畾?7撌???121.5519,25.0589,瘞???,?望???粹??葉?舫???隞?????,40,"瘞渡,?",?∟???02-27124872#935,??????
5418,?啣?撣?甇Ｗ?,銝剛????唳眾銵???121.629106,25.058956,?陸??,蝳噸?瘝喲??葉????蝳??熒蝳???璅寥???撜圈???撅梢??帖蝘???????敺琿???樴???撅梢????????桅?,1067,"?,?瘚?瘚瑕",摰∠?,02-26411111#120,??????
5419,獢?撣之??,璈怠陸??11?唬葉甇?頝?60??121.202671,25.059085,憭批???摮貊?瘣餃?銝剖?,璈怠陸?敹?,1200,"瘞渡,?,瘚瑕",?喃??蜓隞?03-3862030#512,??????
5420,?啣?撣陸撅勗?,?旨????頝?畾?22??121.4314,25.0592,瘜啣控??祆?,?旨?????控?喲???瘜圈???????璅寥?,53,"瘞渡,?瘚?瘚瑕,?詨?鈭?",閰寞?蝢?02-29099551#1402,??????
5421,?啣?撣?甇Ｗ?,?勗控??瘙像頝臭?畾?6??121.699553,25.059723,?勗控??,?勗控??118,"瘞渡,?,?瘚?瘚瑕",瘨?鞈Ｙ蜇?蜓隞?26416170??13,??????
5422,?箏?撣撅勗?,?唳???曉控??唳銵?0撌???121.5673,25.0598,瘞??葉,?唳???阡???瘞???瘜圈?,100,"瘞渡,?",?亳??02-27653433#300,??????
5423,?啣?撣???,???銝???銵?9??121.4881,25.0601,?撣?瘣餃?銝剖?,????????圈???蟡????圈???圈??????葉撅梢??,50,"?,?瘚?瘚瑕",閮望???02-29862345493,??????
5424,?箏?撣之??,瘞???憭批???西正銵?1??121.5167,25.0601,???,瘞??????,300,"瘞渡,?",?喳???02-25570309#1031,??????
5425,?啣?撣?甇Ｗ?,????瘙迫??啣鈭楝銝畾?0??121.64793,25.060367,?望蝘飛??,?箸?儔????脤?????,500,"瘞渡,?,?瘚?瘚瑕",摰∠?,02-26411111#120,??????
5426,?箏?撣撅勗?,瘞????曉控?敺抵??楝361撌???121.5455,25.0605,銝剖控?葉,瘞???粹?,111,"瘞渡,?",?⊥?撌?02-27126701#501,??????
5427,?箏?撣皝?,,?扳???唳?頝?2??121.5908,25.0609,瞏剔???,?單蔬?梁???81,"瘞渡,?",?喟???27917334#231,??????
5428,?啣?撣?皞芸?,?∩號??銝剜迤頝?4??121.8515,25.061,銝剜迤蝷曉?瘣餃?銝剖?,?∩號??鞎???76,"瘞渡,?,?瘚?,摰???02-24931111#124,??????
5429,?啣?撣???,???銝???啣?憭折?1畾?1??121.4885,25.0611,銝???祆?,???圈????圈????賡??,136,"?,?瘚?瘚瑕",閮望???02-29862345493,??????
5430,?啣?撣?甇Ｗ?,?芸撥???銵?3??121.656653,25.061158,?控?葉撠??芸撥?????儔???之??,970,"瘞渡,?,?瘚?瘚瑕",摰∠?,02-2641111#120,??????
5431,?箏?撣之??,瘞???憭批???踹噸頝?畾?35??121.5185,25.0613,?殿擃葉,瘞??????,75,"瘞渡,?",甇遣璁?02-25531969#150,??????
5432,?箏?撣之??,???憭批??撱嗅像?楝2畾?39??121.5114,25.0614,憭芸像??,??辣撟喲?,50,"瘞渡,?",??瘚?02-25532229#830,??????
5433,?箏?撣之??,????箏?撣之??撱嗅像?楝2畾?66??121.5111,25.0617,瘞豢???,??之??,50,"瘞渡,?",????02-25534882#132,??????
5434,?箏?撣撅勗?,?望旨???箏?撣撅勗?瘞?????121.5575,25.0619,瘞??砍?,?典?,2786,?,??皜?25850192#222,??????
5435,?啣?撣陸撅勗?,璆邦??璆?頝?6撌?6??121.4345,25.062,璆邦蝳陸撣?瘣餃?銝剖?,璆邦??瘜圈??控?喲?,201,"瘞渡,?,?瘚?瘚瑕,?詨?鈭?",閰寞?蝢?02-29099551#1402,??????
5436,?箏?撣葉撅勗?,?啣????啁??楝銝挾105??121.5258,25.062,?啁??砍?璉??????????撅梢??摨?????蝳??之雿喲?,60,?,樴派,02-25702330#6524,??????
5437,?箏?撣葉撅勗?,????銝剖控??ㄝ?楝511??121.5258,25.062,?啗??葉,摨瑟??葉撅梢???????????摰?????摨?????蝳?????葉摨??葉??,175,"瘞渡,?",?喳???02-25714211#501,??????
5438,?箏?撣葉撅勗?,瘞???銝剖控?楝鈭挾44撌???121.5258,25.062,?箏?撣葉撅梢??葉敹????????????撅梢?,184,?,蝝摮朮,2570-2330頧?427,??????
5439,獢?撣?撅勗?,?祈正??敺抵?銵?50撌?-1??121.36028,25.062299,?祈正蝷曉?瘣餃?銝剖?,?祈正??100,"瘞渡,?,?瘚?瘚瑕",皜豢??03-3281662,??????
5440,?啣?撣陸撅勗?,撅梯??瘜唳?頝?畾?55??121.4313,25.0623,瘜啣控??,撅梯??????瘜圈???璅寥?,1283,"瘞渡,?,?瘚?瘚瑕,?詨?鈭?",閰寞?蝢?02-2909-9551#1402,??????
5441,?箏?撣撅勗?,銝????箏?撣撅勗?瘞??梯楝4畾?00??121.5623,25.0625,瘞???,???瘜圈???憯賡??璁桅????阡?,80,?,??派璅?02-27652327#31,??????
5442,?啣?撣???,鈭????芸撥頝?畾?6??121.4903,25.0626,蝣扯??銝剖飛,皞芰???撣賊???蝳???敹???????蟡????舫????舫?????,969,"瘞渡,?,?瘚?瘚瑕",閮望???02-29862345#493,??????
5443,?箏?撣葉撅勗?,銝???箏?撣葉撅勗?瘞??梯楝3畾???121.5402,25.0626,璁格??勗??砍?,?典?,2432,?,??皜?02-25850192,??????
5444,獢?撣之??,憭批????像?梯楝89??璅?121.200297,25.062655,憭批?蝷曉?瘣餃?銝剖?,憭批???140,"瘞渡,?,瘚瑕",閮望???03-3861209,??????
5445,?啣?撣陸撅勗?,暺???暺?頝?3??121.421,25.0627,暺?撣?瘣餃?銝剖?,暺??之蝘??控?喲?,21,"瘞渡,?瘚?瘚瑕",閰寞?蝢?02-29099551#1402,??????
5446,?啣?撣?皞芸?,銝????踹?頝???121.8517,25.0627,?∩號??,銝??銝寥?,320,"瘞渡,?,?瘚?,摰???02-24931111頧?24,??????
5447,?啣?撣?甇Ｗ?,蝘撅梢?,隞?頝?0??121.661377,25.062874,蝘撜啣?撠?蝘撅梢???撜圈???摰??縑????脤??撘琿?,1185,"瘞渡,?,?瘚?瘚瑕",摰∠?,02-26411111#120,??????
5448,?箏?撣葉撅勗?,,?箏?撣葉撅勗?瘞??梯楝1畾?9??121.5263,25.0629,銝剖控??,?啁????????葉摨????輸??瘙?,290,瘞渡,雓??02-25914085#36,??????
5449,?啣?撣???,???銝剜迤?楝????121.489253,25.063033,銝??蝬??????衣?兢蝳????賡??葉撅梢????圈????圈??摰???瘞?,2200,,?單??02-29867046,??????
5450,?箏?撣撅勗?,????曉控?瘞??梯楝5畾???121.5643,25.0633,銝???,?望旨??瘞?,100,?,?喳璉?02-27646080#231,??????
5451,?啣?撣???,???銝??銝剜迤?楝107??121.4892,25.0634,????銝剖飛,?衣??瘞??葉撅梢??之?????????賡????????圈??迤敺琿??迤蝢拚??兢蝳???,437,"瘞渡,?,?瘚?瘚瑕",閮望???02-29862345#493,??????
5452,?箏?撣之??,????憭批????楝3畾???121.5139,25.0635,瘞??葉,????30,"瘞渡,?",瘣芰???02-25931951#130,??????
5453,?箏?撣葉撅勗?,銝??銝剖控?敺抵??楝430撌???121.5431,25.0635,鈭虜?葉,銵??隞???摮????日?,250,?,暺???02-25014320#102,??????
5454,?啣?撣?甇Ｗ?,蝘撜圈?,瘙迫??啣鈭楝銝畾?68??121.658894,25.063774,瘙迫??祆?銵銝剖?,蝳桅???折???撜圈??????脤??撘琿???????摰???撅梢?,158,"瘞渡,?,?瘚?瘚瑕",摰∠?,02-26411111#120,??????
5455,?箏?撣葉撅勗?,銝??銝剖控?鈭虜銵?6??121.5422,25.0642,鈭虜??,銵??隞???摮????日?,97,"瘞渡,?",樴帘??02-25023416#831,??????
5456,?箏?撣之??,????憭批????楝3畾???121.5134,25.0643,憭扳???,?????,86,"瘞渡,?",璆?隞?02-25944413#145,??????
5457,?啣?撣???,甇?儔??銝??靽∠儔镼輯?31??121.4961,25.0644,甇?儔??撠飛,?旨?????????之?????????圈??迤敺琿??迤蝢拚??迤摰??撘琿??????葉憭桅?????????摰??摰????舫?????????之敺琿?????瘙?,929,"瘞渡,?,?瘚?瘚瑕",閮望???02-29862345#493,??????
5458,?箏?撣葉撅勗?,銵???暹?頝?67??璅?121.5335,25.0644,銵?瘞暑?葉敹?憭找蔔???輸???隞???摮?,72,"瘞渡,?",暺?銝,02-25031369#520,??????
5459,?啣?撣???,鈭???銝????銵?12??121.4787,25.0648,蝘??望絲擃葉,鈭????賡??敹??摰?,408,"瘞渡,?,?瘚?瘚瑕",閮望???02-29862345#493,??????
5460,?箏?撣之??,?祈???憭批??憭折?銵?1??121.5161,25.0648,憭批???,?祈????????,183,"瘞渡,?",擳?隞?02-25965407#351,??????
5461,獢?撣?蝡孵?,?瑁????瑁?頝臬?畾?25銋???121.267905,25.06484198,?瑁?蝷曉?瘣餃?銝剖?,?瑁??控曌駁????,250,"瘞渡,?",頞?撜?03-3520000ext.176,??????
5462,獢?撣?蝡孵?,?批????扳漯頝臬?,121.278033,25.06511398,?批?瘝單膨?砍?,?批??控曌駁????蝑???0,?,頞?撜?03-3520000ext.176,??????
5463,?啣?撣陸撅勗?,暺???瘜唳?頝?畾?98??121.426,25.0652,瘜啣控?葉,撅梯?????之蝘?,1388,"瘞渡,?,?瘚?瘚瑕,?詨?鈭?",閰寞?蝢?02-29099551#1402,??????
5464,?啣?撣???,鈭???銝??憭扳?銵?0??121.478,25.0652,鈭???撠飛,鈭??敹????圈??銝剝??摰??????偶?潮??之??,4404,"瘞渡,?,?瘚?瘚瑕",閮望???02-29862345#493,??????
5465,?啣?撣甜撖桀?,蝢?????撊箄?7??121.8952,25.0655,蝳?撱?????????40,"瘞渡,?,?瘚?瘚瑕",?喳??02-24901660,??????
5466,?啣?撣???,蝳??銝??敹?頝臭?畾?9??121.4805,25.0657,鈭???銝剖飛,憭扳??????敹????圈??銝剝??摰??敺琿??????偶?潮?,845,"瘞渡,?,?瘚?瘚瑕",閮望???02-29862345#493,??????
5467,?啣?撣陸撅勗?,暺???暺?頝?銋???121.4199,25.0658,暺??銵飛??暺??之蝘??控?喲?,1081,"瘞渡,?,?瘚?瘚瑕,?詨?鈭?",閰寞?蝢?02-29099551#1402,??????
5468,?啣?撣??,鋆???鋆?銵?23??121.4616,25.0659,鋆???,鋆???1127,"瘞渡,?,?瘚?瘚瑕",?梢?撘?02-29929891,??????
5469,?啣?撣?甇Ｗ?,敹???璅邦鈭楝135??121.639893,25.06594,璅邦?葉,璅邦??摮???撜圈???撅梢???撅梢??????葉????敺琿???樴???敺琿???蝳??熒蝳???撅梢??瘝喲???ａ??控??,2481,"瘞渡,?,?瘚?瘚瑕",摰∠?,02-26411111#120,??????
5470,?箏?撣之??,???憭批????銵?7??121.5124,25.066,撱嗅像??,?唳????園?????,88,"瘞渡,?",????02-25942439#230,??????
5471,?啣?撣???,???銝???頝臭?畾???121.489,25.0661,靽桀噸??撠飛,銝??之?????????賡????????圈??迤敺琿??迤蝢拚??兢蝳??蝳?,962,"瘞渡,?,?瘚?瘚瑕",閮望???02-29862345#493,??????
5472,獢?撣之??,?啣???憭扯?頝?18??121.193358,25.066173,憭批???犖?熒瘣餃?銝剖?,憭批??帖撜圈??敹?,700,"瘞渡,?,瘚瑕",?暸???03-3865057#22,??????
5473,?啣?撣???,?剔???銝??銝剜迤?楝113??121.4845,25.0663,???撠飛,銝??????蝳??銝剝??兢蝳????,608,"瘞渡,?,?瘚?瘚瑕",閮望???02-29862345頧?93,??????
5474,?啣?撣?甇Ｗ?,蝘撜圈?,敹??梯楝201??121.661912,25.066456,蝘撜圈?銝?蝢拇??縑?????梢???撜圈??????摰???撅梢?,1190,"瘞渡,?,?瘚?瘚瑕",摰∠?,02-26411111#120,??????
5475,?啣?撣?甇Ｗ?,?噸??璅邦銝頝?41撌???121.641767,25.066498,璅邦??,?噸?控????璅寥???????摮????桅?,1292,"瘞渡,?,?瘚?瘚瑕",摰∠?,02-26411111#120,??????
5476,?啣?撣?甇Ｗ?,?箸??憭批?頝臭?畾?13??121.654876,25.066688,瘙迫??,瘙???折??之???旨??儔瘞??儔????敺琿???摮??控?????,810,"?,?瘚?瘚瑕",摰∠?,02-26411111#120,??????
5477,?箏?撣皝?,,?扳??摨瑕祐頝?畾?20??121.6111,25.0669,??擃葉,鈭???皝??瘣脤?,300,"瘞渡,?",?尿擉?26308889#111,??????
5478,?啣?撣?甇Ｗ?,蝳桅???憭批?頝臭?畾?94??121.658337,25.066957,瘙迫?葉,隞??儔瘞??縑???旨??????之???遣????銝剝?,1384,"?,?瘚?瘚瑕",摰∠?,02-26411111#120,??????
5479,?啣?撣????,???隞?頝臭?畾???121.397844,25.067902,撣怎?憭批飛??∪?擃擗????4587,"瘞渡,瘚瑕",?喳?靽?77148301,??????
5480,?啣?撣????,???銝剜迤頝?00??璅?121.3717,25.068,?撣?瘣餃?銝剖?,????,63,"瘞渡,?,?瘚?瘚瑕",暺噸皞?02-26033111#608,??????
5481,?啣?撣????,暻?????銝頝臭?畾?0??121.3703,25.0681,撏??葉,暻???ａ?????,1312,"瘞渡,?瘚?瘚瑕",??撅?26095829#130,??????
5482,?啣?撣???,????銝????銵???121.4975,25.0682,甇?儔撣?瘣餃?銝剖?,??????摰??摰????舫?????????之敺琿?????瘙???摰???摰??縑摰????園??迤摰??撘琿??????葉憭桅?,100,"瘞渡,?,?瘚?瘚瑕",閮望???02-29862345493,??????
5483,?箏?撣皝?,,?扳???望?頝?15??121.6158,25.0685,?望???,?望???皝???????摨琿?,155,"瘞渡,?",?批???26339984#125,??????
5484,?啣?撣????,?勗??敹?頝?91??121.3762,25.0686,暻???,?勗????,945,"瘞渡,?,?瘚?瘚瑕",?喳?暻?26091061#752,??????
5485,?啣?撣????,暻????砍?頝?6??121.3679,25.0687,暻???,暻?????,1790,"瘞渡,?,?瘚?瘚瑕",閮曹耨鞊?26008457#111,??????
5486,?啣?撣????,?勗??暻?銝銵?5??璅?121.377252,25.068777,?勗撣?瘣餃?銝剖?,?勗??247,"瘞渡,?,?瘚?瘚瑕",暺噸皞?26033111#608,??????
5487,?箏?撣皝?,,?箏?撣皝?瘞??梯楝6畾?38??121.5887,25.0688,?唳???,皝??窄皝??????????梁??瞏剝?,40,"瘞渡,?",??瘜?27963721#120,??????
5488,?啣?撣?甇Ｗ?,?陸???陸銵?01??121.627046,25.068806,????,????撜圈???撅梢???撅梢????????桅??????葉????敺琿???蝳??熒蝳??瘝喲????????,600,"瘞渡,?,?瘚?瘚瑕",摰∠?,02-26411111#120,??????
5489,?啣?撣????,暻???敹?頝?69撌?7??121.373756,25.068979,暻?撣?瘣餃?銝剖?,暻???75,"瘞渡,?,?瘚?瘚瑕",暺噸皞?26033111#608,??????
5490,?箏?撣皝?,,?扳??瘞??梯楝6畾?5??121.5862,25.0691,銝??葉,皝??????窄皝?,300,"瘞渡,?",瘨帘??27944772#250,??????
5491,?啣?撣?甇Ｗ?,????頝?25撌?5??121.672058,25.069255,??暑?葉敹????53,"瘞渡,?,?瘚?瘚瑕",摰∠?,02-26411111#120,??????
5492,?箏?撣之??,?唾???憭批??憭折?銵?87撌???121.5167,25.0693,?剖??葉,?唾???30,"瘞渡,?",????25918269#500,??????
5493,?箏?撣皝?,皝???瘞??梯楝6畾?9??璅?121.586898,25.069324,?扳??銵憭扳?,皝?????,170,,?折???935578581,??????
5494,?啣?撣?甇Ｗ?,????頝?58??121.669187,25.069578,撏噸??,撏噸???喲??撅梢?,1275,"瘞渡,?,?瘚?瘚瑕",摰∠?,02-26411111#120,??????
5495,?啣?撣???,?孵噸??銝??銝剜迤?楝163??121.4801,25.0696,?啣?撣?銝??極,蝳?蝳??敺琿??偶???偶?潮?,1586,"?,?瘚?瘚瑕",閮望???02-29862345#493,??????
5496,?啣?撣???,憭扳???銝??銝剜迤?楝560撌?8??121.4711,25.0697,蝘?蝛靽振??憭扳?????,1674,"瘞渡,?,?瘚?瘚瑕",閮望???02-29862345#493,??????
5497,?啣?撣??∪?,?????雁頝???121.4677,25.0698,?游祚??撠飛,???撖桅?,453,"瘞渡,?瘚?瘚瑕",暺尿??02-22916051#113,??????
5498,?啣?撣???,蝳???銝???剖撐銵?6??121.4938,25.0702,?剖撐撣?瘣餃?銝剖?,????摰???摰??縑摰????園???敺琿??迤摰??撘琿?,100,"瘞渡,?,?瘚?瘚瑕",閮望???02-29862345493,??????
5499,?啣?撣???,憟ˊ??銝??銝?頝臭?畾???121.4973,25.0704,銝???撠飛,?血??摰????????瘙??瘜圈??蝳???憯賡??憯賡??瘙???瞈梢??????瘙???憯賡???摰????園???敺琿??敺琿???敺琿???敺琿??葉憭桅???????摰?,709,"瘞渡,?,?瘚?瘚瑕",閮望???02-29862345#493,??????
5500,?啣?撣???,憟ˊ??銝??隞ˊ頝?6??121.4999,25.0705,?旨??銝剖飛,?瑟陸?蝳???憯賡??憯賡??瘙???瞈梢??????瘙???憯賡???敺琿??敺琿???敺琿???敺琿?,1031,"瘞渡,?,?瘚?瘚瑕",閮望???02-29862345#493,??????
5501,?啣?撣?甇Ｗ?,撏噸???頝?2??121.666953,25.070551,撏噸璈撣?瘣餃?銝剖?,撏噸???梢??????敺琿??遣??,100,"瘞渡,?,?瘚?瘚瑕",摰∠?,02-24611111#120,??????
5502,?箏?撣皝?,,?箏?撣皝?摨瑕祐頝?畾?00??121.6107,25.0706,????,?望???皝???瘣脯瘣脯?皝之皝皞?瘜啜?摨瑯?皝熒撖扼?皝?皝?,50,"瘞渡,?",皞怠?摰?26321296#51,??????
5503,?箏?撣皝?,,?扳??摨瑕祐頝?畾?0??121.6107,25.0706,???葉,???瘣脤???皝?,251,"瘞渡,?",瘣芷暻?26320616#510,??????
5504,獢?撣之??,?喲??4?唬葉?航楝298??121.205022,25.070687,憭批??葉摮貊?瘣餃?銝剖?,?喲??1300,"瘞渡,?,瘚瑕",?單??舐???03-3862029#51,??????
5505,?啣?撣???,蝡噸??銝???芸撥頝臭?畾?0??121.4874,25.0707,?像撣?瘣餃?銝剖?,蝡噸????敺琿?,100,"瘞渡,?,?瘚?瘚瑕",閮望???02-29862345493,??????
5506,?啣?撣???,蝡噸??銝??銝剖?頝臭?畾?0??121.4874,25.0707,?噸??撠飛,靽∪??????敺琿??雁敺琿???敺琿??偶敺琿???敺琿??偶??,505,"瘞渡,?,?瘚?瘚瑕",閮望???02-29862345#493,??????
5507,?啣?撣???,蝡噸??銝???芸撥頝臭?畾?3?1,121.4884,25.0707,?犖?熒瘣餃?銝剖?蝳桀?,?噸?雁敺琿???敺琿??偶敺琿???敺琿??,100,"瘞渡,?,?瘚?瘚瑕",閮望???02-29862345493,??????
5508,?啣?撣???,憟ˊ??銝??隞ˊ頝?2??121.5013,25.0709,?旨??撠飛,?瑟陸?蝳???憯賡??憯賡??瘙???瞈梢??????瘙???憯賡???敺琿??敺琿???敺琿???敺琿?,195,"瘞渡,?,?瘚?瘚瑕",閮望???02-29862345#493,??????
5509,?箏?撣皝?,,?扳??摨瑕祐頝?畾?05??121.6106,25.0711,????,????皝??熒撖折?,137,"瘞渡,?",?隤?26323477#41,??????
5510,?儔蝮??喲?,?游祚???游祚??9??121.467216,25.071216,?游祚??-摰文,?游祚??迤蝢?20,瘞渡,鞈湔皞蜇?蜓隞?05-3796309,??????
5511,?啣?撣?甇Ｗ?,靽??憭批?頝臭?畾?69??121.679316,25.071337,靽??蝺港葉敹?靽?撅梢????琿??摰???摰?,1075,"瘞渡,?,?瘚?瘚瑕",摰∠?,02-26411111#120,??????
5512,?啣?撣??∪?,瘞渡????噸頝???121.4345,25.0714,敺琿??撠飛,敺琿?窒???噸瘜圈???蝢拚??偌蝣???敺琿?,146,"瘞渡,?瘚?瘚瑕",暺尿??02-22916051#113,??????
5513,獢?撣?蝡孵?,?批????控頝臭?畾?49撌?7??121.287518,25.071722,撅梢撒?批??臬???瘣餃?銝剖?,?瑁??控曌駁????,0,"瘞渡,?",頞?撜?03-3520000ext.176,??????
5514,?啣?撣?甇Ｗ?,靽???憭批?頝臭?畾?53??121.680851,25.071773,靽??,靽????喲????琿??撅梢???敺琿????圈?,470,"瘞渡,?,?瘚?瘚瑕",摰∠?,02-26411111#120,??????
5515,?啣?撣????,隞?????銝頝?畾?37??121.37391,25.071966,隞?撣?瘣餃?銝剖?,隞????ａ?,194,"瘞渡,?,?瘚?瘚瑕",暺噸皞?26033111#608,??????
5516,?箏?撣皝?,,?扳??摨瑟?銵?31??121.6195,25.0723,?望??葉,?望??皞???瘜圈???摨琿?,138,"瘞渡,?",?遠靽?26330373#651,??????
5517,獢?撣之??,?葛??9?唳絲憓?0-2??121.164351,25.072941,憭批???葛蝷曉?瘣餃?銝剖?,?葛??皜舫?,400,瘞渡,????910261517,??????
5518,獢?撣之??,銝??9?唬??楝5??121.25823,25.073,銝蝷曉?瘣餃?銝剖?,銝??380,"瘞渡,?,瘚瑕",瘝??03-3936256,??????
5519,?箏?撣皝?,,?扳????頝?63撌???121.6013,25.0731,暻???,???瘣脤?,315,"瘞渡,?",???26343888嚗?30,??????
5520,?箏?撣葉撅勗?,憭找蔔??銝剖控?瞈望?銵?07??121.5359,25.0733,憭找蔔??,憭找蔔?摨???摮????,30,"瘞渡,?",鞈港蔗??02-25035816#110,??????
5521,?箏?撣之??,靽???憭批????銵?7??121.5167,25.0734,憭折???,???摰?,30,"瘞渡,?",?曄???02-25942635#838,??????
5522,?啣?撣????,?勗??隞?頝臭?畾?73??121.381,25.0736,?擃葉,镼踵???3099,"瘞渡,?,?瘚?瘚瑕",摰偶鞊?26009482#600,??????
5523,?啣?撣???,瘞詨噸??銝??憭扳銵?60??121.4887,25.0738,?潸擃?銝剖飛,?噸?雁敺琿??偶敺琿??偶???,1000,"?,?瘚?瘚瑕",閮望???02-29862345#493,??????
5524,?啣?撣????,????鈭?154??121.359019,25.073835,?撣?瘣餃?銝剖?,???106,"瘞渡,?,?瘚?瘚瑕",暺噸皞?02-26033111#608,??????
5525,?啣?撣????,????銵?15??121.3588,25.075,???,???534,"瘞渡,?,?瘚?瘚瑕",?剝?憡?26091020#830,??????
5526,?箏?撣之??,????箏?撣之???踹噸頝?畾?36??121.5199,25.0755,?恍?銝???葦??70,"瘞渡,?",敺旨瞈?02-25961567#151,??????
5527,?啣?撣??∪?,敺琿???陸頝臭?畾?75??121.4349,25.0758,?脰?銝剖?,敺琿?窒???噸瘜圈??偌蝣?,686,"瘞渡,?瘚?瘚瑕",暺尿??02-22916051#113,??????
5528,獢?撣之??,敺???12?唬葉?航楝595??121.211571,25.075842,??蝷曉?瘣餃?銝剖?,????100,瘞渡,???03-3838250,??????
5529,?箏?撣之??,???憭批???衣?頝?9??121.5179,25.0759,??葉,???摰?,0,"瘞渡,?",?梯窒??02-25948631#240,??????
5530,?箏?撣之??,?祈???憭折?銵?1??121.5179,25.0759,?箏?撣之???葉敹??祈??????????????甈????梢?,300,?,?剜銝?0225702330-6424,??????
5531,?啣?撣???,瘞貊???銝??頠楝?剛?133??121.4846,25.0764,瘞貊?撣?瘣餃?銝剖?,瘞貊??偶蝳??偶皜??偶摰??偶???偶???偶鞊???????蝳???????????????璅?,100,"瘞渡,?,?瘚?瘚瑕",閮望???02-29862345493,??????
5532,?啣?撣???,瘞貊???銝??銝?頝臬?畾?16??121.4865,25.0766,銝???銝剖飛,瘞貊??偶蝳??偶皜??偶摰??漯蝢???????蝳??????????????偶???偶???偶鞊???璅????舫??,653,"瘞渡,?,?瘚?瘚瑕",閮望???02-29862345#493,??????
5533,?啣?撣????,镼踵???隞?頝臭?畾?78??121.3885,25.0767,???祆?,??正??,120,"瘞渡,?瘚?瘚瑕",?憒?02-26033111-216,??????
5534,?啣?撣?瘣脣?,敺???銝剖控銝頝?15??璅?121.469,25.0767,敺?撣?瘣餃?銝剖?,銝剛楝??????????隞??????偶摰??辣撟喲?,52,?瘚?瘝?頛?22811484-119,??????
5535,?啣?撣????,皝???瘞祥頝?5??121.3769,25.0769,??葉瘣餃?銝剖?,镼踵?????,1736,"瘞渡,?,?瘚?瘚瑕",?喳遣??2601-1014#31,??????
5536,?啣?撣???,瘞貊???銝??瘞貊?銵?6??121.4806,25.077,瘞貊???撠飛,瘞貊??偶蝳??偶皜??偶摰???????蝳??????????偶???偶???偶鞊???璅????舫??,706,"?,?瘚?瘚瑕",閮望???02-29862345#493,??????
5537,?箏?撣皝?,,?扳???賢?銵???121.5887,25.077,?扳??葉,蝝恍???????賡?,233,"瘞渡,?",???27900843#230,??????
5538,?粹?撣??萄?,?瑕????瑕?銵?1??121.6928,25.0771,?瑕???瘣餃?銝剖?,?瑕???60,"瘞渡,?,?瘚?瘚瑕",撘菔樴?02-24511858,??????
5539,?箏?撣葉撅勗?,?陸??銝剖控?璅黎2頝?66撌?9??121.5617,25.0773,瞈望???,???偶摰???摰???瘜圈?,114,"瘞渡,?",?振??02-85021571#1400,??????
5540,?啣?撣????,暻????砍?頝?9??璅?121.394,25.0774,暻?撣?瘣餃?銝剖?,暻???236,"瘞渡,?,?瘚?瘚瑕",暺噸皞?26033111#608,??????
5541,?箏?撣葉撅勗?,?蔬??銝剖控??偌頝?25??121.5416,25.0778,???葉,?蔬?之?湧??偶摰???撅梢?????,30,"瘞渡,?",雿郭獢?25333888-240,??????
5542,?箏?撣皝?,,?扳???噸頝?18??121.5865,25.0784,?扳?擃葉,蝝恍???????賡?,110,"瘞渡,?",????27977035#309,??????
5543,?箏?撣皝?,皜臬???瘣脣?銵?2??121.5865,25.0784,?箏?撣皝??葉敹?镼踹熒?正摰??正皝??葛?舫??葛?賡??葛憓??葛撖?,219,?,??憒?02-25702330#6425,??????
5544,?啣?撣????,皝??????楝1畾?25??121.365938,25.078446,?啣??寞??摮豢,?????,1383,"瘞渡,?,?瘚?瘚瑕",?喟???02-2600-6768#8001,??????
5545,?啣?撣?瘣脣?,瘞???瘞?銵?29撌?4??121.4728,25.0785,瘞?撣?瘣餃?銝剖?,皞芸??邦敺琿???隞?????,20,"瘞渡,?,?瘚?瘚瑕",瘝?頛?02-22811484-119,??????
5546,?箏?撣葉撅勗?,瘞詨????箏?撣葉撅勗??偌頝?97撌?9撘???121.5494,25.0787,瘞詨???,?蔬?之?湧??????偶摰???瘜圈???摰?,60,"瘞渡,?",璇???25335672#230,??????
5547,?啣?撣?甇Ｗ?,?瑕????瑁?銵?畾?0??121.670529,25.079073,?瑕?撣?瘣餃?銝剖?,?瑕????梢???摰????琿???????琿???敺琿???敺琿??遣????銝剝????圈?,89,"瘞渡,?,?瘚?瘚瑕",摰∠?,02-26411111#120,??????
5548,?箏?撣皝?,,?扳???扳?頝?畾?1??121.5802,25.0791,?扳???,皜臬???瞈梢?,150,"瘞渡,?",暺迤??27998085#311,??????
5549,?啣?撣?甇Ｗ?,?瑕????瑁?銵?畾?0??121.670789,25.079315,?瑕???,?瑕????梢???摰????琿???????琿????折???敺琿??遣????銝剝????圈?,807,"?,?瘚?瘚瑕",摰∠?,02-26411111#120,??????
5550,?啣?撣??∪?,?游祚???湔散頝?7??121.4573,25.0794,?湔撣?瘣餃?銝剖?,???撖桅???蝳?,65,"瘞渡,?,?瘚?瘚瑕",暺尿??02-22916051#113,??????
5551,?箏?撣葉撅勗?,?蔬??銝剖控???頝?20??121.5428,25.0794,憭抒擃葉,?蔬?之?湧??????偶摰???瘜圈???摰?,300,"瘞渡,?",璆隞?02-25334017#141,??????
5552,?啣?撣????,?望???蝎祚頝臭?畾?5撌?0??121.395779,25.07957,?擃葉,?望???1243,"瘞渡,?,?瘚?,?單??26012644#1902,??????
5553,?啣?撣?瘣脣?,皞芸???靽∠儔頝?5??121.476051,25.079572,皞芸?皝扯撣?瘣餃?銝剖?,皞芸??邦敺琿???隞?????,50,"瘞渡,?,?瘚?瘚瑕",瘝?頛?02-22811484-119,??????
5554,?啣?撣????,????蝡寞?頝?25??121.3958,25.0796,蝡寞?撅梯??喳笑瘣餃?銝剖?,???葉皝????500,"瘞渡,?,?瘚?瘚瑕",????26011412#18,??????
5555,?箏?撣葉撅勗?,?陸??銝剖控?璅黎鈭楝262??121.5607,25.0796,瞈望??葉,???偶摰???摰???瘜圈?,86,"瘞渡,?",暺?璉?02-8502-0126,??????
5556,?箏?撣皝?,皜臬????扳?頝?畾?20??121.5754,25.0797,?扳?擃極,皜臬??葛?賡???撅梢?,245,"瘞渡,?",?鞈?26574874#121,??????
5557,?箏?撣ㄚ??,,憯急???眾銵?6??121.5229,25.0799,?蔬??,?????舫?,30,"瘞渡,?",????02-28855491#830,??????
5558,?箏?撣皝?,,?扳???銵?21??121.5949,25.08,摨瑕祐??,皜?換?脤??換??,247,"瘞渡,?",暺甈?27917755,??????
5559,?啣?撣????,銝剜???銝剖控頝?68??121.3842,25.0803,雿單??葉,皝??葉皝???皝?,747,"瘞渡,?,?瘚?瘚瑕",擐桃雁撖?26028555#600,??????
5560,?啣?撣?瘣脣?,皞芸???銝剖控銝頝???121.48,25.0803,敺銝剖飛,?噸?漯憓??邦敺琿?,784,"瘞渡,?,?瘚?瘚瑕",瘝?頛?02-22811484-119,??????
5561,?箏?撣葉撅勗?,憭抒??銝剖控?憭抒銵???121.5464,25.0805,憭抒??,?蔬?之?湧??????偶摰?,104,"瘞渡,?",????02-85098286,??????
5562,獢?撣之??,?扳絲??2?啣瘚瑕?19??121.185356,25.080507,?扳絲鞎湔?摰??扳絲??剝?,300,瘞渡,?喲??03-3865039,??????
5563,?啣?撣?瘣脣?,敹儔???瑕?銵?6??璅?121.4619,25.0807,?瑕?撣?瘣餃?銝剖?,銝剛楝?偶摨琿???蝢拚??????????摰??偶摰??辣撟喲??????偶敺琿?,123,"瘞渡,?,?瘚?瘚瑕",瘝?頛?02-22811484-119,??????
5564,?啣?撣????,?????頝?6??121.3899,25.0808,???,???葉皝?,1009,"瘞渡,?,?瘚?瘚瑕",撘菜摨?26011010#831,??????
5565,?粹?撣??萄?,撖西????曆?銵?2-1??121.7004,25.081,撖西???瘣餃?銝剖?,撖西???60,"瘞渡,?,?瘚?瘚瑕",?喲?憒?02-24518581,??????
5566,?啣?撣?瘣脣?,?噸??瘞詨??楝鈭挾42銋???121.481944,25.081635,瘞詨??咱?砍?撣?瘣餃?銝剖?,?噸??皜???蝢拚?,87,"瘞渡,?,?瘚?瘚瑕",瘝?頛?02-22811484-119,??????
5567,?箏?撣皝?,,?扳???扳?頝?畾?29撌?2??121.5752,25.0817,暻控?葉,皜航?葛?賡???撅梢?,82,"瘞渡,?",敺?憍?27991867#401,??????
5568,?啣?撣?瘣脣?,銝剛楝???頝?07撌?1??121.4675,25.0821,銝剛楝撣?瘣餃?銝剖?,銝剛楝???舫???蝢拚??????葉?舫??????摰??偶摰??辣撟喲?,27,"瘞渡,?,?瘚?瘚瑕",瘝?頛?02-22811484-119,??????
5569,?啣?撣????,皝???瘞?頝?01??121.3729,25.0827,?剜???,皝???蝳?,819,"瘞渡,?,?瘚?瘚瑕",雓???26080766#830,??????
5570,?粹?撣??萄?,?萄????萄?銵?0銋???121.6877,25.0827,?萄???瘣餃?銝剖?,?萄???40,"瘞渡,?,?瘚?瘚瑕",雿蔗??02-24511868,??????
5571,?箏?撣皝?,蝘皝?,??頝臭?畾?1??,121.603982,25.082835,憭扳??砍?,?典?,4950,?,?喟???26586601#216,??????
5572,?啣?撣??∪?,鈭??撌亙?頝???121.4393,25.083,蝡????????撖桅????⊿???蝳??噸?喲?,550,"瘞渡,?瘚?瘚瑕",暺尿??02-22916051#113,??????
5573,?粹?撣??萄?,?萄???憭批噸頝?20??121.6922,25.0832,?萄???瘣餃?銝剖?,?萄???120,"瘞渡,?,?瘚?瘚瑕",蝮賢?銝颱遙??隞?02-24511339,??????
5574,?啣?撣??∪?,鈭???陸頝臭?畾?9撌?5??121.4357,25.0833,鈭??銝剖飛,鈭??蝳??窒???噸瘜圈??偌蝣?,230,"瘞渡,瘚瑕",暺尿??02-22916051#113,??????
5575,?粹?撣???,????勗銵?4??121.7481,25.0833,???瘣餃?銝剖?,???40,"瘞渡,?,?瘚?瘚瑕",??憡?02-24572981,??????
5576,?啣?撣??∪?,鈭???陸頝?畾?9??121.4377,25.0834,鈭??撠飛,鈭????⊿???蝳??銝??蝢拚???敺琿?,2532,"瘞渡,?瘚?瘚瑕",暺尿??02-22916051#113,??????
5577,?粹?撣??萄?,?萄???蝳?銵?36??璅?121.6953,25.0834,?萄???瘣餃?銝剖?,?萄???86,"瘞渡,?,?瘚?瘚瑕",?蝧誨????915653312,??????
5578,?啣?撣?瘣脣?,隞噸??銝?頝?6撌?1撘??1?唬?摰?121.4786,25.0835,鞎∪?瘜犖?箇??腦?箇???散,璅???敺琿???皜???敺琿???蝢拚?,75,"?,?瘚?瘚瑕",瘝?頛?02-22811484-119,??????
5579,?箏?撣皝?,,?箏?撣皝?皜航銵?00??121.5725,25.0836,暻控??,蝝恍?換?????????賡??換?脤????賡?,193,"瘞渡,?,?瘚?,?喳???26574158#511,??????
5580,?箏?撣ㄚ??,,憯急???唳眾?楝3畾?5??121.507,25.0837,?怨???,蝷暹??瘣脤??冗摮??????????????梢??冗??,35,"瘞渡,?",閮梯???02-28129586#831,??????
5581,?粹?撣??萄?,?曄???蝳?銵???121.6987,25.0837,?曄??葉瘣餃?銝剖?,?曄???191,"瘞渡,?,?瘚?瘚瑕",蝮賢?銝颱遙?喲?憍?02-24511158,??????
5582,?箏?撣皝?,,?扳???啣控頝?畾?5??121.5657,25.0838,镼踵???,镼踵??正摰??96鈭綽??鞈???6鈭綽?嚗?76,"瘞渡,?",????27971267#151,??????
5583,?啣?撣?瘣脣?,靽???銝剜迤頝?00??121.47,25.0841,?散??,銝剖????舫???????敺拚??????葉?舫?,2139,"瘞渡,?,?瘚?瘚瑕",瘝?頛?02-22811484-119,??????
5584,?箏?撣皝?,,?箏?撣皝??啣控頝?畾?00??121.5779,25.0841,暻控擃葉,?典?,60,"瘞渡,?",?偶??26570435#400,??????
5585,?啣?撣????,皝???瘞?頝?65??121.3742,25.0844,皝?撣?瘣餃?銝剖?,皝?????,86,"瘞渡,?,?瘚?瘚瑕",暺噸皞?26033111#608,??????
5586,?啣?撣?瘣脣?,靽???銝?頝?5??121.4739,25.0847,?散??祆?,???雿??滓瘙???????敺拚??????????葉?舫???敺琿???摰?,185,"瘞渡,?,?瘚?瘚瑕",瘝?頛?02-22811484-119,??????
5587,?啣?撣???,撖???鈭銵?60??121.490369,25.085115,蝣扯??撠飛,??0,,閮望???02-29862345#493,??????
5588,?啣?撣?瘣脣?,曋箸???瘞?頝???121.4769,25.0853,曋箸???,璅??滓瘙???敺拚??縑蝢拚???敺琿???蝢拚???摰?,1002,"瘞渡,?,?瘚?瘚瑕",瘝?頛?02-22811484-119,??????
5589,?箏?撣皝?,,?箏?撣皝???頝?00??121.5911,25.0853,蝣扳???,???????╡撅梢??皝???瞈梢?,134,"瘞渡,?,?瘚?,?唾帘瘛?27907161#151,??????
5590,?啣?撣?瘣脣?,?????瑕?銵?11??121.4575,25.0857,????,瘞豢??偶摨琿???蝢拚??摰??????偶敺琿?,495,"瘞渡,?,?瘚?瘚瑕",瘝?頛?02-22811484-119,??????
5591,?啣?撣?瘣脣?,璅????郭頝?21撌?1??121.4837,25.0857,?撣?瘣餃?銝剖?,璅??縑蝢拚???皜??儔??,58,"瘞渡,?,?瘚?瘚瑕",瘝?頛?22811484-119,??????
5592,?箏?撣皝?,,?扳????銵?5??121.5601,25.0858,????,镼踹熒?正摰?,30,"瘞渡,?",?找???26583515#1071,??????
5593,?箏?撣皝?,,?扳???啣控頝?畾?7??121.5657,25.0858,镼踵??葉,镼踵??正摰?,106,"瘞渡,?",????27991817#310,??????
5594,?箏?撣ㄚ??,,憯急??蝳葛銵?05??121.5178,25.0862,?暸翩??,蝳葉??皜舫?????137,"瘞渡,?",?迤??02-28817683#850,??????
5595,?粹?撣??萄?,瘜啣???瘜啣?銵?7??121.7114,25.0864,瘜啣???瘣餃?銝剖?,瘜啣???42,"瘞渡,?,?瘚?瘚瑕",閰嫣?鞊?02-24522539,??????
5596,?啣?撣???,撖眼??銝???郭頝?9??121.4931,25.0865,鈭??撠飛,撖眼??蝳??╡?舫??,327,"瘞渡,?,?瘚?瘚瑕",閮望???02-29862345#493,??????
5597,?啣?撣?瘣脣?,靽???銝?頝?6??121.4723,25.0866,銝?擃葉,靽??偌皝喲??滓瘙??????縑蝢拚??偌瘝喲???????摮???摰?,5011,"瘞渡,?,?瘚?瘚瑕",瘝?頛?02-22811484-119,??????
5598,?箏?撣ㄚ??,,憯急???踹噸頝?畾?77??121.523,25.087,?暸翩擃葉,蝢拐縑?????敺琿?,300,"瘞渡,?",?勗蔗??28831568#307,??????
5599,?啣?撣?瘣脣?,銝剖???銝剜迤頝?65??121.4664,25.0871,?散?葉,銝剖???雿??????偶敺琿?,2520,?瘚?瘝?頛?02-22811484-119,??????
5600,?啣?撣???,撖眼??銝???頝臭?畾?56??121.4899,25.0874,?啣?撣??啣?擃葉,鈭虜??蝳???敹???????蟡????舫???鞎湧???蝳??╡?舫????????舫??,4475,"瘞渡,?,?瘚?瘚瑕",閮望???02-29862345#493,??????
5601,獢?撣?蝡孵?,撅梯??瘚瑕控頝?19??121.278634,25.088009,撅梯?葉,撅梯??蝷暸???摮?,500,"瘞渡,?",頞?撜?03-3520000ext.176,??????
5602,?箏?撣皝?,,?扳??憭扳?撅梯?銵?70??121.6003,25.0881,憭扳???,蝘皝??之皝?,175,"瘞渡,?",雿???27915870#51,??????
5603,?粹?撣??萄?,?曄???撖西?頝?63??121.695,25.0881,?曄???瘣餃?銝剖?,?曄???40,"瘞渡,?,?瘚?瘚瑕",雿?蝧?02-24519577,??????
5604,?啣?撣??喳?,?渡?????銋?璈楝69-1??121.8296,25.0889,?渡???,撘????游????儔??蝣拐???101,"瘞渡,?,?瘚?瘚瑕",鞈港蔗??24960450-102,??????
5605,?啣?撣?瘣脣?,甇?儔???旨頝?9??121.4639,25.0893,敹儔??,甇?儔?葉????皜舫????圈?,1106,"?,?瘚?瘚瑕",瘝?頛?02-22811484-119,??????
5606,?啣?撣?甇Ｗ?,?勗???瘙頝臭?畾?79??121.645595,25.089404,?葛??,?勗????折????琿?????????????,1307,"瘞渡,?,?瘚?瘚瑕",摰∠?,02-26411111#120,??????
5607,?箏?撣ㄚ??,銝???敹?頝臭?畾?7??121.5029,25.0898,憭拇?璉????控?痔撅梢???撅梢???撅梢??撅梢???隤??噸銵??噸?舫????????????予蝳??予蟡輸??予憯賡??予???予撅梢??予???予瘥?,150,?,?扳摰?02-25702330#6534,??????
5608,?箏?撣ㄚ??,蝳噸??憯怠?頝???121.5029,25.0898,?箏?撣ㄚ???葉敹?蝳噸?????儔靽⊿???????敹???雿喲???雿單葛??皜舫???銝剝???皜舫??朣⊿??敺琿????舫?????,171,?,?唬蔔瘜?2570-2330頧?428,??????
5609,?箏?撣ㄚ??,,?箏?撣ㄚ??撱嗅像?楝6畾?08??121.5029,25.0898,蝷曉???,撖散?冗?圈??冗???冗摮??偶?恍???摰??????????????梢?,192,"瘞渡,?",蝢陸??28126195#830,??????
5610,?啣?撣?瘣脣?,甇?儔???瑟?頝?35??121.4618,25.0903,曋箸??葉,甇?儔??皜舫??偶璅????圈?,659,"瘞渡,?,?瘚?瘚瑕",瘝?頛?02-22811484-119,??????
5611,?啣?撣??∪?,?陸??敺∪頝?撌?9??121.440224,25.090383,?祆??尹,閫?喲???樴??銝??蝢拚???瘜圈???敺琿?,182,"瘞渡,?,?瘚?瘚瑕",暺尿??02-22916051#113,??????
5612,?啣?撣?瘣脣?,瘞豢???瘞詨像銵???璅?121.4592,25.0904,瘞詨像撣?瘣餃?銝剖?,甇?儔??皜舫??偶璅??偶摨琿?????,151,"瘞渡,?,?瘚?瘚瑕",瘝?頛?02-22811484-119,??????
5613,?粹?撣??萄?,?剖??撌亙遣頝?04撌?7-1??2??121.7015,25.0908,?剖??瘣餃?銝剖?,?剖??48,"瘞渡,?,?瘚?瘚瑕",撱???02-24514632,??????
5614,?啣?撣?瘣脣?,瘞湔像??瘞?頝?88??121.471,25.0915,隞???,瘞湔像?儔???偌瘝喲????????圈???摮?,584,?瘚?瘝?頛?02-22811484-119,??????
5615,?箏?撣ㄚ??,,憯急??銝剜迤頝?10??121.5172,25.0918,?賣?擃葉,敺葛??110,"瘞渡,?",?喃???02-28316675#140,??????
5616,?粹?撣??萄?,?????舀銝頝?9-1??121.6688,25.0921,????瘣餃?銝剖?,????40,"瘞渡,?,?瘚?瘚瑕",?剝,02-24517883,??????
5617,?啣?撣?瘣脣?,瘞湔像??瘞?頝?26撌?7??121.4731,25.0927,瘞湔像撣?瘣餃?銝剖?,瘞湔像?儔???偌瘝喲???摮?,34,"瘞渡,?,?瘚?瘚瑕",瘝?頛?02-22811484-119,??????
5618,?箏?撣ㄚ??,蝳噸???箏?撣ㄚ??憭扳頝?65??121.5251,25.0928,憯急???,隞??儔靽⊿???????敺琿???敹???雿喲???雿單葛??皜舫???銝剝???皜舫??朣⊿??敺琿????舫?????,225,"瘞渡,?",雿?摰?02-28812231#231,??????
5619,?箏?撣ㄚ??,,憯急??銝剜迤頝?45??121.5226,25.0943,憯急??葉,蝳噸??39,"瘞渡,?",憪???02-88613411#500,??????
5620,?啣?撣??∪?,????镼輸頝?63??121.4461,25.0944,??撣?瘣餃?銝剖?,????????敺琿??蝳???瘜圈?,100,"瘞渡,?,?瘚?瘚瑕",暺尿??02-22916051??113,??????
5621,獢?撣?蝡孵?,撅梯??憭批撅勗誨??121.28829,25.09457695,憭批撅勗?頠,撅梯?,200,"瘞渡,?,?瘚?瘚瑕",頞?撜?3241793,??????
5622,?粹?撣??萄?,?瑁????望銵?2??121.7173,25.0949,?粹?擃??極?瑟平摮豢,?瑁???146,"瘞渡,?,?瘚?瘚瑕",?單???02-24566171,??????
5623,?箏?撣ㄚ??,,憯急??憯怠?頝?50??121.5163,25.095,憯急?擃?,敺葛??雿喲?,54,"瘞渡,?",雿???02-28313114#401,??????
5624,?粹?撣??萄?,?瑁????望銵?5??121.718,25.095,?瑁???瘣餃?銝剖?,?瑁???52,"瘞渡,?,?瘚?瘚瑕",憪撖?02-24563563,??????
5625,?箏?撣ㄚ??,蝳????箏?撣ㄚ??蝳?頝?0??121.5303,25.0951,憯急?摰?砍?,?典?,1362,?,?單???28812512#21,??????
5626,?粹?撣???,?正???勗銵?6撌?9??121.738,25.0951,?正??瘣餃?銝剖?,?正??96,"瘞渡,?,?瘚?瘚瑕",?冽?靽?02-24581888,??????
5627,?粹?撣???,蝣孕??蝣銵?00??121.7538,25.0955,蝣孕??瘣餃?銝剖?,蝣孕??85,"瘞渡,?,?瘚?瘚瑕",?儔敹?02-24574591,??????
5628,?粹?撣???,蝣????頝?5撌?36??121.7538,25.0958,蝣??瘣餃?銝剖?,蝣??32,"瘞渡,?,?瘚?瘚瑕",???02-24576802,??????
5629,?粹?撣???,蝣??皞?頝?52撌?5??121.7495,25.0961,蝣?葉,蝣??蝣???蝣???蝣孕??229,"瘞渡,?,?瘚?瘚瑕",?ㄚ憒?02-24586105#31,??????
5630,?粹?撣???,??????銵?81撌?8??121.7354,25.0971,????瘣餃?銝剖?,????60,"瘞渡,?,?瘚?瘚瑕",?喳遣??02-24574808,??????
5631,?粹?撣??萄?,瘞詨像???噸銝頝?84??-4璅?121.7136,25.0978,銝??瘣餃?銝剖?,撖??偶撟喲?瘞詨???150,"瘞渡,?,?瘚?瘚瑕",蝮賢?銝颱遙暺?撜?02-24567116,??????
5632,?啣?撣??∪?,????镼輸頝?67??121.4494,25.0981,??撣?瘣餃?銝剖?,????撌???????敺琿??蝳???鞈ａ???瘜圈?,75,"瘞渡,?,?瘚?瘚瑕",暺尿??02-22916051#113,??????
5633,?粹?撣??萄?,甇??????頝?1??璅?121.7166,25.0983,銝銵憭扳?6璅?甇????甇????200,"瘞渡,?,?瘚?瘚瑕",雓??02-24566171101,??????
5634,?箏?撣ㄚ??,蝳???憯急??蝳?頝?5??121.5297,25.0987,蝳???,蝳???雿喲?,142,"瘞渡,?",??瘚?02-28316293#204,??????
5635,?粹?撣??萄?,瘞詨像??撏銵?3-1??121.7134,25.0995,瘞詨像??瘣餃?銝剖?,瘞詨像?偶摰?,90,"瘞渡,?,?瘚?瘚瑕",?瞍?02-24566659,??????
5636,?箏?撣ㄚ??,,憯急????頝?15撌?0??121.5209,25.0996,????,敺瑁??75,"瘞渡,?",?喃蔗??02-28365411#130,??????
5637,?箏?撣ㄚ??,蝳???撱嗅像?楝7畾?89??121.491108,25.099607,?啗?蝳芸笑,蝳???瘣脤?,100,,?死?葦??02-28100237,??????
5638,?啣?撣??∪?,?????陸頝?畾?93??121.4505,25.0998,????撠飛,?????喲???撌???????樴??銝??敺琿??蝳???鞈ａ?,398,"瘞渡,?,?瘚?瘚瑕",暺尿??02-22916051#113,??????
5639,?粹?撣???,蝣???皞?頝?77撌?3??121.7555,25.0998,蝣???瘣餃?銝剖?,蝣???64,"瘞渡,?,?瘚?瘚瑕",雿?樴?02-24577135,??????
5640,獢?撣之??,瘝???12??1-3??121.222571,25.101094,瘝?蝷曉?瘣餃?銝剖?,瘝???250,瘞渡,????03-3836396,??????
5641,?粹?撣??萄?,?怠噸??憭扯銝頝?7撌?3-4??121.7166,25.1011,?怠噸??砍?,?怠噸??12,"瘞渡,?,?瘚?瘚瑕",雿?鞎?02-24564002,??????
5642,?啣?撣????,皝?????皝???皝?7銋???121.3847,25.1013,皝?撣?瘣餃?銝剖?,皝??云撟喲???撖園???蝳?,73,"瘞渡,?,?瘚?瘚瑕",暺噸皞?02-26033111#608,??????
5643,?粹?撣???,??????銵?6撌?1??121.7373,25.1015,????瘣餃?銝剖?,????64,"瘞渡,?,?瘚?瘚瑕",?瘝?02-24573552,??????
5644,?粹?撣??萄?,?芸撥???芸撥頝???121.7122,25.1022,?芸撥??瘣餃?銝剖?,?芸撥??44,"瘞渡,?,?瘚?瘚瑕",撘萎???02-24569686,??????
5645,獢?撣?蝡孵?,瘚瑟???瘚瑟??梯楝191撌?5??121.26754,25.10233,瘚瑟???,瘚瑟??????,450,"瘞渡,?",頞?撜?03-3520000ext.176,??????
5646,?箏?撣ㄚ??,,憯急???唾?頝?畾?2撌?0??121.5352,25.1027,?刻??,撗拙控??46,"瘞渡,?",敺憡?28311004頧?31,??????
5647,?箏?撣ㄚ??,,憯急??撱嗅像?楝7畾?50??121.4874,25.1033,蝳??葉,蝳???30,"瘞渡,?",?⊥??02-28108766#140,??????
5648,?箏?撣ㄚ??,?冽漯???箏?撣ㄚ???喳?頝?畾?60??121.5555,25.1035,?喳??葉,?冽漯??撅梢??像蝑?,170,"瘞渡,?",????02-2841#1350#40,??????
5649,獢?撣之??,蝡孵???2?啁姘??3??121.244253,25.103671,蝡孵???,蝡孵??絲???,700,"瘞渡,?",??瞉斤???03-3835079#520,??????
5650,?啣?撣??喳?,?????憭批?頝?5??121.7628,25.1037,???,???????銝予??403,"瘞渡,?,?瘚?瘚瑕",撘菔郭??24576405-614,??????
5651,?箏?撣???,,??????楝77??121.5165,25.1045,銝剜迤擃葉,撱箸???109,"瘞渡,?",???02-28234811#500,??????
5652,獢?撣之??,蝡孵???8?啁姘??90-6??121.241682,25.104511,蝡孵?蝷曉?瘣餃?銝剖?,蝡孵???160,瘞渡,敺噸?,952343988,??????
5653,?粹?撣???,?葛???葛頝?4??121.7383,25.1049,?葛??瘣餃?銝剖?,?葛??60,"瘞渡,?,?瘚?瘚瑕",?單?瘙?02-24581566,??????
5654,?啣?撣甜撖桀?,????雿?撱正?痔撖?121.921149,25.105105,雿?撱正?痔撖?????62,瘚瑕,?喲??潦?桃噬,02-24903410??2-24991601#255,??????
5655,?箏?撣ㄚ??,,憯急??敹儔銵???121.5299,25.1053,?刻噙??,?控??撅梢???隤?,124,"瘞渡,?",?剝?瘥?2832-9700#101,??????
5656,?啣?撣??喳?,????銝摮?頝?79-2??121.8135,25.1056,?芸陸?暑?葉敹??啣陸???芸陸??162,"瘞渡,?,?瘚?瘚瑕",暺?撜?24977059,??????
5657,?箏?撣ㄚ??,,?箏?撣ㄚ??撱嗅像?楝8畾?35??121.4824,25.1058,撖???,撖散??50,"瘞渡,?",撘萄??02-28103192#631,??????
5658,?箏?撣???,,??????楝155??121.5147,25.1059,????,???遣瘞?,300,"瘞渡,?",??蝝?02-28234212#400,??????
5659,?箏?撣ㄚ??,,憯急??銝剔冗頝?畾?6??121.5638,25.1061,?漯??,蝧控??30,"瘞渡,?",?單???02-28411038#25,??????
5660,?啣?撣??喳?,???????楝245撌?-1??璅?121.788,25.1065,??撣?瘣餃?銝剖?,????231,"瘞渡,?,?瘚?,瞏予鞈?24975222,??????
5661,?啣?撣??喳?,蝳???雿?撌???121.841768,25.106736,蝳?撣?瘣餃?銝剖?,蝳???53,"瘞渡,?瘚?,?遣??24972250-1104,??????
5662,?啣?撣??喳?,?啣控????頝?41??1,121.8515,25.107,?啣控?暑?葉敹??啣控??41,?瘚?????24961399,??????
5663,?啣?撣??喳?,瘞豢????撏?頝?45??121.8434,25.1071,銋遢??,?箏控??撏???瘞豢??蝳???噸??172,"瘞渡,?,?瘚?瘚瑕",?抒??24972263-22,??????
5664,?粹?撣??萄?,?????舀鈭楝21??121.6655,25.1073,敺抵???,????35,"瘞渡,?,?瘚?瘚瑕",璆???02-24515601頧?0,??????
5665,?箏?撣???,,????噸頝?0??121.5183,25.1075,?噸?葉,?喟???88,"瘞渡,?",????28232539-601,??????
5666,?啣?撣??喳?,?啣陸????銝摮?頝???121.8145,25.1075,??葉,?啣陸???芸陸??1826,"瘞渡,?,?瘚?瘚瑕",?喟晶瘣?24972145-230,??????
5667,?啣?撣??喳?,樴?????頝?畾???121.809092,25.107577,??撣?瘣餃?銝剖?,??,580,"瘞渡,?瘚?,瞏縑蝘,24972250-1202,??????
5668,?粹?撣???,?怠??皞?頝?0??121.7329,25.1077,?粹?擃葉,?正??????????????怠???思葉???怨正???怠???347,"瘞渡,?,?瘚?瘚瑕",?偶??02-24582052#240,??????
5669,?啣?撣??∪?,閫?喲?,?頝臭?畾?7銋???121.43072,25.107778,閫?喳?瘞暑?葉敹?閫?喲???鞈ａ?,149,"瘞渡,?,?瘚?瘚瑕",暺尿??02-22916051#113,??????
5670,?啣?撣??喳?,樴蔬????銝剖控頝???121.8039,25.1079,???,樴蔬??樴???樴???樴????勗???447,"瘞渡,?,?瘚?瘚瑕",撠?瘛?2491-2508,??????
5671,?啣?撣????,?窄??22??121.3393,25.1083,?窄??,?窄??蝳?,425,"瘞渡,?,瘚瑕",?蝡?26052716#830,??????
5672,?箏?撣ㄚ??,,憯急??蝤箸漯57??121.5231,25.1084,?剝???,?剛????,30,"瘞渡,?",?勗遣??02-28366052#206,??????
5673,?粹?撣???,?怠???皞?頝?7??121.7324,25.1086,?怠???瘣餃?銝剖?,?怠???66,"瘞渡,?,?瘚?瘚瑕",?喟╡??02-24562205,??????
5674,獢?撣之??,瘚瑕??4??7-1??璅?121.241381,25.108652,瘚瑕蝷曉?瘣餃?銝剖?,瘚瑕??350,瘞渡,??暻?03-3933389,??????
5675,?啣?撣??喳?,樴?????Ｙ頝?2??121.8095,25.1088,???祆?,樴??樴蔬??樴???樴控??樴???115,"瘞渡,?,?瘚?瘚瑕",撘萄???02-24972250-1206,??????
5676,?粹?撣???,?思葉???銵?04??121.7296,25.1096,?思葉??瘣餃?銝剖?,?思葉??42,"瘞渡,?,?瘚?瘚瑕",靽???02-24568920,??????
5677,?粹?撣??萄?,?芸???憭扳?銵???121.6899,25.1099,?芷??瘣餃?銝剖?,?芸???46,"瘞渡,?,?瘚?瘚瑕",閰寥?憡?02-24565663頧?0,??????
5678,?箏?撣ㄚ??,,?箏?撣ㄚ??敺瑁??梯楝285??121.5364,25.1104,?控??,撗拙控??撅梢???撅梢???撅梢??撅梢???隤??噸銵??噸?舫????????????予蝳??予蟡輸??予憯賡??予???予撅梢??予???予瘥???40,"瘞渡,?",??遣??02-28316115#240,??????
5679,?啣?撣??喳?,樴控?????銵?0??121.8036,25.1104,?擃極,樴???樴控??1360,"瘞渡,?,?瘚?瘚瑕",?單??24972516-201,??????
5680,?箏?撣ㄚ??,,憯急??敹?頝?畾?1??121.531,25.1106,?剝??葉,銝????,130,"瘞渡,?",敺???02-28329377#500,??????
5681,?粹?撣???,?怨正???怠頝?5-2??121.7361,25.1106,?怨正??瘣餃?銝剖?,?怨正??10,"瘞渡,?,?瘚?瘚瑕",?狠璁?02-24573066,??????
5682,?啣?撣??喳?,?控????蟡?頝?3??121.86,25.1107,?豢??????喳?,50,"瘞渡,?,?瘚?瘚瑕",?喳飭??24961273,??????
5683,?啣?撣??喳?,?控????鈭?頝?06??121.8569,25.1111,?控??,?控???啣控???控???喳控??232,"瘞渡,?,?瘚?瘚瑕",暺???24962036-168,??????
5684,?箏?撣???,,????噸頝?90??121.5218,25.1121,?噸??,璁株??瘞?,109,"瘞渡,?",?喳?蝳?02-28229651#1122,??????
5685,?啣?撣甜撖桀?,????樴?銵?-9??121.9193,25.1123,????,????117,"瘞渡,?,?瘚?瘚瑕",暺振鋆?02-24909431#18,??????
5686,?啣?撣甜撖桀?,????雿?撱正?湧???121.919336,25.112326,雿?撱正?湧???????62,瘚瑕,?喲??潦?桃噬,02-24903410??2-24941601#255,??????
5687,?啣?撣????,銝???銝?10銋???121.3126,25.1124,????,銝???撟喲?,735,"瘞渡,?,?瘚?瘚瑕",撱???2606-2895#200,??????
5688,?啣?撣?甇Ｗ?,?琿???瘞豢銝頝???121.603216,25.112499,蝧??唳?摰?銝剖?-??憭扳?,?琿????折?????,203,"瘞渡,?,?瘚?瘚瑕",摰∠?,02-26411111#120,??????
5689,?粹?撣??萄?,?怠噸???怠噸頝?0??121.7279,25.1129,?怠噸??瘣餃?銝剖?,?怠噸??14,"瘞渡,?,?瘚?瘚瑕",雿?鞎?02-24564002,??????
5690,?箏?撣???,,?箏?撣????喟?頝?畾?39??121.5142,25.1149,?喟??葉,瘞豢????拚???鞈ａ??旨????瘞????????園??散蝢??遣瘞??????旨?舫???舫??偶甈????舫???颲脤??????鞈ａ?,100,"瘞渡,?",????02-28224682#250,??????
5691,?箏?撣???,,????湧?2頝?0??121.5117,25.1157,?喟???,撠郭???拚?,112,"瘞渡,?",擃?蝳?02-28227484#331,??????
5692,?箏?撣ㄚ??,,憯急??憭拇??梯楝116??121.5373,25.118,銝???,銝??予??,30,"瘞渡,?",暺???02-28751369#717,??????
5693,?箏?撣ㄚ??,,憯急??憭拇??梯楝120??121.5381,25.118,憭拇??葉,銝??予撅梢?,99,"瘞渡,?",憿???02-28754864#243,??????
5694,?粹?撣???,敺瑕????旨頝?21??121.7439,25.1194,?旨??,樴??噸???脫偌?隞?,165,"瘞渡,?,?瘚?瘚瑕",蝧?摰?02-24223038,??????
5695,?箏?撣???,,???蝡噙銵?畾?50??121.5053,25.1195,蝡噙??,蝡噙??30,"瘞渡,?",璆晶朣?02-28210702#300,??????
5696,?箏?撣ㄚ??,,憯急??憭拍?銵?2??121.5274,25.1197,憭拇???,憭拍??予瘥?,100,"瘞渡,?",暺???02-28740889,??????
5697,?箏?撣ㄚ??,?啣????箏?撣ㄚ???啣??趕敺瑕之??畾?61 ??121.5529,25.1198,?賣?撅勗?撠??啣??????撅梢??擗券??偶蝳?,50,"瘞渡,?,?瘚?,?單迤??28614832#131,??????
5698,?箏?撣ㄚ??,皞芸控???箏?撣ㄚ???喳?頝臭?畾?99??121.5796,25.1198,皞芸控??,皞芸控??50,"瘞渡,?,?瘚?,??銝?02-28411010#17,??????
5699,?箏?撣???,,????亥?頝?12??121.4673,25.1199,?腹?葉,?腹??30,"瘞渡,?",璆???02-28581770#50,??????
5700,?粹?撣???,?脖????旨頝?69撌?8銋???121.744,25.1204,?脖???瘣餃?銝剖?,?脖???25,瘚瑕,????24301122 ext.307,??????
5701,?啣?撣??喳?,?勗???銝剖控頝?0??121.8879,25.1204,?勗?撣?瘣餃?銝剖?,?勗???95,"瘞渡,?瘚?,?冽邦??24972704,??????
5702,?啣?撣??喳?,??圈?,??頝?-1??121.868114,25.120447,憡?撱?瞈??82,?瘚?暺?敺?24961757,??????
5703,?啣?撣??喳?,?膨???膨頝?4??121.820317,25.120495,?膨??,?膨??瘛望噫??瘚瑟膨??877,"瘞渡,?,?瘚?瘚瑕",???24978184,??????
5704,?啣?撣??喳?,曌駁????曌駁頝?9??121.9194,25.1208,曌駁??,???撒?剖?,251,"瘞渡,?,?瘚?瘚瑕",??鞎?24911571-13,??????
5705,?粹?撣?璅?,曊舀????粹?撣?璅?摰?頝臭?畾萎??剖???璅?121.7232,25.121,曊舀???瘣餃?銝剖?,曊舀???127,"瘞渡,?,?瘚?瘚瑕",雿脣?,02-24319835,??????
5706,?粹?撣?璅?,曊臬????粹?撣?璅?摰?頝臭?畾萎??剖???璅?121.7232,25.1211,摰???祆?鈭?蝳桀?,曊臬???76,"瘞渡,?,?瘚?瘚瑕",擏望?蝡?02-24312118,??????
5707,?啣?撣??喳?,?膨????撱箏頝?畾?銋???121.8205,25.1212,?膨撣?瘣餃?銝剖?,瘛望噫???膨??瘚瑟膨??115,"瘞渡,?,?瘚?,?⊿摰?24976599,??????
5708,?粹?撣?璅?,憯航????粹?撣?璅?璅鈭?62撌?82?銝惜,121.7155,25.1213,憯航???瘣餃?銝剖?,憯航???30,"瘞渡,?,?瘚?瘚瑕",璆溶??02-24342001,??????
5709,?箏?撣ㄚ??,皞芸控??皞芸控??楝3畾?81撌?撘???121.5773,25.1214,?桀???皞芸控??0,"瘞渡,?",??啣葦??2841-3393,??????
5710,?粹?撣??萄?,?芣??憭批?銵?9-3??121.6984,25.1219,?芣??瘣餃?銝剖?,?芣??56,"瘞渡,?,?瘚?瘚瑕",????02-24565293,??????
5711,?啣?撣??喳?,?瘣?,????頝?01撌?0??121.8598,25.1223,瞈???,瞈???228,"瘞渡,?,?瘚?瘚瑕",?蔗??24961330-12,??????
5712,?粹?撣?璅?,銝郭???粹?撣?璅?摰?銝銵???121.7231,25.1228,銝郭??瘣餃?銝剖?,銝郭??54,"瘞渡,?,?瘚?瘚瑕",?撖?02-24323787,??????
5713,?粹?撣???,?????銵?9銋???121.7442,25.1233,????瘣餃?銝剖?,????40,"瘞渡,?,?瘚?瘚瑕",?暑頠?24301122 ext.319,??????
5714,?粹?撣縑蝢拙?,,瘛望噫?楝256-1??121.7913,25.1236,摮瓷??瘣餃?銝剖?,摮瓷??43,"瘞渡,?,?瘚?瘚瑕",?喟??02-24662675,??????
5715,?箏?撣ㄚ??,?啣????啣?頝?5??121.553582,25.124093,?啣??????,?啣???45,?瘚?雿?甈賡???02-28623615,??????
5716,?粹?撣???,??????頝?0??121.7367,25.1241,???賊?臬???瘣餃?銝剖?,????ａ?,42,"?,?瘚?瘚瑕",???迂?,24301122 ext.308,??????
5717,?粹?撣?璅?,鈭????粹?撣?璅?璅銝?34撌?2??121.7136,25.1249,?瑟???擗輒?征??鈭???101,"瘞渡,?,?瘚?瘚瑕",蝮賢?銝颱遙蝳寥???02-24323252,??????
5718,?粹?撣???,?????頝?8??璅?121.7367,25.1252,隞???祆?,?賊??67,"瘞渡,?,?瘚?瘚瑕",?勗遣??24301122 ext.205,??????
5719,?粹?撣???,?????頝?8??璅?121.7367,25.1252,???瘣餃?銝剖?,???70,"瘞渡,?,?瘚?,?暑頠?24301122 ext.315,??????
5720,?粹?撣???,???,??頝?5撌???121.7389,25.1253,???瘞暑?葉敹????,49,"?,?瘚?,?喟???24301122 ext.308,??????
5721,?粹?撣???,????敺抵?銵?0撌???121.7525,25.1254,????瘣餃?銝剖?,????60,"瘞渡,?,?瘚?瘚瑕",????02-24301122 ext.313,??????
5722,?啣?撣??,銝???銝?摮8-3??121.3883,25.1257,?瑕?撣?瘣餃?銝剖?,銝????,100,"瘞渡,?,?瘚?,暺?摰?02-26102621117,??????
5723,?啣?撣??,?瑕????瑕???5??121.3905,25.1257,?瑕???,?瑕???蝵?,224,"瘞渡,?,?瘚?瘚瑕",鞈港?隞?26102237113,??????
5724,?啣?撣楚瘞游?,蝳噸???芸撥頝?3??121.464,25.1257,蝡孵????芸撥?,蝳噸??207,"?瘚?瘚瑕",?喟╡??02-28093245,??????
5725,?粹?撣?璅?,?雁???粹?撣?璅?摰?銝銵?鈭銋???121.7239,25.1258,?雁??瘣餃?銝剖?,?雁??60,"瘞渡,?,?瘚?瘚瑕",?????02-24335805,??????
5726,?粹?撣???,蝳????旨頝?17撌?1撘???121.7438,25.1258,蝳???瘣餃?銝剖?,蝳???隞?,34,"瘞渡,?,?瘚?瘚瑕",?唾???24301122 ext.319,??????
5727,?粹?撣?璅?,?瑟????粹?撣?璅?璅銝?30撌?23??121.7116,25.1261,?瑟???瘣餃?銝剖?,?瑟????,212,"瘞渡,?,?瘚?瘚瑕",蝮賢?銝颱遙蝳寥???02-24323252,??????
5728,?粹?撣?璅?,銝????粹?撣?璅?暻仿?頝?39撌???121.719,25.1261,銝???瘣餃?銝剖?,銝???89,"瘞渡,?,?瘚?瘚瑕",閮梯???02-24345158,??????
5729,?粹?撣???,????隞?頝?37撌?撘?銋???121.7459,25.1261,????瘣餃?銝剖?,????74,"?,?瘚?瘚瑕",????24301122 ext.316,??????
5730,?粹?撣縑蝢拙?,,?望?頝?7撌?8??121.7617,25.1262,蝳桀???瘣餃?銝剖?,蝳桀???15,"?,?瘚?瘚瑕",?剝?敺?02-24654871,??????
5731,?箏?撣???,,???銝剖亢?楝4畾?81??121.4668,25.1268,?腹??,?腹??110,"瘞渡,?",????02-28912847#241,??????
5732,?箏?撣???,,?????頝?20??121.5076,25.1269,皜???,皜??之??,30,"瘞渡,?",擃???02-28912764#300,??????
5733,?粹?撣縑蝢拙?,,瘛望噫?楝75??121.7854,25.1269,摮楛??瘣餃?銝剖?,摮楛??52,"瘞渡,?,?瘚?瘚瑕",?唾???02-24651433,??????
5734,?粹?撣縑蝢拙?,,?望?頝?7撌???121.7624,25.127,蝳格??瘣餃?銝剖?,蝳格??24,"瘞渡,?,?瘚?瘚瑕",鞈渲?瘜?02-24659320,??????
5735,?粹?撣縑蝢拙?,,?曹縑頝?5撌?7??璅?121.767,25.127,?望???瘣餃?銝剖?,?望???27,"?,?瘚?瘚瑕",鞈渲郭蝢?02-24651989,??????
5736,?粹?撣???,????隞?頝?0??璅?121.7411,25.1271,????瘣餃?銝剖?,??????,20,"瘞渡,?,?瘚?,鞈渡???24301122 ext.312,??????
5737,?粹?撣???,?????頝?撌?2銋???121.7438,25.1271,???瘣餃?銝剖?,???30,"瘞渡,?,?瘚?瘚瑕",?勗?瘥?02-24301122 ext.312,??????
5738,?粹?撣???,?箔???撱嗅像銵???121.7486,25.1272,?箔???瘣餃?銝剖?,?箔???74,"?,?瘚?,?喳遣隞?24301122 ext.308,??????
5739,?粹?撣???,?勗??????唾楝11撌?4撘???121.7518,25.1272,?勗??暑?葉敹??勗???26,"瘞渡,?,?瘚?,?∠暻?24301122 ext.308,??????
5740,?粹?撣???,敹???隞?頝?撌?撘?-1??121.7445,25.1274,?啣???瘞暑?葉敹?敹???30,"瘞渡,?,?瘚?瘚瑕",雓???905721731,??????
5741,?粹?撣???,敹?????頝?撌?2??121.745,25.1274,敹???瘣餃?銝剖?,敹???30,"?,?瘚?瘚瑕",雓???24301122 ext.312,??????
5742,?粹?撣縑蝢拙?,,隞?頝?撌?1??121.7544,25.1275,?箸??瘣餃?銝剖?,?箸?隤?,54,"?,?瘚?,?∠???02-24227999,??????
5743,?粹?撣???,?噸???芯?銵?3撌?銋???121.739,25.1276,?噸??瘣餃?銝剖?,?噸??29,"?,?瘚?,暺??24301122 ext.309,??????
5744,?粹?撣???,????隞?頝?39??121.746,25.128,隞???,?箔?????敹???171,"瘞渡,?,?瘚?,?喳遣摰?02-24289131,??????
5745,?粹?撣???,??????頝???璅?7,121.7408,25.1282,????瘣餃?銝剖?,????53,"瘞渡,?,?瘚?,?喲?摰?24301122 ext.316,??????
5746,?粹?撣???,?寞???隞?頝?3??121.7498,25.1282,?寞?瘞湧?臬???瘣餃?銝剖?,?寞??偌?阡?,62,"瘞渡,?,?瘚?,?勗?瘥?輸?,24301122ext.311.308,??????
5747,?粹?撣???,??????銝頝?33撌???121.7362,25.1283,????瘣餃?銝剖?,????85,"?,?瘚?,?喳振暻?24301122 ext.310,??????
5748,?啣?撣????,憭芸像??敺?頝?4銋???121.3493,25.1284,?像??,憭芸像??撟喋?蝳???撖園?,219,"瘞渡,?,?瘚?,暺縑皞?26052779#13,??????
5749,?粹?撣縑蝢拙?,,靽∩?頝???璅?121.7553,25.1285,蝢拇???瘣餃?銝剖?,蝢拇???71,"瘞渡,?,?瘚?,?????02-24235023,??????
5750,?粹?撣??萄?,?芾正??憭扯銝楝75銋???121.6774,25.1286,?芾正??瘣餃?銝剖?,?芾正??73,"瘞渡,?,?瘚?瘚瑕",??樴?02-24564665,??????
5751,?粹?撣縑蝢拙?,,?曹縑頝?0-2??121.7681,25.1286,?勗???瘣餃?銝剖?,?勗???78,"?,?瘚?瘚瑕",?擉?02-24655474,??????
5752,?粹?撣???,?啣???摮?頝?00銋???璅???,121.7406,25.1287,?啣???瘣餃?銝剖?,?啣???34,"瘞渡,?,?瘚?,?喲?摰?24301122 ext.316,??????
5753,?粹?撣縑蝢拙?,,靽∩?頝???璅?121.7575,25.1287,蝢拙???瘣餃?銝剖?,蝢拙???71,"瘞渡,?,?瘚?瘚瑕",?⊿???02-24654065,??????
5754,?粹?撣???,?◢??摮?頝?9??璅?2摰歹?敹?憭扳?嚗?121.7394,25.1289,?◢??瘣餃?銝剖?,?◢??13,"瘞渡,?,?瘚?瘚瑕",暺?璇?24301122 ext.307,??????
5755,?箏?撣ㄚ??,,憯急??撟喟??像??101??121.5763,25.1291,撟喟???,撟喟???20,"瘞渡,?",???02-28610503#12,??????
5756,?粹?撣縑蝢拙?,,靽∩?頝?0-1??121.7569,25.1293,撣?擃擗?頧??,817,"?,?瘚?,?慰??02-24275518 ext.22,??????
5757,?粹?撣縑蝢拙?,,靽∩?頝?57??121.7526,25.1294,蝢拇??瘣餃?銝剖?,蝢拇??118,"?,?瘚?,樴縑雓,02-24249039,??????
5758,?粹?撣葉撅勗?,?啣遣????鈭楝2銋???121.7373,25.1295,?啣遣??瘣餃?銝剖?,?啣遣??20,"瘞渡,?,?瘚?瘚瑕",擃???02-24260823,??????
5759,?粹?撣縑蝢拙?,,靽∩?頝?79??121.7513,25.1295,?粹?撣縑蝢拙??祆?,頧??,117,"瘞渡,?,瘚瑕",?單???02-24282101#204,??????
5760,?啣?撣??喳?,瘛望噫??瘛望噫頝?7 銋???121.817974,25.129623,瘛望噫??瘞暑?葉敹?瘛望噫??113,"瘞渡,?瘚?,鞈港縑蝘,24972250-1202,??????
5761,?粹?撣???,隞噸??摮?頝?2銋???璅???,121.7412,25.1297,隞噸??瘣餃?銝剖?,隞噸??36,"?,?瘚?,暺?璇?24301122 ext.307,??????
5762,?粹?撣縑蝢拙?,,?曹縑頝?58撌?4??121.7627,25.1298,?曹縑??瘣餃?銝剖?,?曹縑??36,"?,?瘚?瘚瑕",鞈游孝蝬?224684012,??????
5763,?粹?撣?璅?,瘞詨熒???粹?撣?璅?摰?頝?77撌?3??121.7302,25.1302,摰???瘣餃?銝剖?,瘞詨熒??隞?,274,"瘞渡,?,?瘚?瘚瑕",蝮賢?銝颱遙??蝧?嚗?2嚗?4220814#30??1,??????
5764,?粹?撣縑蝢拙?,,?勗陸銵?54??121.7767,25.1305,摮噸??瘣餃?銝剖?,摮噸??57,"瘞渡,?,?瘚?瘚瑕",?勗???022466-7566,??????
5765,?粹?撣???,????摮?頝?0銋????豢?銝?,121.7385,25.1307,????瘣餃?銝剖?,????36,"?,?瘚?,暺??24301122 ext.309,??????
5766,?粹?撣縑蝢拙?,,靽∩?頝?46撌?2??121.7508,25.1307,隞儔??瘣餃?銝剖?,隞儔??37,"瘞渡,?,?瘚?,????02-24287750,??????
5767,?粹?撣葉撅勗?,摰???摰?頝?4??121.7361,25.1309,摰???瘣餃?銝剖?,摰???50,"瘞渡,?,?瘚?瘚瑕",蝢敺?02-24248836,??????
5768,?箏?撣ㄚ??,,憯急??隞啣噸憭折?4畾?5??121.5468,25.1311,?潸?葉,?賣???撅梢?,47,"瘞渡,?",擃???02-28610079#107,??????
5769,?粹?撣葉撅勗?,镼輯??镼踹?頝?02??121.7354,25.1317,镼輯??瘣餃?銝剖?,镼輯??20,"瘞渡,?,?瘚?瘚瑕",?喲???02-24263535,??????
5770,?粹?撣?璅?,摰????粹?撣?璅?摰?頝臭?銝?撌瑕遛銝?1??121.7319,25.1318,摰???隞?瘞暑?葉敹?摰???隞???銝??140,"瘞渡,?,?瘚?瘚瑕",蝡交?曀?02-24224479,??????
5771,?粹?撣葉撅勗?,摰像??銝剖控銝頝?1??121.7377,25.1319,摰像??瘣餃?銝剖?,摰像??25,"瘞渡,?,?瘚?瘚瑕",璆旨鞊?02-24235071,??????
5772,?啣?撣??,樴???樴???蝐唾楝1畾?23??121.4511,25.132,樴掖撣?瘣餃?銝剖?,樴???125,"瘞渡,?,?瘚?,敺???02-26181246,??????
5773,?粹?撣縑蝢拙?,,甇?縑頝?6??121.7605,25.1321,?曹縑??,靽∠???160,"瘞渡,?,?瘚?瘚瑕",?縑??02-24652133 ext.30,??????
5774,?粹?撣?璅?,撟脣????粹?撣?璅?摰?頝?78撌?1銋???121.7296,25.1324,撟脣???瘣餃?銝剖?,撟脣???200,"瘞渡,?,?瘚?瘚瑕",靽???02-24237172,??????
5775,?箏?撣???,,?箏?撣撣?30??璅?121.5024,25.1325,????瘞暑?葉敹?皜??隞澈瘜?撗?90,"瘞渡,?",撠斗?蝳?2891-2105#221,??????
5776,?粹?撣葉撅勗?,镼踵旨??镼踹?頝?0撌?8??121.7363,25.1332,镼踵旨??瘣餃?銝剖?,镼踵旨??50,"瘞渡,?,瘚瑕",閮梁???02-24282233,??????
5777,?粹?撣?璅?,摰????粹?撣?璅?摰?頝?60??121.7333,25.1336,摰?擃葉瘣餃?銝剖?,摰???175,"瘞渡,?,?瘚?瘚瑕",???224236600,??????
5778,?箏?撣???,,?箏?撣???銝剖亢?楝1畾?73??121.5003,25.1342,????,憭批??葉憭桅??葉摨賊??葉????????撟湧???皞???敺琿??摰???皜⊿??隞?,195,"瘞渡,?",瘝?敹?02-28912052#131,??????
5779,?箏?撣???,,???皞急?頝?2??121.5042,25.1345,???葉,皞急???30,"瘞渡,?",撘菜?蝢?02-28912091#400,??????
5780,?粹?撣葉撅勗?,銝剖控??銝剖控銝頝?19??璅?121.7394,25.1345,銝剖控??瘣餃?銝剖?,銝剖控??40,"瘞渡,?,?瘚?瘚瑕",撘菟???02-24242334,??????
5781,?粹?撣葉撅勗?,瘞祥??銝剖控銝頝?19??璅?121.7395,25.1345,瘞祥??瘣餃?銝剖?,瘞祥??40,"瘞渡,?,?瘚?瘚瑕",?質瓷瞈?02-24234213,??????
5782,?粹?撣縑蝢拙?,,撏?銵?33?銝恕,121.7683,25.1345,?勗???瘣餃?銝剖?,?勗???107,"瘞渡,?,?瘚?瘚瑕",暺???02-24650489,??????
5783,?箏?撣???,,???銝剖亢?楝4畾?8??121.4773,25.1347,獢??葉,獢???敺琿?,55,"瘞渡,?",?璆?02-28929633#241,??????
5784,?粹?撣葉甇??,皜舫?,蝢拐?頝?7??璅?1,121.7467,25.1347,皜舫?甇?儔??瘣餃?銝剖?,皜舫??迤蝢拚?,26,"瘞渡,?,?瘚?,蝪⊿脩?妤?怨郭,02-24201335/24224901,??????
5785,?啣?撣??,樴???樴掖頝臭?畾?63??121.4496,25.1348,蝘???憟喃葉,樴??掖??,902,"瘞渡,?,?瘚?瘚瑕",?喟???26182287115,??????
5786,?粹?撣葉甇??,靽∠儔??靽∪頝?1??璅?121.7477,25.135,靽∠儔??瘣餃?銝剖?,靽∠儔?儔???噸蝢拚?,61,"瘞渡,?,?瘚?,瘙溶銝?02-24256399,??????
5787,?啣?撣????,憭芸像??瘙32??121.366375,25.135255,憭芸像撣?瘣餃?銝剖?,憭芸像??撟喲?,82,"瘞渡,?,?瘚?瘚瑕",暺噸皞?2603-3111#608,??????
5788,?粹?撣葉甇??,?啗????啗?銵?82??璅?121.7852,25.1356,?啗???瘣餃?銝剖?,?啗???23,"瘞渡,?,?瘚?瘚瑕",?蝡?02-24693885,??????
5789,?粹?撣葉甇??,銝剛??銝剛頝?6撌???121.7511,25.1357,銝剜迤??瘣餃?銝剖?,銝剛??寥??迤?寥?,270,"?,?瘚?瘚瑕",蝮賢?銝颱遙??摰?02-24223064#30,??????
5790,?粹?撣?璅?,?祚???粹?撣?璅??粹?銝頝?1??121.7203,25.136,?祚??瘣餃?銝剖?,?祚??74,"瘞渡,?,?瘚?瘚瑕",?????022433-6691,??????
5791,?粹?撣?璅?,镼踹????粹?撣?璅??啗正銵???121.7322,25.1365,镼踹???瘣餃?銝剖?,镼踹???70,"瘞渡,?,?瘚?瘚瑕",??隤?02-24247319,??????
5792,?箏?撣???,,?????3頝???121.4967,25.1371,????,????撟湧?,30,"瘞渡,?",?⊿???02-28933828#131,??????
5793,?粹?撣葉撅勗?,镼踹???镼踹?頝?30??璅?121.7323,25.1371,镼踹???瘣餃?銝剖?,镼踹???100,"瘞渡,?,?瘚?瘚瑕",?單?摰?02-24270156,??????
5794,?粹?撣葉撅勗?,銝剛???銝剖控鈭楝11??121.7407,25.1371,銝剛???瘣餃?銝剖?,銝剛???40,"瘞渡,?,?瘚?瘚瑕",?脩,02-24279141,??????
5795,?粹?撣葉甇??,,銝剛頝?1??璅?121.7503,25.1374,銝?????瘞暑?葉敹??亥?迤?寥?,40,"瘞渡,?瘚?,瘙???02-24271535,??????
5796,?粹?撣?璅?,憭祚???粹?撣?璅??粹?銝頝?29撌?-1??121.7111,25.1375,憭祚??瘣餃?銝剖?,憭祚??70,"瘞渡,?,?瘚?瘚瑕",?唾?瘙?02-24335651,??????
5797,?啣?撣楚瘞游?,瘞???瘞?頝?7??121.4613,25.138,瘞?瘣餃?銝剖?,蝡孵???敺琿???甈????????,72,"瘞渡,?,?瘚?,????02-26221020#7710,??????
5798,?箏?撣???,,銝剖亢?楝鈭挾70??121.4929,25.1381,敺抵?撏??,????撟湧?撟單??潛旨?葉甇???嗅捆200鈭綽?銝????摮貊?摰輯??暸?璅?舀摰?11鈭?200,"瘞渡,?",??甈賢???02-28925125,??????
5799,?粹?撣葉甇??,銝剜迤???啣?撣???銝剖亢?楝鈭挾70??121.492879,25.138105,敺抵?撏??,?粹?撣??萄??芣?镼輸???鈭?,361,,??甈賢???23116117??604380,??????
5800,?箏?撣???,,?箏?撣????唳?頝???121.5052,25.1383,?訾???,蝔駁??之撅舫??葉敹?,164,"瘞渡,?,?瘚?,??撖?02-28914537#34,??????
5801,?箏?撣???,,?箏?撣????唳?頝?0??121.5065,25.1389,?唳??葉,????撅梢?????,207,"瘞渡,?,?瘚?,?喃蔔暾?02-28979001#500,??????
5802,?箏?撣???,????喟?頝臭?畾?9撌?00??121.5065,25.1389,?箏?撣????葉敹?????園???鞈ａ?,384,?,?唬蔔瘜?2570-2330頧?428,??????
5803,?箏?撣???,銝剖????箏?撣???銝剖?銵?00??121.5024,25.139,敺抵??砍?,?典?,3623,?,璆脰?,28832130#111,??????
5804,?粹?撣葉甇??,????隤踹?銵???璅?121.7965,25.1391,????瘣餃?銝剖?,????72,"瘞渡,?瘚?,暺???02-24691248,??????
5805,?箏?撣???,,???銝剖亢?楝3畾?0撌?5??121.4845,25.1396,獢???,獢??酉擐?,30,"瘞渡,?",瞏?瘜?02-28941208#108,??????
5806,?啣?撣??,?????楝15??121.4013,25.1399,?恍??葉,???憛?????,2360,"瘞渡,?,?瘚?瘚瑕",????26102016101,??????
5807,?粹?撣?璅?,?啗正???粹?撣?璅??啗正銵?06-1??121.7271,25.14,?啗正??瘣餃?銝剖?,?啗正??74,"瘞渡,?,?瘚?瘚瑕",?單慰??02-24223094,??????
5808,?粹?撣葉甇??,?啗????啗?銵?00??121.7885,25.1401,?急?擃葉瘣餃?銝剖?,?啗??撖?,84,"瘞渡,?,?瘚?瘚瑕",?賡???02-24692366#31,??????
5809,?粹?撣葉撅勗?,隞迤??銝剖控鈭楝105撌?44??121.735,25.1405,銝剖控擃葉?瘣餃?銝剖?,隞迤??200,"瘞渡,?,瘚瑕",??憡?02-24242802#32,??????
5810,?粹?撣葉撅勗?,隞迤??銝剖控鈭楝109撌?3??121.7387,25.1407,隞迤??瘣餃?銝剖?,隞迤??50,"瘞渡,?,瘚瑕",?喟璆?02-24251521,??????
5811,?粹?撣葉甇??,銝剔???鞊?銵?0??121.7608,25.1408,銝剔???瘣餃?銝剖?,銝剔???22,"?,?瘚?,撱迤樴?02-24628991,??????
5812,?粹?撣葉甇??,蝣抒????唳葛銵?4??璅?121.7926,25.141,蝣抒???瘣餃?銝剖?,蝣抒???60,"瘞渡,?瘚?,暺?撘?02-24692155,??????
5813,?粹?撣葉撅勗?,镼踹熒??敺抵?頝?4??121.727,25.1416,镼踹熒??瘣餃?銝剖?,镼踹熒??30,"瘞渡,?,?瘚?瘚瑕",撘萇匱敹?02-24227490,??????
5814,?粹?撣葉撅勗?,銝剖???銝剖像銵?5??121.7225,25.1418,銝剖???瘣餃?銝剖?,銝剖???70,"瘞渡,?,瘚瑕",?單閮?02-24281890,??????
5815,?箏?撣???,,????絲頝?55??121.5093,25.142,蝢拇??,????120,"瘞渡,?",擳??28917433#131,??????
5816,?粹?撣葉甇??,甇????銝剜迤頝?11??121.7604,25.142,甇????瘣餃?銝剖?,???迤??,60,"?,?瘚?,靽???02-24620698,??????
5817,?粹?撣葉甇??,???蟡亥?銵?6??璅?121.7639,25.142,???瘣餃?銝剖?,???58,"瘞渡,?,?瘚?,蝪⊥???02-24626870,??????
5818,?粹?撣葉撅勗?,?交????交?銵???121.7376,25.1423,?交???瘣餃?銝剖?,?交???50,"瘞渡,?,瘚瑕",???02-24220926,??????
5819,?粹?撣葉撅勗?,?像??銝剖控銝楝103撌?2銋???121.7444,25.1427,?像??瘣餃?銝剖?,?像??20,"瘞渡,?,瘚瑕",撘萄?憒?02-24246436,??????
5820,?粹?撣?璅?,銝剖????粹?撣?璅??粹?鈭楝銝毽銝?,121.7023,25.143,銝剖???瘣餃?銝剖?,銝剖??郎撏??撏?,131,"瘞渡,?,?瘚?瘚瑕",????02-24310558,??????
5821,?粹?撣葉甇??,?急????急?銵?7??121.7967,25.1432,?急???瘣餃?銝剖?,?急??瞏剝?,41,"瘞渡,?瘚?,????02-24691302,??????
5822,?箏?撣???,,???敺抵??楝70??121.5018,25.1437,敺抵?擃葉,憭批扈??300,"瘞渡,?",頞???02-28914131,??????
5823,?粹?撣葉撅勗?,撅?????銵?62??121.7341,25.1438,撅???瘣餃?銝剖?,撅???55,"瘞渡,?,瘚瑕",?剜???02-24222301,??????
5824,?粹?撣葉甇??,?瑟蔬???祐頝?69撌?121.803422,25.144127,?急?摮靽???瑟蔬?????摮??鞊??撖?,500,"?,?瘚?,暺暾餃???02-24696000 ext.1014,??????
5825,?粹?撣葉撅勗?,????敺拇頝?0??121.7393,25.1455,????瘣餃?銝剖?,????90,"瘞渡,?,瘚瑕",敺???02-24282050,??????
5826,?粹?撣葉撅勗?,撅?????銵?8??121.735939,25.14597,銝剖控??,撅???86,"瘞渡,?,?瘚?瘚瑕",????02-24223053,??????
5827,?啣?撣楚瘞游?,?怠??蝡寞?頝?5??121.4617,25.146,蝡孵?擃葉,?怠?姘????????甈???敺琿?,612,"?瘚?瘚瑕",?喲???02-28091557#131,??????
5828,?粹?撣葉甇??,撱箏???蟡亥?銵?67??璅?121.7696,25.146,撱箏???瘣餃?銝剖?,撱箏???54,"瘞渡,?,?瘚?瘚瑕",??靽?02-24620798,??????
5829,?粹?撣葉撅勗?,銝剖???銝剖?頝?4??121.7204,25.1462,銝剖???,銝剖???50,"瘞渡,?,?瘚?瘚瑕",璆?甇?02-24371751,??????
5830,?粹?撣葉撅勗?,敺瑕???敺抵?頝?06??121.7268,25.1464,敺瑕???瘣餃?銝剖?,敺瑕???50,"瘞渡,?,?瘚?瘚瑕",?曇???02-24373167,??????
5831,?啣?撣??,蝐喳?,樴掖頝?畾?29撌???121.4454,25.1468,蝐喳?撠?蝐喳?,688,"瘞渡,?,?瘚?瘚瑕",???脫??26182202201,??????
5832,?粹?撣葉撅勗?,隞???隞?銵?41??121.747111,25.147188,隞???,隞???76,?,?喳遣摰?02-24223031,??????
5833,?啣?撣楚瘞游?,?怠??銝剜迤?梯楝2畾?45??121.4602,25.1475,蝡孵???,?怠?姘????????甈?,580,"瘞渡,?,?瘚?瘚瑕",暺?鈭?02-28091475#215,??????
5834,?粹?撣葉撅勗?,隞???憭芰銵?銋???121.7464,25.1477,隞???瘣餃?銝剖?,隞???60,"瘞渡,?,瘚瑕",雿???02-24264626,??????
5835,?粹?撣葉撅勗?,????銝剛頝?2??121.7382,25.1479,?????暑?葉敹?????60,"瘞渡,?,?瘚?瘚瑕",?窄?,02-24238842,??????
5836,?粹?撣葉甇??,瘚瑟膨??蟡亥?銵?46??121.7715,25.148,?粹?瘚瑚?瘣餃?銝剖?,瘚瑟膨??148,"?瘚?瘚瑕",蝮賢?銝颱遙璆?撅?02-24621602,??????
5837,?粹?撣葉撅勗?,????銝剛頝?6撌???121.7382,25.1483,????瘣餃?銝剖?,????60,"瘞渡,?,?瘚?瘚瑕",?窄?,02-24238842,??????
5838,?粹?撣葉甇??,銝剜膨??甇行?銵?0撌?3??121.7642,25.1485,銝剜膨??瘣餃?銝剖?,銝剜膨??40,"瘞渡,?,?瘚?瘚瑕",暺蝢?02-24620181,??????
5839,?啣?撣??,????銝剖控頝?畾?51??璅?121.4029,25.1487,??瘣餃?銝剖?,????憛????⊿??????蝵?,50,"瘞渡,?,?瘚?,?剝陶??02-86303264,??????
5840,?箏?撣???,,?箏?撣????望?頝?4??121.5243,25.1492,瘜???,瘜????圈?,30,"瘞渡,?",????28951258#141,??????
5841,?啣?撣??,????銝剖控頝臭?畾?38??121.403,25.1495,?恍???,????憛????⊿?,1243,"瘞渡,?,?瘚?,?∪???2.61E+11,??????
5842,?粹?撣葉甇??,銝剜迤??銝剜迤頝?56撌?46??121.7672,25.1495,銝剜迤??瘣餃?銝剖?,銝剜迤??60,"?,?瘚?瘚瑕",璇樴?02-24621889,??????
5843,?粹?撣葉撅勗?,敺瑕???敺抵?頝?59撌?銋???121.7264,25.1499,敺瑕???瘣餃?銝剖?,敺瑕???45,"瘞渡,?,瘚瑕",雓???02-24374723,??????
5844,?箏?撣???,,?箏?撣???皝?頝?1??121.5355,25.15,皝控??,皝控?偶??,20,"瘞渡,?",?喟???28610148#130,??????
5845,?粹?撣葉甇??,瘚瑟膨???祐頝???121.776731,25.150069,???箇瘚瑟?憭批飛,瘚瑟膨??629,?,?單擐?02-24622192#1143,??????
5846,?粹?撣葉撅勗?,???銝剖?頝?68撌?0撘?7??121.7153,25.151,憭扳瘣餃?銝剖?,???120,"瘞渡,?,?瘚?瘚瑕",???02-24377878,??????
5847,?粹?撣葉甇??,甇?膨??銝剜迤頝?74??璅?121.7678,25.1515,銝剜迤??祆?,甇?膨?絲瞈?25,"瘞渡,?,?瘚?瘚瑕",??皜?02-24633341#101,??????
5848,?粹?撣葉撅勗?,憭芰???頝???璅?121.743,25.1518,憭芰??瘣餃?銝剖?,憭芰??40,"瘞渡,?,瘚瑕",?唾眼??02-24264512,??????
5849,?粹?撣葉撅勗?,??????頝?68??璅?121.7295,25.1526,?粹?撣葉撅勗??祆?,????50,"瘞渡,?,?瘚?瘚瑕",?剝瞈?02-24232181#101,??????
5850,?粹?撣葉撅勗?,??????頝?61撌?4銋???121.7317,25.1535,????瘣餃?銝剖?,????60,"瘞渡,?,瘚瑕",璇?瘛?,02-24239180,??????
5851,?粹?撣葉撅勗?,??????頝?62??121.7307,25.1542,銝剖控擃葉瘣餃?銝剖?,????160,"瘞渡,?,?瘚?瘚瑕",?剖?敹?02-24248191,??????
5852,?粹?撣葉甇??,蝷曉祚????頝?55撌?4??121.7643,25.1546,?像撜嗉??瘞暑?葉敹?蝷曉祚???脤?,55,"瘞渡,?,?瘚?,??蝧?02-24628668,??????
5853,?箏?撣???,,???敺抵?銝楝312??121.5043,25.1547,憭批扈??,憭批扈??20,"瘞渡,?",暺???02-28914353#13,??????
5854,?粹?撣葉甇??,撟喳祚????頝?86??121.7638,25.1551,撟喳祚??瘣餃?銝剖?,撟喳祚???脤?,21,"瘞渡,?,?瘚?,?⊥?鞎?02-24631305,??????
5855,?粹?撣葉甇??,蝷曉祚????頝?4撌?6??121.766067,25.15565,?像??瘣餃?銝剖?,蝷曉祚???脤?,100,"瘞渡,?,?瘚?瘚瑕",??瑕ㄚ??02-24622106,??????
5856,?粹?撣?璅?,?批祚???粹?撣?璅?甇西?銵???121.6965,25.1569,?批祚??瘣餃?銝剖?,?批祚??127,"瘞渡,?,?瘚?瘚瑕",?喟???02-24327738,??????
5857,?粹?撣葉撅勗?,??????頝?50??121.7345,25.1573,????瘣餃?銝剖?,????50,"瘞渡,?,?瘚?,撘萎葉靽?02-24276688,??????
5858,?啣?撣楚瘞游?,?芷???撠??8??121.4839,25.1583,?芷???,?芷??邦??,395,"瘞渡,?,?瘚?,?喲?鞎?02-86263105#12,??????
5859,?啣?撣??,憭批???銝剖控頝?畾?1??121.4221,25.1589,憭批??犖瘣餃?銝剖?,憭批???剝???蝵?,100,"瘞渡,?,?瘚?,????26102621#231,??????
5860,?啣?撣??,蝐喳?,皜∟?剛?11撌???121.4344,25.1589,皜∟?剖?瘞暑?葉敹?蝐喳???皞?,50,"瘞渡,?,?瘚?,?喳?撱?02-86301527,??????
5861,?啣?撣??,憭批???銝剖控頝?畾?5??121.4152,25.1591,憭批??瘞暑?葉敹?憭批???剝???蝵?,70,"瘞渡,?,?瘚?,暺???02-86305857,??????
5862,?啣?撣??,撏???撏???唾楝59??121.6486,25.1599,撏??,???漯摨??喳?銝剖?4??251,"?,?瘚?瘚瑕",?暹∠?,02-24922064#332,??????
5863,?啣?撣??,憭批???敹銵???121.4194,25.1603,憭批???,憭批???剝???蝵?,1193,"瘞渡,?,?瘚?瘚瑕",暺振璆?86305678,??????
5864,?啣?撣??,撏???撏???唾楝55-1??121.6497,25.1605,撏瘣餃?銝剖?,???漯摨??喳?銝剖???,30,"?,?瘚?瘚瑕",?暹∠?,02-24922064#332,??????
5865,?啣?撣楚瘞游?,蝡輯???銝剜迤?梯楝銝畾?撌???121.451437,25.163513,蝡輯?瘣餃?銝剖?,?怠????姪??,193,"瘞渡,?,?瘚?瘚瑕",????02-26221020,??????
5866,?啣?撣楚瘞游?,璅寡?????撖?-6??121.48835,25.163997,?撖?璅寡???150,"瘞渡,?,?瘚?瘚瑕",??撣怎,02-86260140,??????
5867,?啣?撣??,?????祇?????之?芾楝19??121.6364,25.1642,憭批??,?祇????箝??潦??喋漯摨?????240,"?,?瘚?瘚瑕",?暹∠?,02-24922064#332,??????
5868,?啣?撣楚瘞游?,璅寡?????撖?銋???121.492159,25.165487,??摰?璅寡???50,"瘞渡,?,?瘚?瘚瑕",瘣芣???02-26221020,??????
5869,?箏?撣???,,???蝡孵?皝楝17-2??121.5387,25.1684,皝??,皝??20,"瘞渡,?",撘菜迤摰?28616963#10,??????
5870,?啣?撣楚瘞游?,璅寡???璅寞???4-2??121.476943,25.168467,璅寡??暑?葉敹?璅寡???30,"瘞渡,?,?瘚?瘚瑕",閮梁???02-26232496,??????
5871,?啣?撣楚瘞游?,璅寡???蝟?皝?-5??121.482713,25.171075,?琿??恍,璅寡???100,"瘞渡,?,?瘚?瘚瑕",?喟憓?02-262221020#7508,??????
5872,?啣?撣楚瘞游?,?瑕???銝剖控頝?2撌?撘?0??121.4432,25.1711,?瑕?瘣餃?銝剖?,璅寡??姪????祇??葉???摨????????梢??偶????摰??兢蝳??飛摨?,74,"瘞渡,?,?瘚?,????02-26221020#7710,??????
5873,?啣?撣楚瘞游?,摮詨???摮詨?頝?9??121.4493,25.1713,?批??,蝡輯???祇??飛摨??兢蝳??葉???摨??邦??,1066,"瘞渡,?,?瘚?瘚瑕",?喳遣銝?02-26297121#150,??????
5874,?啣?撣楚瘞游?,銝剛???瘞湔?銵?畾?9??121.4432,25.1723,銝剛?瘣餃?銝剖?,銝剛??兢蝳???祇??????摨????????梢??偶????摰??兢蝳?,57,"瘞渡,?,?瘚?,????02-26221020#7710,??????
5875,?啣?撣楚瘞游?,????銝剖控頝?60??121.4414,25.1734,瘛⊥偌??,???偶?????梢?????????蝢拚?,665,"瘞渡,?,?瘚?瘚瑕",閮梁雁??02-26212755,??????
5876,?啣?撣楚瘞游?,??????銵???121.4374,25.174,????,???????摰?,436,"瘞渡,?,?瘚?,摰???02-26212031#851,??????
5877,?啣?撣楚瘞游?,??????銵?0??121.4367,25.1747,瘛⊥偌?葉,???硃頠??瘞????,1608,"?,?瘚?瘚瑕",?剜???02-26212758#23,??????
5878,?啣?撣??,?祇????祇???楝18??121.689132,25.176187,?祇???,???漯摨??喋葉撟???箏6??897,"瘞渡,?,?瘚?,?暹∠?,02-24922064#332,??????
5879,?啣?撣??,?祇????頝?4??121.694414,25.177791,?祇??葉,?祇????箝??葉撟4??475,"瘞渡,?,?瘚?瘚瑕",?暹∠?,02-24922064#332,??????
5880,?啣?撣??,,?祇???楝123??璅?121.6854,25.1778,?祇??銵憭扳?,?祇????箝??澆???4??214,"瘞渡,?,?瘚?瘚瑕",璆??02-24922064332,??????
5881,?啣?撣??,?祇????芷?頝?5??121.685353,25.177827,銝剛?平瘚瑚??瑟平摮豢,?祇????箝葉撟???125,"?,?瘚?瘚瑕",?暹∠?,02-24922064#332,??????
5882,?啣?撣??,?祇???銝剛????葛???畾?69-20?啗?,121.691926,25.177832,?頝舐????祇???225,"瘞渡,?,?瘚?,?暹∠?,02-24922064#332,??????
5883,?啣?撣楚瘞游?,瘞渡???銝剖控?楝158??121.4442,25.178,瘞渡?瘣餃?銝剖?,瘞渡??迤敺琿????圈????,102,"瘞渡,?,?瘚?,????02-26221020#7710,??????
5884,?啣?撣??,?祇????祇???楝123??璅?121.689623,25.178167,?祇??銵憭扳?,?祇????箝??潦???葉撟???214,"瘞渡,?,?瘚?,?暹∠?,02-24922064#332,??????
5885,?啣?撣楚瘞游?,?啁儔??憭抒儔銵?8??121.443054,25.178396,?啗?瘣餃?銝剖?,?啁儔?瘞???仿??迤敺琿????圈??偌蝣????,446,"瘞渡,?,?瘚?,????02-26221020#7710,??????
5886,?啣?撣楚瘞游?,????頝?09??121.4476,25.179,甇?噸?葉,甇?噸???圈??????偌蝣?????,2005,"?,?瘚?瘚瑕",撘菜???02-26205136#142,??????
5887,?啣?撣楚瘞游?,?啗????啗?銵?23??121.44,25.1797,?啗???,?啗??蝢拚???仿??瘞???撏?????,663,"?,?瘚?瘚瑕",撘萇???02-26203646#198,??????
5888,?啣?撣楚瘞游?,瘝寡???瘛⊥絲頝?2撌?6??121.4243,25.1816,憭拍???,瘝??硃頠??之摨?,798,"?,?瘚?瘚瑕",?曄頛?02-28052695#23,??????
5889,?啣?撣楚瘞游?,憭批???瘛⊥絲頝?11??121.422969,25.181789,瘛⊥絲瘣餃?銝剖?,瘝??硃頠??之摨?,148,"瘞渡,?,?瘚?瘚瑕",????02-26221020#7710,??????
5890,?啣?撣??,樴???頝?-2??121.680262,25.183902,?桀?摰?樴??撏?175,"瘞渡,?,?瘚?瘚瑕",?暹∠?,02-24922064#332,??????
5891,?啣?撣楚瘞游?,瘞湔????頝臭?畾?5??121.4765,25.1858,瘞湔???,瘞湔???撖桅?,614,"瘞渡,?瘚?瘚瑕",暺遣??02-26211347#12,??????
5892,?啣?撣楚瘞游?,瘞湔????頝臭?畾?5??璅?121.476527,25.185817,瘞湔??暑?葉敹?瘞湔???85,"瘞渡,?,?瘚?瘚瑕",敺旨璅?02-26213059,??????
5893,?啣?撣楚瘞游?,????銝剖控?楝鈭挾200??121.44451,25.186023,?啣???,???撜園???????仿?,1490,"瘞渡,?,?瘚?,擃???02-2626-2141#831,??????
5894,?啣?撣楚瘞游?,?文雀???極頝?07??121.454,25.1868,瘛⊥偌?極,?文雀??撖桅??偌皞?????,1264,"瘞渡,?,?瘚?瘚瑕",?喃???02-26203930#205,??????
5895,?啣?撣??,樴???頝?5??121.678967,25.191878,?箇??車?,樴????200,"瘞渡,?,?瘚?瘚瑕",?暹∠?,02-24922064#332,??????
5896,?啣?撣楚瘞游?,?文雀???文雀??4??121.4449,25.197,?脰??,?文雀?儔撅梢???隞???撅梢?,261,"瘞渡,?,?瘚?瘚瑕",?喳遣??02-26214390#102,??????
5897,?啣?撣??,樴??樴???啗楝61??121.6841,25.1978,隞?銋振,??ㄩ瞏准之曀研?????269,"?,?瘚?瘚瑕",?暹∠?,02-24922064#332,??????
5898,?啣?撣楚瘞游?,敹控??銵?頝?99??121.48,25.2011,敹控??,敹控??撖桅???舫??儔撅梢??偌皞?,213,"瘞渡,?瘚?瘚瑕",蝧瘛?02-26216139#12,??????
5899,?啣?撣??,蝤箸蔬???⊥蔬頝?121.646291,25.202226,蝤箸蔬蝷曉?閬芣偌?砍?,憭折筋?ㄩ瞏剝?2??225,"瘞渡,?,?瘚?瘚瑕",?暹∠?,02-24922064#332,??????
5900,?啣?撣??,?????葛?梯楝1-5??121.6861,25.2029,?瘣餃?銝剖?,??ㄩ瞏剖?憭折筋3??216,"瘞渡,?,?瘚?,?暹∠?,02-24922064#332,??????
5901,?啣?撣???,????啣?摮???121.501531,25.203711,?啣?撣??????撠飛,???摮?,408,"瘞渡,?,?瘚?,?喟?璅?26371366-205,??????
5902,?啣?撣??,???皜舀頝?67??121.689442,25.205606,???,憭折筋???喋??澆3??658,"瘞渡,?,?瘚?,?暹∠?,02-24922064#332,??????
5903,?啣?撣??,憭折筋???祇???14??121.650866,25.208821,憭折筋??,憭折筋???喋??潦ㄩ瞏剖4??1306,"瘞渡,?,?瘚?,?暹∠?,02-24922064#332,??????
5904,?啣?撣??,憭折筋???冗頝?8??6,121.655728,25.210529,?祚瘣餃?銝剖?,憭折筋?ㄩ瞏剝?,69,"瘞渡,?,?瘚?,?暹∠?,02-24922064#332,??????
5905,?啣?撣?撅勗?,鈭?????頝?121.631809,25.213216,?祇尹撏???典?,500,,????24985966頧?73,??????
5906,?啣?撣楚瘞游?,??????頝?01撌?0??121.4511,25.2175,????,???儔撅梢??郭摮??扈撅梢???舫??葉??,450,"瘞渡,?,?瘚?,?單???02-2621378#33,??????
5907,?啣?撣?撅勗?,?????剛?38-3??121.602476,25.218034,?控?予摰??典?,75,瘚瑕,????2408-0664,??????
5908,?啣?撣?撅勗?,?????控?????⊥???8??121.6029,25.2189,銝???,?典?,156,"瘞渡,?瘚?瘚瑕",????02-24985965頧?88,??????
5909,?啣?撣?撅勗?,鈭????控?鈭?????3??121.6283,25.221,?控???隡?撱?,?典?,702,"瘞渡,?,?瘚?瘚瑕",????02-24985965#173,??????
5910,?啣?撣???,?控???典?撖?2??121.5295,25.221698,?啣?撣????控?暑?葉敹??控??24,"瘞渡,?,?瘚?,瘙?璅?02-26362111-293,??????
5911,?啣?撣?撅勗?,蝢???控?蝢??摮?頝?11??121.6327,25.2217,????,?典?,892,"瘞渡,?,?瘚?瘚瑕",????24986503,??????
5912,?啣?撣?撅勗?,憭批????控?憭批??澈瘜楝2撌?0??121.6408,25.2217,銝剖控??璅旨???典?,501,"瘞渡,?,?瘚?瘚瑕",????02-24985965,??????
5913,?啣?撣?撅勗?,憭批????控?憭批?????銵?80??121.6367,25.2237,?控??,?典?,503,"瘞渡,?,?瘚?,????02-24985966,??????
5914,?啣?撣楚瘞游?,銝剖???銝剖????Ｗ?5??121.4847,25.2241,銝剜陸??,銝剖????舫??扈撅梢??郭摮?,915,"瘞渡,?瘚?瘚瑕",??摰?02-28012033#113,??????
5915,?啣?撣?撅勗?,蝢???控?蝢???楝2??121.6372,25.2246,?控擃葉,?典?,520,"瘞渡,?,?瘚?,????02-24985966頧?88,??????
5916,?啣?撣?撅勗?,蝤箸葛???控?蝤箸葛??撟渲楝1??121.6411,25.2259,?控?僑瘣餃?銝剖?,?典?,23369,"瘞渡,?,?瘚?瘚瑕",????02-24985965,??????
5917,?啣?撣?撅勗?,?剛??銝?憯楝101-1??121.620711,25.230093,?凋?蝷曉?瘣餃?銝剖?,?典?,45,"瘞渡,?,瘚瑕",????02-24985966頧?88,??????
5918,?啣?撣?撅勗?,蝤箸葛??皞急?頝?121.649304,25.231103,?控??撅勗???典?,500,,????02-24985966,??????
5919,?啣?撣?撅勗?,銝???銝?憯楝72??121.619908,25.231106,?噸摰??典?,187,瘚瑕,????02-24985966,??????
5920,?啣?撣???,?怨郭???恍?漯41??121.513105,25.237065,?啣?撣????怨郭?暑?葉敹??怨郭??45,"瘞渡,?,?瘚?,雿???02-26362111-299,??????
5921,?啣?撣楚瘞游?,銝剖???瘛⊿?頝臭?畾?11??121.4564,25.2373,撅臬控??,撅臬控?郭摮???隞??葉??,251,"瘞渡,?,?瘚?,??瞍?02-28012591#810,??????
5922,?啣?撣?撅勗?,?砍ˊ???控??砍ˊ?絲?楝49??121.6306,25.2398,銝剛???,?典?,249,"瘞渡,?,?瘚?瘚瑕",????02-24985965頧?88,??????
5923,?啣?撣?撅勗?,?砍ˊ??瘚瑁?頝?9??1,121.631354,25.2405,?砍ˊ瘣餃?銝剖?,?典?,73,?瘚?????02-24985966頧?88,??????
5924,?啣?撣??,銋曇??4?啣?輸?蝤???121.592343,25.254077,憒?撖?銋曇??62,"瘞渡,?,?瘚?瘚瑕",?楊??02-2638-3591,??????
5925,?啣?撣???,????啣??銝??瘞?銵?1??121.5036,25.2564,?啣?撣????祆?撣,???敺琿????剝??鞈ａ???輸??????摨??摨??帖撅梢???撅梢???摮????舫?,90,"瘞渡,?,?瘚?瘚瑕",撘萇???02-26362111,??????
5926,?啣?撣???,????啣??銝??銝剖控頝臭?畾?2??121.5011,25.2578,銝???祆?,??鞈ａ???輸??????摨??摨????芷????琿??帖撅梢???敺琿???撅梢???摮????舫?,60,"瘞渡,?,?瘚?瘚瑕",瘙???02-26362111251,??????
5927,?啣?撣???,????啣??銝???脰銵?2??121.5016,25.2579,?啣?撣???銝???撠飛,????剝??摨????????芷?,956,"瘞渡,?,?瘚?瘚瑕",?單?樴蜓隞餅???蝯,26362005,??????
5928,?啣?撣???,????啣??銝??銝剖控頝臭?畾???121.5011,25.2585,銝?颲脫?,?啣???63,"瘞渡,?,?瘚?瘚瑕",?單楝?⊿?剝?蜇撟嫣?,26363111,??????
5929,?啣?撣???,璈怠控??憭批?86??121.529765,25.258894,?啣?撣???璈怠控??撠飛,璈怠控??319,,?喳???02-26362473-13,??????
5930,?啣?撣???,????啣??銝??瘛⊿?頝臭?畾?8??121.5028,25.26,?啣?撣?銝???銝剖飛,?文???輸????琿???敺琿?,1182,"瘞渡,?,?瘚?瘚瑕",敶???琿瘞賊?銝颱遙,26362004-19,??????
5931,?啣?撣??,?????喲????蝷曉?74??121.5923,25.2693,銋曇??蝳桀?,銋曇??671,"瘞渡,?,?瘚?瘚瑕",??撟?02-26381269,??????
5932,?啣?撣??,??????蝷曉?1-1??121.591831,25.27188,???暑?葉敹?"????銋曇??,110,"瘞渡,?,?瘚?瘚瑕",?曉???2638-1721#301,??????
5933,?啣?撣??,?????????33??1,121.606719,25.28074,???暑?葉敹??????璇?78,"瘞渡,?,?瘚?,?曉???2638-1721#301,??????
5934,?啣?撣??,敺瑁???敺瑁????∪? 33-6??121.519157,25.283263,?絲撗賊◢?舐恣??敺瑁??暑?葉敹?敺瑁???25,"瘞渡,?瘚?,?曉?憪?8635-5100#2137,??????
5935,?啣?撣??,?????喲??????頝?0??121.545,25.2889,?????恕,????霅西?:撱縑隞?920391857,426,"?,?瘚?,撘菟?靽?02-26381721605,??????
5936,?啣?撣??,撖??撖????7-6??121.540628,25.289023,撖?暑?葉敹?撖??69,"瘞渡,?,?瘚?瘚瑕",????2638-1721#301,??????
5937,?啣?撣??,????????頝?3??璅?121.545195,25.289433,???暑?葉敹??????璇?54,"瘞渡,?瘚?,?曉???2638-1721#301,??????
5938,?啣?撣??,撅望漯??撅望漯?援撅?-5??121.55172,25.290889,撅望漯?暑?葉敹?撅望漯??275,?瘚?????2638-1721#301,??????
5939,?啣?撣??,?喲????喲?銵???121.565885,25.291194,?喲??暑?葉敹??喲???52,?瘚??曉???2638-1721#301,??????
5940,?啣?撣??,?喲????喲???喲??葉憭株楝1-9??121.5645,25.2912,?喲??擃擗??喲???325,"瘞渡,?,?瘚?,?勗振??02-2638-1273頧?34,??????
5941,?啣?撣??,撠嘀???喲??撠嘀?葉撅梯楝66??121.5679,25.2912,?喲???祆?,撠嘀??312,"瘞渡,?,?瘚?,蝺湔??02-26381721702,??????
5942,?啣?撣??,?喲????喲??撠嘀?葉憭株楝1--9??121.5646,25.2913,?喲???銝剖飛,撠嘀????435,?瘚??勗振??2638-1273頧?34,??????
5943,?啣?撣??,撠嘀??銝剖亢頝???121.56704,25.291855,?喲???,撠嘀????695,"瘞渡,?,?瘚?,暺??喃蜓隞?963061365,??????
5944,?啣?撣??,撠嘀??撠嘀?葉憭株楝9銋???璅?121.566842,25.292022,撠嘀?暑?葉敹?撠嘀??25,?瘚?????2638-1721#301,??????
5945,?儔蝮?姘撏?,蝢拐???蝢拐????啣??4-1??120.5472,25.5234,蝢拐?蝷曉?瘣餃?銝剖?,蝢拐???30,?瘚?蝧???05-2110551,??????
5946,摰蝮??皞芷?,?剔???銝剖控頝臭?畾???117.8236,25.7717,蝷漯??鈭?,?剔???38,"瘞渡,?,?瘚?瘚瑕",???03-9881311-112,??????
5947,???蝮??蝡輸?,隞???95??119.9311,26.1409,隞????恕,隞???0,"瘞渡,?,?瘚?,?寞迤??912547147,??????
5948,???蝮??蝡輸?,,100??119.9428,26.1525,擐祉?蝬?蝳??,皜偌??0,"瘞渡,?,?瘚?,瘙?摰?933935062,??????
5949,???蝮??蝡輸?,隞ˊ??374??119.9551,26.1541,??擐祉?擃葉,隞ˊ??0,"瘞渡,?,?瘚?瘚瑕",鞈游敶?988071001,??????
5950,???蝮??蝡輸?,隞ˊ??374-2??119.9533,26.155,???蝮???脤尹,隞ˊ??0,"瘞渡,?,?瘚?瘚瑕",?遣??921932002,??????
5951,???蝮??蝡輸?,隞ˊ??156??119.9575,26.1551,?犖瘣餃?銝剖?,隞ˊ??0,"瘞渡,?,?瘚?,???920121824,??????
5952,???蝮??蝡輸?,擐祉???4??119.9254,26.1591,銝剜迤?葉撠飛?恕,擐祉???0,"瘞渡,?,?瘚?瘚瑕",?單璇?928812999,??????
5953,???蝮??蝡輸?,隞ˊ??13??119.9551,26.1601,隞ˊ?葉撠飛?恕,隞ˊ??0,"瘞渡,?,?瘚?瘚瑕",?喟?甇?919919621,??????
5954,???蝮??蝡輸?,蝳???皜臬,119.9494,26.1605,蝳??憭扳?,蝳???0,"瘞渡,?,?瘚?,???937505830,??????
5955,???蝮??蝡輸?,?賣???72??119.969141,26.205717,皜臬?憭扳?,?賣???100,,?單??937505820,??????
5956,???蝮??蝡輸?,,59??119.974369,26.215342,???撠????,0,,?╡??937077397,??????
5957,???蝮??蝡輸?,憛???55??119.997023,26.223545,憛???,憛???0,,?喳?敺?937770312,??????
5958,???蝮??蝡輸?,????22??120.007001,26.223712,璆?思蝙撱?????0,,?喲暻?321930208,??????
5959,???蝮??蝡輸?,?孵???84??119.980487,26.224023,銝剖控?葉,?孵???0,,?剖遣蝳?919919713,??????
5960,???蝮??蝡輸?,憛???260-1??119.997413,26.225534,?犖瘣餃?銝剖?,憛???0,,?喳?撋?919133461,??????
5961,???蝮??蝡輸?,憛????姪??撗?,119.996627,26.227096,憛郁蝢賜?擗?憛???0,,?喳???911837560,??????
5962,???蝮??蝡輸?,璈???100??119.993381,26.234607,銝?畾?璈???0,,?喳?憌?932072150,??????
5963,???蝮?撘?,璅??72-1??120.487955,26.366913,?勗??暑?葉敹?璅??0,,????933768131,??????
5964,???蝮?撘?,銝剜??94??120.488451,26.367919,?勗??葉撠?摰?銝剜??0,,?旨瘞?921932933,??????
5965,???蝮?撘?,銝剜??95??120.487894,26.368364,?勗????脤尹,銝剜??0,,????933768131,??????
5966,獢?撣撅?,?菟???2??4??121.004719,26.871407,?菟?蝷曉?瘣餃?銝剖?,?菟???50,"瘞渡,?,?瘚?瘚瑕",瘙?,4778168,??????
5967,獢?撣撅?,????2??4??121.105768,26.876735,??蝷曉?瘣餃?銝剖?,????50,"瘞渡,?,?瘚?瘚瑕",瘙?,4778168,??????
5968,獢?撣撅?,憭批??5?唬?閫?5??121.029795,26.882838,憭批蝷曉?瘣餃?銝剖?,憭批??50,"瘞渡,?,?瘚?瘚瑕",瘙?,4778168,??????
5969,獢?撣撅?,?啁???銝剖控頝?70??121.095164,26.898771,?啣??憍血匱擗??啁???,100,"瘞渡,?",?剔???03-4778168,??????
5970,獢?撣撅?,蝚冽葛??2?唳?璅嫣?10銋???121.024039,26.900275,蝚冽葛蝷曉?瘣餃?銝剖?,蝚冽葛??50,"瘞渡,?,?瘚?瘚瑕",瘙?,4778168,??????
5971,獢?撣撅?,韏斗???8?唬葉撅梯正頝?畾?80??121.064953,26.905677,韏斗?蝷曉?瘣餃?銝剖?,韏斗???50,"瘞渡,?,?瘚?瘚瑕",瘙?,4778168,??????
5972,獢?撣撅?,敺???6??銋???121.082269,26.908804,敺?蝷曉?瘣餃?銝剖?,敺???50,"瘞渡,?,?瘚?瘚瑕",瘙?,4778168,??????
5973,獢?撣撅?,銝???4??銋???121.045155,26.933159,銝?蝷曉??澆???,銝???50,"瘞渡,?,?瘚?瘚瑕",瘙?,4778168,??????
